Title,Link,Date,Source,Summary,Term,LanguageQueried
"Weather Update 27 August: आंधी-तूफान और बारिश... 27 अगस्त को 26 राज्यों में जमकर बरसेंगे बादल... जानें दिल्ली, यूपी-बिहार से लेकर बंगाल तक कैसा रहेगा मौसम? - gnttv.com",https://news.google.com/rss/articles/CBMi9AFBVV95cUxNeG80X1paODJHZEVTQUtIdE1DeUJzbkJEb3ZPRmd4ekxtVlAzc3BfSWVOWUdfd1lqMmJQZkZMckt3Ukd5QW5KaDVIc2I3UVlNS056TVFfSzZaUnB0MEh5Nmo4Nnd5QXBvcUpjR1VPSGRvZG5oSHdYXzBrWk5yV0hQTThmXzlWcmFLMUZhQXgyMU41Z2tjcF9XblBxempvUnhqajFwaG1uUnNSRGIzOWtFeE8tV1NNc29jRkdyZmVCaUh0anBKbGdsWDhBVUF5cWhjdTlhYjNVSE9zQ2NUZEdxWFJvajRoYkpZajJOUE95ajdsc3hE?oc=5,2026-08-27 07:08:28,gnttv.com,"<a href=""https://news.google.com/rss/articles/CBMi9AFBVV95cUxNeG80X1paODJHZEVTQUtIdE1DeUJzbkJEb3ZPRmd4ekxtVlAzc3BfSWVOWUdfd1lqMmJQZkZMckt3Ukd5QW5KaDVIc2I3UVlNS056TVFfSzZaUnB0MEh5Nmo4Nnd5QXBvcUpjR1VPSGRvZG5oSHdYXzBrWk5yV0hQTThmXzlWcmFLMUZhQXgyMU41Z2tjcF9XblBxempvUnhqajFwaG1uUnNSRGIzOWtFeE8tV1NNc29jRkdyZmVCaUh0anBKbGdsWDhBVUF5cWhjdTlhYjNVSE9zQ2NUZEdxWFJvajRoYkpZajJOUE95ajdsc3hE?oc=5"" target=""_blank"">Weather Update 27 August: आंधी-तूफान और बारिश... 27 अगस्त को 26 राज्यों में जमकर बरसेंगे बादल... जानें दिल्ली, यूपी-बिहार से लेकर बंगाल तक कैसा रहेगा मौसम?</a>&nbsp;&nbsp;<font color=""#6f6f6f"">gnttv.com</font>",Monsoon,hi
"यूपी RAIN ALERT: इन 11 जिलों में इस बार खूब मेहरबान है मानसून, आज भी कई जिलों में गरज-चमक संग भारी बारिश की संभावना - ETV Bharat",https://news.google.com/rss/articles/CBMiwgFBVV95cUxPX2hPS1VQU1ZzZGh2SEZwdk5JVm9IYmRiSXltRXBmSkU3NEJiX1JCV05YQ1NSNnBPclhpazR5TjZLcnkyOHR6cWpnQlp3U0pxLWhxeXFELTdaMFBzeHM4TTh2M3MyZVJ0RFI2Smg0OGFBVjN5NVJkQjRZU0dTSEIzdnRWRjN4QXVmVzBGRjAyS2R4VklkSDI2eEdTRWpRN3JWZEtNMEFRanhuMG5RckFuZVVTaWdNem1RaV91N3lyV1VSUdIBxwFBVV95cUxOUGhwVjRCU1ktZjRWZHJDM3FJZGdqb05NczJNWkFDeWdFQ2hyUDR6SUNBTFpoQU1JYzFEd01QVU84UXVfMnhCWjg4ZkVXVko0OTVkc2FOLUF1SnJpWjR5WmtFcWdUTlBEUGtzOC1DVlZZM1VBX0gwS0ttTk5MR3J6anR4dHhKVTl5WFJMOENnRXA0UXBwZW1nRlk1aDJzS0t6SER1Q1cwZHlURmxCek5jdk92T3hQWlZDQ2QzbnlwWU9RS09ZY2FZ?oc=5,2026-08-27 09:59:27,ETV Bharat,"<a href=""https://news.google.com/rss/articles/CBMiwgFBVV95cUxPX2hPS1VQU1ZzZGh2SEZwdk5JVm9IYmRiSXltRXBmSkU3NEJiX1JCV05YQ1NSNnBPclhpazR5TjZLcnkyOHR6cWpnQlp3U0pxLWhxeXFELTdaMFBzeHM4TTh2M3MyZVJ0RFI2Smg0OGFBVjN5NVJkQjRZU0dTSEIzdnRWRjN4QXVmVzBGRjAyS2R4VklkSDI2eEdTRWpRN3JWZEtNMEFRanhuMG5RckFuZVVTaWdNem1RaV91N3lyV1VSUdIBxwFBVV95cUxOUGhwVjRCU1ktZjRWZHJDM3FJZGdqb05NczJNWkFDeWdFQ2hyUDR6SUNBTFpoQU1JYzFEd01QVU84UXVfMnhCWjg4ZkVXVko0OTVkc2FOLUF1SnJpWjR5WmtFcWdUTlBEUGtzOC1DVlZZM1VBX0gwS0ttTk5MR3J6anR4dHhKVTl5WFJMOENnRXA0UXBwZW1nRlk1aDJzS0t6SER1Q1cwZHlURmxCek5jdk92T3hQWlZDQ2QzbnlwWU9RS09ZY2FZ?oc=5"" target=""_blank"">यूपी RAIN ALERT: इन 11 जिलों में इस बार खूब मेहरबान है मानसून, आज भी कई जिलों में गरज-चमक संग भारी बारिश की संभावना</a>&nbsp;&nbsp;<font color=""#6f6f6f"">ETV Bharat</font>",Monsoon,hi
"28 August Ka Mausam: पूर्वी यूपी में भारी बारिश का अलर्ट, कई जिलों में बाढ़ की चेतावनी - Jagran",https://news.google.com/rss/articles/CBMilwJBVV95cUxQMWdoQUwtdHFDVkRGeUYxQW1memhyT1pYNDBTTVBuN0dKZ3M4TDlzVW93eUNWb2NfTjc0cVZUTE56Q0VULWtMOTViTmJEcXI3YkE3cU5yMG91RktKOTBoZWQxTExmZlNsbnpVUXZwZ2dWakNOY24zX01Gc2doSmRsdzZZdDhWbnFRTTZYU1Y1RENmQ2t5Wi14d2piSTIwYi1CblBiMXNXdVNuMzRtOXYwMUFmRDJiWERTa0xqQkszaW1aLTlpUVItLWNjcWtlUjFXcWExUGhCeWt4Y2tXOXpfY2NleGE4NUd0aHlGOGEzY2h2ZUVhaXJCbE90dUJGU1QzY3NwZ0NBQXNQLUN5NjhjSHdhZ1hHWDQ?oc=5,2026-08-27 15:20:00,Jagran,"<a href=""https://news.google.com/rss/articles/CBMilwJBVV95cUxQMWdoQUwtdHFDVkRGeUYxQW1memhyT1pYNDBTTVBuN0dKZ3M4TDlzVW93eUNWb2NfTjc0cVZUTE56Q0VULWtMOTViTmJEcXI3YkE3cU5yMG91RktKOTBoZWQxTExmZlNsbnpVUXZwZ2dWakNOY24zX01Gc2doSmRsdzZZdDhWbnFRTTZYU1Y1RENmQ2t5Wi14d2piSTIwYi1CblBiMXNXdVNuMzRtOXYwMUFmRDJiWERTa0xqQkszaW1aLTlpUVItLWNjcWtlUjFXcWExUGhCeWt4Y2tXOXpfY2NleGE4NUd0aHlGOGEzY2h2ZUVhaXJCbE90dUJGU1QzY3NwZ0NBQXNQLUN5NjhjSHdhZ1hHWDQ?oc=5"" target=""_blank"">28 August Ka Mausam: पूर्वी यूपी में भारी बारिश का अलर्ट, कई जिलों में बाढ़ की चेतावनी</a>&nbsp;&nbsp;<font color=""#6f6f6f"">Jagran</font>",Monsoon,hi
"UP Weather Today: लखनऊ सहित 30 जिलों में झमाझम बारिश के बाद अब कमजोर पड़ेगा मानसून, थमेगा वर्षा का दौर - Jagran",https://news.google.com/rss/articles/CBMiugFBVV95cUxPY0hNZEZ0akFxOWMwZGI4cDJ4dWRjNFM0RWZOcnlRVHBLbGs0VWh2LUxLNlp0YnlseUpxZXJ4NkZLSGctQWVPcmtwTUNpa3poVjI0TFFqcjVKeXcwU29lSV9FOVFrUVRjZFlZMWkwN2hCd1o5bkFFb0taR3ZnQmxJUEJLaXBTN2ZPaDFlUGFFYVNwaVFfOThNVnFKY19BSkttaG1SbzR3VWlpajNRZEUzYlZrRlpEdG1QQnc?oc=5,2026-08-27 07:15:00,Jagran,"<a href=""https://news.google.com/rss/articles/CBMiugFBVV95cUxPY0hNZEZ0akFxOWMwZGI4cDJ4dWRjNFM0RWZOcnlRVHBLbGs0VWh2LUxLNlp0YnlseUpxZXJ4NkZLSGctQWVPcmtwTUNpa3poVjI0TFFqcjVKeXcwU29lSV9FOVFrUVRjZFlZMWkwN2hCd1o5bkFFb0taR3ZnQmxJUEJLaXBTN2ZPaDFlUGFFYVNwaVFfOThNVnFKY19BSkttaG1SbzR3VWlpajNRZEUzYlZrRlpEdG1QQnc?oc=5"" target=""_blank"">UP Weather Today: लखनऊ सहित 30 जिलों में झमाझम बारिश के बाद अब कमजोर पड़ेगा मानसून, थमेगा वर्षा का दौर</a>&nbsp;&nbsp;<font color=""#6f6f6f"">Jagran</font>",Monsoon,hi
"UP Weather 27 August: यूपी में आज भारी बारिश का अलर्ट, तेज हवा संग वज्रपात का भी खतरा - Hindustan",https://news.google.com/rss/articles/CBMi3AFBVV95cUxPanM5TUt1MlBvRmNGR0lVMXMydUh3SjA1THhfVG5XN053RGhWckNMTkI5TnBrUDBjV3puZndNYzJqdnczN21CSl9rc2JBd0hTWWtIYU5aX1EzcXpYRzgzLVJFN2ZicTlVWFFMR2M5YnpTUHhPRTdRTHBxSlE3T09tVEFZRGRqeXkzSGFHMWlDMXFzSzY3Y1NQdFhEUmpuR1JKSlJYZlFFQ3l3RVNlRERQMjFEcks3UWprY1ZYQkZOWFFHSjJ3R0RGUWxOeV9jeTgwckVpSlh5SENTZFZ10gHiAUFVX3lxTFBlWWdxaG5WbWtraG8tbTYySmExMU9DenBNTFg2U3ViZnBhSFZuWjc0TlowNy1uaVllbzN5M3BnRWlDT3pRX1FiRGhNemhLcUZ1Y3gxTnh0RnhoZ3lsQWpuRnlqUjNFU3VVSy1IWHU5VF84NExXX09wSlpvZU5qRDM0dFUwS3paYjlSYXZpU2xHbDJneW1nbndMZ2Z1djc3eHU1QmxidmJMaFR6bEtKSlRYbDh5MzBrSDBCYzhvNktCUGVPVjlIWGJYczFkTkk0aXpkZlVSQWVvak5BZHpSRmdRWWc?oc=5,2026-08-27 07:22:21,Hindustan,"<a href=""https://news.google.com/rss/articles/CBMi3AFBVV95cUxPanM5TUt1MlBvRmNGR0lVMXMydUh3SjA1THhfVG5XN053RGhWckNMTkI5TnBrUDBjV3puZndNYzJqdnczN21CSl9rc2JBd0hTWWtIYU5aX1EzcXpYRzgzLVJFN2ZicTlVWFFMR2M5YnpTUHhPRTdRTHBxSlE3T09tVEFZRGRqeXkzSGFHMWlDMXFzSzY3Y1NQdFhEUmpuR1JKSlJYZlFFQ3l3RVNlRERQMjFEcks3UWprY1ZYQkZOWFFHSjJ3R0RGUWxOeV9jeTgwckVpSlh5SENTZFZ10gHiAUFVX3lxTFBlWWdxaG5WbWtraG8tbTYySmExMU9DenBNTFg2U3ViZnBhSFZuWjc0TlowNy1uaVllbzN5M3BnRWlDT3pRX1FiRGhNemhLcUZ1Y3gxTnh0RnhoZ3lsQWpuRnlqUjNFU3VVSy1IWHU5VF84NExXX09wSlpvZU5qRDM0dFUwS3paYjlSYXZpU2xHbDJneW1nbndMZ2Z1djc3eHU1QmxidmJMaFR6bEtKSlRYbDh5MzBrSDBCYzhvNktCUGVPVjlIWGJYczFkTkk0aXpkZlVSQWVvak5BZHpSRmdRWWc?oc=5"" target=""_blank"">UP Weather 27 August: यूपी में आज भारी बारिश का अलर्ट, तेज हवा संग वज्रपात का भी खतरा</a>&nbsp;&nbsp;<font color=""#6f6f6f"">Hindustan</font>",Monsoon,hi
"मौसम का हाल: भारी बारिश, आंधी-तूफान और मौसम के शुष्क रहने का अनुमान, जानें अपने शहर का हाल - ETV Bharat",https://news.google.com/rss/articles/CBMixwFBVV95cUxOSWZ0b2kzNWxrUk5Ma2M3cU1xYU5yLVZ0T3JaSlNSXzBxelg3QU54cXRqVjN1bkdQSVBFZFdwWkptOEo4MUh4VEFra1JXN2VwQ3ljaEdJaXhvWW5IeF9jYjBDS3VIMElCc0t0SDJvem9zRXJBR09SMnpuMlZfQ015dThFeWx2QmxCTzBBTVY3Ym13VFA3QXVhdEM0VEJKX1lqWFNZT3JQaGpzWXRPX21ESTh5TVdOWVdIaDN5ZWtZdG15Qy1JZkdV0gHHAUFVX3lxTE5JZnRvaTM1bGtSTkxrYzdxTXFhTnItVnRPclpKU1JfMHF6WDdBTnhxdGpWM3VuR1BJUEVkV3BaSm04SjgxSHhUQWtrUlc3ZXBDeWNoR0lpeG9Zbkh4X2NiMENLdUgwSUJzS3RIMm96b3NFckFHT1Iyem4yVl9DTXl1OEV5bHZCbEJPMEFNVjdibXdUUDdBdWF0QzRUQkpfWWpYU1lPclBoanNZdE9fbURJOHlNV05ZV0hoM3lla1l0bXlDLUlmR1U?oc=5,2026-08-27 11:35:00,ETV Bharat,"<a href=""https://news.google.com/rss/articles/CBMixwFBVV95cUxOSWZ0b2kzNWxrUk5Ma2M3cU1xYU5yLVZ0T3JaSlNSXzBxelg3QU54cXRqVjN1bkdQSVBFZFdwWkptOEo4MUh4VEFra1JXN2VwQ3ljaEdJaXhvWW5IeF9jYjBDS3VIMElCc0t0SDJvem9zRXJBR09SMnpuMlZfQ015dThFeWx2QmxCTzBBTVY3Ym13VFA3QXVhdEM0VEJKX1lqWFNZT3JQaGpzWXRPX21ESTh5TVdOWVdIaDN5ZWtZdG15Qy1JZkdV0gHHAUFVX3lxTE5JZnRvaTM1bGtSTkxrYzdxTXFhTnItVnRPclpKU1JfMHF6WDdBTnhxdGpWM3VuR1BJUEVkV3BaSm04SjgxSHhUQWtrUlc3ZXBDeWNoR0lpeG9Zbkh4X2NiMENLdUgwSUJzS3RIMm96b3NFckFHT1Iyem4yVl9DTXl1OEV5bHZCbEJPMEFNVjdibXdUUDdBdWF0QzRUQkpfWWpYU1lPclBoanNZdE9fbURJOHlNV05ZV0hoM3lla1l0bXlDLUlmR1U?oc=5"" target=""_blank"">मौसम का हाल: भारी बारिश, आंधी-तूफान और मौसम के शुष्क रहने का अनुमान, जानें अपने शहर का हाल</a>&nbsp;&nbsp;<font color=""#6f6f6f"">ETV Bharat</font>",Monsoon,hi
"IMD Alert: 60KMPH की रफ्तार से आ रहा तूफान, दिल्ली से नोएडा तक छाया अंधेरा, भारी बारिश का अलर्ट - News18 Hindi",https://news.google.com/rss/articles/CBMi8gFBVV95cUxQckxVejdMVzdOM1BPekdRa3luRFFDXzBhcVVreG43Tm1OdGRrZW5rdnZ2Q25tdFk3TTJLeVlZUXFqYWo4NFVXTHFPV0J4NWVLc0E4Mng3VV9XUzRjcFZlTG4yNzJMWDZ4RVVPUkstd2JBV3FnNFBMWmFNajFlbTVnaVVCY3pxeDU4QkpGMVpUMU1uNUszbTk2d3dVR1l3U2NqbnB2VHdJSE5SRzB5d19QejZ0VTZuaEl6TUhFRERFNWlITjRNQ2Z2NjktNzlQZndUdTY0UGV3RkFWUFdtWVhUbDZpcnB0VzlXOTlNbk9YNlpLd9IB8gFBVV95cUxQckxVejdMVzdOM1BPekdRa3luRFFDXzBhcVVreG43Tm1OdGRrZW5rdnZ2Q25tdFk3TTJLeVlZUXFqYWo4NFVXTHFPV0J4NWVLc0E4Mng3VV9XUzRjcFZlTG4yNzJMWDZ4RVVPUkstd2JBV3FnNFBMWmFNajFlbTVnaVVCY3pxeDU4QkpGMVpUMU1uNUszbTk2d3dVR1l3U2NqbnB2VHdJSE5SRzB5d19QejZ0VTZuaEl6TUhFRERFNWlITjRNQ2Z2NjktNzlQZndUdTY0UGV3RkFWUFdtWVhUbDZpcnB0VzlXOTlNbk9YNlpLdw?oc=5,2026-08-27 15:35:23,News18 Hindi,"<a href=""https://news.google.com/rss/articles/CBMi8gFBVV95cUxQckxVejdMVzdOM1BPekdRa3luRFFDXzBhcVVreG43Tm1OdGRrZW5rdnZ2Q25tdFk3TTJLeVlZUXFqYWo4NFVXTHFPV0J4NWVLc0E4Mng3VV9XUzRjcFZlTG4yNzJMWDZ4RVVPUkstd2JBV3FnNFBMWmFNajFlbTVnaVVCY3pxeDU4QkpGMVpUMU1uNUszbTk2d3dVR1l3U2NqbnB2VHdJSE5SRzB5d19QejZ0VTZuaEl6TUhFRERFNWlITjRNQ2Z2NjktNzlQZndUdTY0UGV3RkFWUFdtWVhUbDZpcnB0VzlXOTlNbk9YNlpLd9IB8gFBVV95cUxQckxVejdMVzdOM1BPekdRa3luRFFDXzBhcVVreG43Tm1OdGRrZW5rdnZ2Q25tdFk3TTJLeVlZUXFqYWo4NFVXTHFPV0J4NWVLc0E4Mng3VV9XUzRjcFZlTG4yNzJMWDZ4RVVPUkstd2JBV3FnNFBMWmFNajFlbTVnaVVCY3pxeDU4QkpGMVpUMU1uNUszbTk2d3dVR1l3U2NqbnB2VHdJSE5SRzB5d19QejZ0VTZuaEl6TUhFRERFNWlITjRNQ2Z2NjktNzlQZndUdTY0UGV3RkFWUFdtWVhUbDZpcnB0VzlXOTlNbk9YNlpLdw?oc=5"" target=""_blank"">IMD Alert: 60KMPH की रफ्तार से आ रहा तूफान, दिल्ली से नोएडा तक छाया अंधेरा, भारी बारिश का अलर्ट</a>&nbsp;&nbsp;<font color=""#6f6f6f"">News18 Hindi</font>",Monsoon,hi
"देश के कई राज्यों में भारी बारिश की चेतावनी, दक्षिण में आंधी-तूफान की आशंका, जानिए मौसम का पूरा हाल - ETV Bharat",https://news.google.com/rss/articles/CBMi9AFBVV95cUxOam5GUmdjSl9uNlIxTjdGelBvWXpyVXRBTkZoeTNQY0ZsXzZpTTZmZ2NrZjBEYzFYeENyOUZyRk82TEEycUJJRDRZRWxvUzZ2bGlIMnNLODZfQ2djWXpwS2FDWEFkZXJwSk44djhxeS1GeGJiYk9LWGVzd3JjdThndzFMeVBVM05kTzJyR3A1LVA2R09VNERvcF9xZzE1TGM2ZGk4US03Vmpsc244Zm5la19XcTZ4WFNOVS1nZk9PNnc1Z0h6V0VWckVIVEI3QWxlSGhhNzd6UndZOWxmY1YyZjNqTHRlbnBGYTVCOW1XMVpxN3hC0gH6AUFVX3lxTE5RZG95MzIwZVBQWGp1RGZiR2xicnVHbWlEMTRPaUotR2xjSEhiSXdYV0JfdWNkMDBndUtqbkFvRGtEV1lPQkZVV1MtWGx2X01OcHBOOTZWVl9PbDZkOUZMcV96QXN6cmptSnZJWkVseUtBcVMyeDR0N2prZmcxUkxXYWN1OWFROUttTmduNVZpN001cU9oZUFYeTRwOThfM2VuY2lFMFlaUG5NTDVPSjNxeHYzT1ZJVWJZNWNsUkF0T05udzRYTnFKNFptaHNqbnpVWnhLbWp6dlNYVHBvYVdtUXpOQXpmZ2QzQ0V0SW1jNkgzUWRlM2hfcXc?oc=5,2026-08-27 16:07:15,ETV Bharat,"<a href=""https://news.google.com/rss/articles/CBMi9AFBVV95cUxOam5GUmdjSl9uNlIxTjdGelBvWXpyVXRBTkZoeTNQY0ZsXzZpTTZmZ2NrZjBEYzFYeENyOUZyRk82TEEycUJJRDRZRWxvUzZ2bGlIMnNLODZfQ2djWXpwS2FDWEFkZXJwSk44djhxeS1GeGJiYk9LWGVzd3JjdThndzFMeVBVM05kTzJyR3A1LVA2R09VNERvcF9xZzE1TGM2ZGk4US03Vmpsc244Zm5la19XcTZ4WFNOVS1nZk9PNnc1Z0h6V0VWckVIVEI3QWxlSGhhNzd6UndZOWxmY1YyZjNqTHRlbnBGYTVCOW1XMVpxN3hC0gH6AUFVX3lxTE5RZG95MzIwZVBQWGp1RGZiR2xicnVHbWlEMTRPaUotR2xjSEhiSXdYV0JfdWNkMDBndUtqbkFvRGtEV1lPQkZVV1MtWGx2X01OcHBOOTZWVl9PbDZkOUZMcV96QXN6cmptSnZJWkVseUtBcVMyeDR0N2prZmcxUkxXYWN1OWFROUttTmduNVZpN001cU9oZUFYeTRwOThfM2VuY2lFMFlaUG5NTDVPSjNxeHYzT1ZJVWJZNWNsUkF0T05udzRYTnFKNFptaHNqbnpVWnhLbWp6dlNYVHBvYVdtUXpOQXpmZ2QzQ0V0SW1jNkgzUWRlM2hfcXc?oc=5"" target=""_blank"">देश के कई राज्यों में भारी बारिश की चेतावनी, दक्षिण में आंधी-तूफान की आशंका, जानिए मौसम का पूरा हाल</a>&nbsp;&nbsp;<font color=""#6f6f6f"">ETV Bharat</font>",Monsoon,hi
Heavy Rain Alert: भारी बारिश के बीच मनेगा रक्षाबंधन! 28 अगस्त तक ऐसा रहेगा मौसम - Prabhat Khabar,https://news.google.com/rss/articles/CBMi0gFBVV95cUxPVlpxMlk3dkRlVTJnZHlWdEFYZXVvOXd3dTFtekJGZ3p0dTJKNjlORGplaGtuTHlaT3l1aENfbmloNG9teThzZ0ZYNGJhZWFXUnBocXNUdm9KM3hTUDU1aFJaT0REQTh4b3Eya1VVemQxQmFKcVZ2N0lKU3BPOTg1V0lmNklKMVEzQVc5dkxsVmdvRW4tM1BzOFFPTTZxTm96RU1HYXAtN193QXAtdDJiYmJ6R05VeXIyanNENUx4Qm85dTB0YkFkMkNXcmw3Q2V6N1HSAdcBQVVfeXFMUFVvemhVNVAzWHVkREdQZUtpZm9qTnRqN05rVWxyUHRkQWxTMTJjeXQ3cWluOGhNZ29RMEtCNFZqZGwyOTVmVHF4T3lTUUE3WVl4cXliLVBSSVl2V1IxdWxIRUtYeUNBNVVRcGVOaVBvcV9SdXlIdDhhMWFZWjc2Sm1kcGNITlRvalZEYzdMa21vWFJWSTZNSTFxaTRWN3V4X1I2VUV3Qy1jRHhzU2x0bVNjVXBCR0g4dFppSlVIQkNFZnBzNEdsVUtKQ3g0Mi15dUpqZ04wdkE?oc=5,2026-08-27 05:47:26,Prabhat Khabar,"<a href=""https://news.google.com/rss/articles/CBMi0gFBVV95cUxPVlpxMlk3dkRlVTJnZHlWdEFYZXVvOXd3dTFtekJGZ3p0dTJKNjlORGplaGtuTHlaT3l1aENfbmloNG9teThzZ0ZYNGJhZWFXUnBocXNUdm9KM3hTUDU1aFJaT0REQTh4b3Eya1VVemQxQmFKcVZ2N0lKU3BPOTg1V0lmNklKMVEzQVc5dkxsVmdvRW4tM1BzOFFPTTZxTm96RU1HYXAtN193QXAtdDJiYmJ6R05VeXIyanNENUx4Qm85dTB0YkFkMkNXcmw3Q2V6N1HSAdcBQVVfeXFMUFVvemhVNVAzWHVkREdQZUtpZm9qTnRqN05rVWxyUHRkQWxTMTJjeXQ3cWluOGhNZ29RMEtCNFZqZGwyOTVmVHF4T3lTUUE3WVl4cXliLVBSSVl2V1IxdWxIRUtYeUNBNVVRcGVOaVBvcV9SdXlIdDhhMWFZWjc2Sm1kcGNITlRvalZEYzdMa21vWFJWSTZNSTFxaTRWN3V4X1I2VUV3Qy1jRHhzU2x0bVNjVXBCR0g4dFppSlVIQkNFZnBzNEdsVUtKQ3g0Mi15dUpqZ04wdkE?oc=5"" target=""_blank"">Heavy Rain Alert: भारी बारिश के बीच मनेगा रक्षाबंधन! 28 अगस्त तक ऐसा रहेगा मौसम</a>&nbsp;&nbsp;<font color=""#6f6f6f"">Prabhat Khabar</font>",Monsoon,hi
"मानसून से तरबतर MP: ओरछा में 8 इंच से ज्यादा वर्षा, छतरपुर-टीकमगढ़ समेत कई जिलों में भारी बारिश की चेतावनी - Jagran",https://news.google.com/rss/articles/CBMiugFBVV95cUxPNlVZS24xU3B1SmhUbTVBNkc4MXVraVVseTk2N2lESnVJM0pJU1dDbnNsRDFfOUx4N3g2ckZuanB0OUdKSUcwLWsyQ1hwV0N5QWZLMFhSY3pHVF9YRkJJZENPNzY4ZlJhQWhKdjFnMXJtS25qaUhEZFhNY3lFcF9FOTItUTZoa0NiclJHeVg4YjhyejVRamdodXFWMHBUa3kybUl5OVZTbzZTWEJDX3FwTjF2UnJRenF3U1E?oc=5,2026-08-27 15:04:00,Jagran,"<a href=""https://news.google.com/rss/articles/CBMiugFBVV95cUxPNlVZS24xU3B1SmhUbTVBNkc4MXVraVVseTk2N2lESnVJM0pJU1dDbnNsRDFfOUx4N3g2ckZuanB0OUdKSUcwLWsyQ1hwV0N5QWZLMFhSY3pHVF9YRkJJZENPNzY4ZlJhQWhKdjFnMXJtS25qaUhEZFhNY3lFcF9FOTItUTZoa0NiclJHeVg4YjhyejVRamdodXFWMHBUa3kybUl5OVZTbzZTWEJDX3FwTjF2UnJRenF3U1E?oc=5"" target=""_blank"">मानसून से तरबतर MP: ओरछा में 8 इंच से ज्यादा वर्षा, छतरपुर-टीकमगढ़ समेत कई जिलों में भारी बारिश की चेतावनी</a>&nbsp;&nbsp;<font color=""#6f6f6f"">Jagran</font>",Monsoon,hi
"IMD Alert: दिल्ली से नोएडा तक छाया घना अंधेरा, IMD की भारी बारिश की चेतावनी, ऑफिस से संभल कर निकलें - News18 Hindi",https://news.google.com/rss/articles/CBMi5wFBVV95cUxQb2hQMjR3bTVPcUhoOHljWkRzbEQyT19KRlNOQXdmMHFNNHJMVXdWYXhmU1F1VGNGY2lDbklZZThvdi1fUzNKaERtNGVYQ21TcU5OU1lxd0NlOWpTWUM0QjYtSjJvMVNLbjdNVDk2YmZpbkpUcHl6WUxmR1F5ZlpkbHhRdDB3NVk0dVptTzlVQXlKU1AwT3pDeEppX3h6amRfeTM5UkJabmYybjV3S1JZdDd6N0I4MXExajc1V3h6ZTRmeFZ2OTNJZk05WS00RldfWWdRT3dvZ0xKZDZzMmY1WE5LZ1V6dXfSAecBQVVfeXFMUG9oUDI0d201T3FIaDh5Y1pEc2xEMk9fSkZTTkF3ZjBxTTRyTFV3VmF4ZlNRdVRjRmNpQ25JWWU4b3YtX1MzSmhEbTRlWENtU3FOTlNZcXdDZTlqU1lDNEI2LUoybzFTS243TVQ5NmJmaW5KVHB5ellMZkdReWZaZGx4UXQwdzVZNHVabU85VUF5SlNQME96Q3hKaV94empkX3kzOVJCWm5mMm41d0tSWXQ3ejdCODFxMWo3NVd4emU0ZnhWdjkzSWZNOVktNEZXX1lnUU93b2dMSmQ2czJmNVhOS2dVenV3?oc=5,2026-08-27 15:35:23,News18 Hindi,"<a href=""https://news.google.com/rss/articles/CBMi5wFBVV95cUxQb2hQMjR3bTVPcUhoOHljWkRzbEQyT19KRlNOQXdmMHFNNHJMVXdWYXhmU1F1VGNGY2lDbklZZThvdi1fUzNKaERtNGVYQ21TcU5OU1lxd0NlOWpTWUM0QjYtSjJvMVNLbjdNVDk2YmZpbkpUcHl6WUxmR1F5ZlpkbHhRdDB3NVk0dVptTzlVQXlKU1AwT3pDeEppX3h6amRfeTM5UkJabmYybjV3S1JZdDd6N0I4MXExajc1V3h6ZTRmeFZ2OTNJZk05WS00RldfWWdRT3dvZ0xKZDZzMmY1WE5LZ1V6dXfSAecBQVVfeXFMUG9oUDI0d201T3FIaDh5Y1pEc2xEMk9fSkZTTkF3ZjBxTTRyTFV3VmF4ZlNRdVRjRmNpQ25JWWU4b3YtX1MzSmhEbTRlWENtU3FOTlNZcXdDZTlqU1lDNEI2LUoybzFTS243TVQ5NmJmaW5KVHB5ellMZkdReWZaZGx4UXQwdzVZNHVabU85VUF5SlNQME96Q3hKaV94empkX3kzOVJCWm5mMm41d0tSWXQ3ejdCODFxMWo3NVd4emU0ZnhWdjkzSWZNOVktNEZXX1lnUU93b2dMSmQ2czJmNVhOS2dVenV3?oc=5"" target=""_blank"">IMD Alert: दिल्ली से नोएडा तक छाया घना अंधेरा, IMD की भारी बारिश की चेतावनी, ऑफिस से संभल कर निकलें</a>&nbsp;&nbsp;<font color=""#6f6f6f"">News18 Hindi</font>",Monsoon,hi
"कल का मौसम, 28 अगस्त: इन राज्यों में भारी बारिश की चेतावनी, 70 की स्पीड से आएगा तूफान; बिजली भी कड़केगी - Hindustan",https://news.google.com/rss/articles/CBMi8wFBVV95cUxNYXdZV1NWejl3aEtYMXBxemUwM2NjR19vYlE1OTRsTHVUdkIwc1lCVEx1WThxU05FX09DbTcwWnp2M0JwMEZ4U01heS1tTENpYVFzbEo4UnFoMFNqc2JHOVNwcXBxX0JWTld0cDQ4Zmtqamp4eG1YWjg5Y24tcmxEZXhaQTdQQUZRTVNQRGlHNDduMnlqX3RLNnVNekxMT3g3bGxXdnI5T3dHenF0RG9uTDdoWUFCMHZZV01US0ViUUJQR2U2VzU5WmpfLVl0RUFwbGJuVmxaWnZmdDRicW1Pd2htMklnYXNjR2d4b3BQdDlVRE3SAfMBQVVfeXFMTWF3WVdTVno5d2hLWDFwcXplMDNjY0dfb2JRNTk0bEx1VHZCMHNZQlRMdVk4cVNORV9PQ203MFp6djNCcDBGeFNNYXktbUxDaWFRc2xKOFJxaDBTanNiRzlTcHFwcV9CVk5XdHA0OGZrampqeHhtWFo4OWNuLXJsRGV4WkE3UEFGUU1TUERpRzQ3bjJ5al90SzZ1TXpMTE94N2xsV3ZyOU93R3pxdERvbkw3aFlBQjB2WVdNVEtFYlFCUEdlNlc1OVpqXy1ZdEVBcGxiblZsWlp2ZnQ0YnFtT3dobTJJZ2FzY0dneG9wUHQ5VURN?oc=5,2026-08-27 19:34:05,Hindustan,"<a href=""https://news.google.com/rss/articles/CBMi8wFBVV95cUxNYXdZV1NWejl3aEtYMXBxemUwM2NjR19vYlE1OTRsTHVUdkIwc1lCVEx1WThxU05FX09DbTcwWnp2M0JwMEZ4U01heS1tTENpYVFzbEo4UnFoMFNqc2JHOVNwcXBxX0JWTld0cDQ4Zmtqamp4eG1YWjg5Y24tcmxEZXhaQTdQQUZRTVNQRGlHNDduMnlqX3RLNnVNekxMT3g3bGxXdnI5T3dHenF0RG9uTDdoWUFCMHZZV01US0ViUUJQR2U2VzU5WmpfLVl0RUFwbGJuVmxaWnZmdDRicW1Pd2htMklnYXNjR2d4b3BQdDlVRE3SAfMBQVVfeXFMTWF3WVdTVno5d2hLWDFwcXplMDNjY0dfb2JRNTk0bEx1VHZCMHNZQlRMdVk4cVNORV9PQ203MFp6djNCcDBGeFNNYXktbUxDaWFRc2xKOFJxaDBTanNiRzlTcHFwcV9CVk5XdHA0OGZrampqeHhtWFo4OWNuLXJsRGV4WkE3UEFGUU1TUERpRzQ3bjJ5al90SzZ1TXpMTE94N2xsV3ZyOU93R3pxdERvbkw3aFlBQjB2WVdNVEtFYlFCUEdlNlc1OVpqXy1ZdEVBcGxiblZsWlp2ZnQ0YnFtT3dobTJJZ2FzY0dneG9wUHQ5VURN?oc=5"" target=""_blank"">कल का मौसम, 28 अगस्त: इन राज्यों में भारी बारिश की चेतावनी, 70 की स्पीड से आएगा तूफान; बिजली भी कड़केगी</a>&nbsp;&nbsp;<font color=""#6f6f6f"">Hindustan</font>",Monsoon,hi
"नेपाल में फ्लैश फ्लड को लेकर बलरामपुर प्रशासन अलर्ट: डीएम ने कहा- बाढ़ चौकियां सक्रिय, प्रशासन पूरी तरह तैयार - Dainik Bhaskar",https://news.google.com/rss/articles/CBMizwFBVV95cUxNTnA1WTRId1MzcndpQ1pMbmdIcklpRi1sck1nSjA4a3RYeDA0Nk9uTlZkU2lFY2dDZTBhMENkNl8wNjRIVWhCbmdDMWt0WEdxam1EbENMdTEydm5OblRYa0x6RFJxVFduOFNJd2Q4XzNiQUlyMGEzM0V0R2p0MTdhMzhrYWNaTjZlMVJSNUNpcExBNFg0UnB0blQtdXV4dDNGdkNKNUpJeVdEWkhMNkphZU00TkVJSmdwbDhtOEd4aS1IWThZY05uWDJDQzluU3fSAdQBQVVfeXFMT1AzNUdRdWpBX1NxMXhsQkdEVjZvV2RTM3pfRWhoTzQzWHJuYlJHbHFsWUdQSEtlYkVsMVlid0JXZDdseGVwS0U2eUt5NFltZUdkLXBnNVlpSVloYmxmYlBxNnhmVV9mbTJxWVA3WUF3amF2cXpGWWpaMDBuXzdxRV9YejU3V2JveWxpY1Z2NWpuOEJDSlBISWFqb0dnXzU2YThXa3JiNTdtSEhLUE0tVUkwUGRZeFY0ZENIZUZSeWt2Q08xZ0ZNY19IemcwcTlWbXJfOHY?oc=5,2026-08-27 14:40:16,Dainik Bhaskar,"<a href=""https://news.google.com/rss/articles/CBMizwFBVV95cUxNTnA1WTRId1MzcndpQ1pMbmdIcklpRi1sck1nSjA4a3RYeDA0Nk9uTlZkU2lFY2dDZTBhMENkNl8wNjRIVWhCbmdDMWt0WEdxam1EbENMdTEydm5OblRYa0x6RFJxVFduOFNJd2Q4XzNiQUlyMGEzM0V0R2p0MTdhMzhrYWNaTjZlMVJSNUNpcExBNFg0UnB0blQtdXV4dDNGdkNKNUpJeVdEWkhMNkphZU00TkVJSmdwbDhtOEd4aS1IWThZY05uWDJDQzluU3fSAdQBQVVfeXFMT1AzNUdRdWpBX1NxMXhsQkdEVjZvV2RTM3pfRWhoTzQzWHJuYlJHbHFsWUdQSEtlYkVsMVlid0JXZDdseGVwS0U2eUt5NFltZUdkLXBnNVlpSVloYmxmYlBxNnhmVV9mbTJxWVA3WUF3amF2cXpGWWpaMDBuXzdxRV9YejU3V2JveWxpY1Z2NWpuOEJDSlBISWFqb0dnXzU2YThXa3JiNTdtSEhLUE0tVUkwUGRZeFY0ZENIZUZSeWt2Q08xZ0ZNY19IemcwcTlWbXJfOHY?oc=5"" target=""_blank"">नेपाल में फ्लैश फ्लड को लेकर बलरामपुर प्रशासन अलर्ट: डीएम ने कहा- बाढ़ चौकियां सक्रिय, प्रशासन पूरी तरह तैयार</a>&nbsp;&nbsp;<font color=""#6f6f6f"">Dainik Bhaskar</font>",Monsoon,hi
"नेपाल में फ्लैश फ्लड से बिहार और यूपी पर बढ़ा बाढ़ का खतरा, हाई अलर्ट जारी - Uttaranchal Today",https://news.google.com/rss/articles/CBMiogFBVV95cUxPdXJ5QnNsbWtRQm5rU2lybW40dTAwaV9mV3o5SkFoZ0s1NFh6VGV1MzlCRmstajBpcTZLemRjTkkwZnNDY0VsVC1Gc1lULXNPOHFUMmpkbmlDMF9GckdQM0xxOEZCZ3BlUllrRW9aelQzT0JPRERRU0VJNmVUXzBmdkJ5T1o3dENmX1k5SlFkMXN4V05iVW9HTVc4SzdsaHRYWXfSAaIBQVVfeXFMT3VyeUJzbG1rUUJua1Npcm1uNHUwMGlfZld6OUpBaGdLNTRYelRldTM5QkZrLWowaXE2S3pkY05JMGZzQ2NFbFQtRnNZVC1zTzhxVDJqZG5pQzBfRnJHUDNMcThGQmdwZVJZa0VvWnpUM09CT0REUVNFSTZlVF8wZnZCeU9aN3RDZl9ZOUpRZDFzeFdOYlVvR01XOEs3bGh0WFl3?oc=5,2026-08-27 09:49:15,Uttaranchal Today,"<a href=""https://news.google.com/rss/articles/CBMiogFBVV95cUxPdXJ5QnNsbWtRQm5rU2lybW40dTAwaV9mV3o5SkFoZ0s1NFh6VGV1MzlCRmstajBpcTZLemRjTkkwZnNDY0VsVC1Gc1lULXNPOHFUMmpkbmlDMF9GckdQM0xxOEZCZ3BlUllrRW9aelQzT0JPRERRU0VJNmVUXzBmdkJ5T1o3dENmX1k5SlFkMXN4V05iVW9HTVc4SzdsaHRYWXfSAaIBQVVfeXFMT3VyeUJzbG1rUUJua1Npcm1uNHUwMGlfZld6OUpBaGdLNTRYelRldTM5QkZrLWowaXE2S3pkY05JMGZzQ2NFbFQtRnNZVC1zTzhxVDJqZG5pQzBfRnJHUDNMcThGQmdwZVJZa0VvWnpUM09CT0REUVNFSTZlVF8wZnZCeU9aN3RDZl9ZOUpRZDFzeFdOYlVvR01XOEs3bGh0WFl3?oc=5"" target=""_blank"">नेपाल में फ्लैश फ्लड से बिहार और यूपी पर बढ़ा बाढ़ का खतरा, हाई अलर्ट जारी</a>&nbsp;&nbsp;<font color=""#6f6f6f"">Uttaranchal Today</font>",Monsoon,hi
"28 August Ka Mausam: पूर्वी यूपी में भारी बारिश का अलर्ट, कई जिलों में बाढ़ की चेतावनी - Jagran",https://news.google.com/rss/articles/CBMiuwFBVV95cUxONE9KUXppTmVnZGdvTXN4QldqTlRWNEp6RVNoOElseVhUUTR3ZWVPMDFFQ2s5WFBrUE4ycHpUWE5yTkNUM2dvQXBaVVJmd1NSZHNSOWFOSzZETFI2NTllZVFQS3lfc081T0x0MkZTSzdCbHNQUHJrMkRiZDBrNTFPVDdhelVqS09jalhETzdCM21WbGViNWtNRlFTZmZldkpSOVJ2NEduQXBRbnpGYWtEZzhnYXRYLU9iV19B?oc=5,2026-08-27 15:20:00,Jagran,"<a href=""https://news.google.com/rss/articles/CBMiuwFBVV95cUxONE9KUXppTmVnZGdvTXN4QldqTlRWNEp6RVNoOElseVhUUTR3ZWVPMDFFQ2s5WFBrUE4ycHpUWE5yTkNUM2dvQXBaVVJmd1NSZHNSOWFOSzZETFI2NTllZVFQS3lfc081T0x0MkZTSzdCbHNQUHJrMkRiZDBrNTFPVDdhelVqS09jalhETzdCM21WbGViNWtNRlFTZmZldkpSOVJ2NEduQXBRbnpGYWtEZzhnYXRYLU9iV19B?oc=5"" target=""_blank"">28 August Ka Mausam: पूर्वी यूपी में भारी बारिश का अलर्ट, कई जिलों में बाढ़ की चेतावनी</a>&nbsp;&nbsp;<font color=""#6f6f6f"">Jagran</font>",Monsoon,hi
"नेपाल में फ्लैश फ्लड के बाद बिहार-यूपी में अलर्ट, कई जिलों पर बाढ़ का खतरा, NDRF-SDRF तैनात - Kisan Tak",https://news.google.com/rss/articles/CBMiwwFBVV95cUxPVFdFbnB6bzRPX1RZNElhQzZvLVNNM1MzTTF2cUZFLVQ4TnlZZFRpTUc5R0c1WTM1TVRhNERsaExMWjRTUEdVRW9yeVRKZnpqLXZnTHhENmlyRURUTS1HYXAtR3dETDVZQWJQQVI0NWl5MmgxZnNFNlU5WEM5Q01hY0RKVDVSeHdHSUMzbmlaVmhPTl9QOEFJOWZkOFh2ZWZnY1p1U2s5aWxqQ0VMeWZDZnlwQklBcTBKeUNLQXc5SnF6RmfSAcgBQVVfeXFMTXYwMXlaVnV3eEdWSVdyM1V5ZmhFeWNGWXVsaXFLNnpuUGpSdU9HNVRSTFctUnlaUHVUQzFSa3FqS25NM1BobTl1SW5vOWJ2VjlfX1h4OHRZWG9zZ2pNWHg3ckRZYUhNVFY3VGZWcG5GTUstTXE3OTFpY0tyeTM4YXN6d0gwZ2I4aVBZUEQ0Z245elhpQkJMcUVxdkQ2RGc2Y1kySkREOUh1dDRGZG8xTzFmYTIxUUR5Y3h2a09LaDQya0JQaEs4N3M?oc=5,2026-08-27 14:33:48,Kisan Tak,"<a href=""https://news.google.com/rss/articles/CBMiwwFBVV95cUxPVFdFbnB6bzRPX1RZNElhQzZvLVNNM1MzTTF2cUZFLVQ4TnlZZFRpTUc5R0c1WTM1TVRhNERsaExMWjRTUEdVRW9yeVRKZnpqLXZnTHhENmlyRURUTS1HYXAtR3dETDVZQWJQQVI0NWl5MmgxZnNFNlU5WEM5Q01hY0RKVDVSeHdHSUMzbmlaVmhPTl9QOEFJOWZkOFh2ZWZnY1p1U2s5aWxqQ0VMeWZDZnlwQklBcTBKeUNLQXc5SnF6RmfSAcgBQVVfeXFMTXYwMXlaVnV3eEdWSVdyM1V5ZmhFeWNGWXVsaXFLNnpuUGpSdU9HNVRSTFctUnlaUHVUQzFSa3FqS25NM1BobTl1SW5vOWJ2VjlfX1h4OHRZWG9zZ2pNWHg3ckRZYUhNVFY3VGZWcG5GTUstTXE3OTFpY0tyeTM4YXN6d0gwZ2I4aVBZUEQ0Z245elhpQkJMcUVxdkQ2RGc2Y1kySkREOUh1dDRGZG8xTzFmYTIxUUR5Y3h2a09LaDQya0JQaEs4N3M?oc=5"" target=""_blank"">नेपाल में फ्लैश फ्लड के बाद बिहार-यूपी में अलर्ट, कई जिलों पर बाढ़ का खतरा, NDRF-SDRF तैनात</a>&nbsp;&nbsp;<font color=""#6f6f6f"">Kisan Tak</font>",Monsoon,hi
"Weather News: आज कई राज्यों में होगी जोरदार बारिश, कई जिलों में फ्लैश फ्लड का खतरा, पढ़ें वेदर अपडेट - Kisan Tak",https://news.google.com/rss/articles/CBMi5gFBVV95cUxQQnotTWRTcWF2SDdDS2VVRGF2T3N2d3ptbnJGbUNxanp6cTVNZXFnUDF0YXl2Y3Z4dVVNalZMdWNhSHJMTWw0Qm9IN005QzVtVFRVMUhaVmowNTlEYURQUzNRX2htYmhvWEdtZTI1b2Y3X3M5RFVmY3hjQUtPa0lfN2VPN3A4U3l2UmkxTW40YzZCMVVocU5lZkZpbEptemdqNlRlckFnMkMxN1pqWnpycjlxNlB4TUw2YVkwYnVfYmw1RnVrMk5mN1lsMno1RVRESjZLYl9DN3preWN2VGRaZk8tVFh5d9IB5gFBVV95cUxQQnotTWRTcWF2SDdDS2VVRGF2T3N2d3ptbnJGbUNxanp6cTVNZXFnUDF0YXl2Y3Z4dVVNalZMdWNhSHJMTWw0Qm9IN005QzVtVFRVMUhaVmowNTlEYURQUzNRX2htYmhvWEdtZTI1b2Y3X3M5RFVmY3hjQUtPa0lfN2VPN3A4U3l2UmkxTW40YzZCMVVocU5lZkZpbEptemdqNlRlckFnMkMxN1pqWnpycjlxNlB4TUw2YVkwYnVfYmw1RnVrMk5mN1lsMno1RVRESjZLYl9DN3preWN2VGRaZk8tVFh5dw?oc=5,2026-08-27 07:00:04,Kisan Tak,"<a href=""https://news.google.com/rss/articles/CBMi5gFBVV95cUxQQnotTWRTcWF2SDdDS2VVRGF2T3N2d3ptbnJGbUNxanp6cTVNZXFnUDF0YXl2Y3Z4dVVNalZMdWNhSHJMTWw0Qm9IN005QzVtVFRVMUhaVmowNTlEYURQUzNRX2htYmhvWEdtZTI1b2Y3X3M5RFVmY3hjQUtPa0lfN2VPN3A4U3l2UmkxTW40YzZCMVVocU5lZkZpbEptemdqNlRlckFnMkMxN1pqWnpycjlxNlB4TUw2YVkwYnVfYmw1RnVrMk5mN1lsMno1RVRESjZLYl9DN3preWN2VGRaZk8tVFh5d9IB5gFBVV95cUxQQnotTWRTcWF2SDdDS2VVRGF2T3N2d3ptbnJGbUNxanp6cTVNZXFnUDF0YXl2Y3Z4dVVNalZMdWNhSHJMTWw0Qm9IN005QzVtVFRVMUhaVmowNTlEYURQUzNRX2htYmhvWEdtZTI1b2Y3X3M5RFVmY3hjQUtPa0lfN2VPN3A4U3l2UmkxTW40YzZCMVVocU5lZkZpbEptemdqNlRlckFnMkMxN1pqWnpycjlxNlB4TUw2YVkwYnVfYmw1RnVrMk5mN1lsMno1RVRESjZLYl9DN3preWN2VGRaZk8tVFh5dw?oc=5"" target=""_blank"">Weather News: आज कई राज्यों में होगी जोरदार बारिश, कई जिलों में फ्लैश फ्लड का खतरा, पढ़ें वेदर अपडेट</a>&nbsp;&nbsp;<font color=""#6f6f6f"">Kisan Tak</font>",Monsoon,hi
"Nepal Flood Helpline: बाढ़ में फंसे अपनों की तलाश के लिए यहां करें संपर्क, भारतीय दूतावास के साथ कई राज्यों ने जारी किया हेल्पलाइन नंबर - republicbharat.com",https://news.google.com/rss/articles/CBMi3AFBVV95cUxNcEk4ZUhVRlRFYmFUVWNNMnpOVmJmN0Y0UmxVeEU2dG9GMnVaYW1VdmhVdWQ3SUFhZFM3SlJxbGxJRW5xSHlFNXJhdFp1bURJUzRtMk5zWUpVbEZybXJIb1IyTUtCaTBsOTVteEs0SXlzSmxmMDlFbHhfOE01TDk5ZVVuTGZZY3I2b3RxTFo1N21mbGJlMko5N2JxTUl3WV9VNG41enZnSjVTcmp5dlBYZ2dkY0t3S0ptU1ROdFpBa1N4QzdKNG04Zk9mZXB2bTc0UWFIQjJ5OGw5RmR40gHiAUFVX3lxTE5KU1hsVWNLa0dlUGpBQVNCM0RDaDhpbEZzaXREU3cxWnFrRmFYZzFmcXVoQjVLQjh0ZWg0R09lQjdYMFRUeXJxbUo3b0NYNnN2RGpURk9RU01Rc3lTbmM0MEp2QkZwWEtWeTZfNURiUmVkU19Pd19GZktWSllOakE0S09YRlpfakFkMXp3WEtMZ3dsSjJLRWJ0RkgzUUF6VTVHMjA4XzVuVE12d3FTRDVOZWZiQTJWaVZlYmJVOC15Qk5YcUYyeVJkdFphcmFpSFhSUkQ2Wk9tVC1kcmxPdmN0d2c?oc=5,2026-08-27 11:10:58,republicbharat.com,"<a href=""https://news.google.com/rss/articles/CBMi3AFBVV95cUxNcEk4ZUhVRlRFYmFUVWNNMnpOVmJmN0Y0UmxVeEU2dG9GMnVaYW1VdmhVdWQ3SUFhZFM3SlJxbGxJRW5xSHlFNXJhdFp1bURJUzRtMk5zWUpVbEZybXJIb1IyTUtCaTBsOTVteEs0SXlzSmxmMDlFbHhfOE01TDk5ZVVuTGZZY3I2b3RxTFo1N21mbGJlMko5N2JxTUl3WV9VNG41enZnSjVTcmp5dlBYZ2dkY0t3S0ptU1ROdFpBa1N4QzdKNG04Zk9mZXB2bTc0UWFIQjJ5OGw5RmR40gHiAUFVX3lxTE5KU1hsVWNLa0dlUGpBQVNCM0RDaDhpbEZzaXREU3cxWnFrRmFYZzFmcXVoQjVLQjh0ZWg0R09lQjdYMFRUeXJxbUo3b0NYNnN2RGpURk9RU01Rc3lTbmM0MEp2QkZwWEtWeTZfNURiUmVkU19Pd19GZktWSllOakE0S09YRlpfakFkMXp3WEtMZ3dsSjJLRWJ0RkgzUUF6VTVHMjA4XzVuVE12d3FTRDVOZWZiQTJWaVZlYmJVOC15Qk5YcUYyeVJkdFphcmFpSFhSUkQ2Wk9tVC1kcmxPdmN0d2c?oc=5"" target=""_blank"">Nepal Flood Helpline: बाढ़ में फंसे अपनों की तलाश के लिए यहां करें संपर्क, भारतीय दूतावास के साथ कई राज्यों ने जारी किया हेल्पलाइन नंबर</a>&nbsp;&nbsp;<font color=""#6f6f6f"">republicbharat.com</font>",Monsoon,hi
"बिहार में बाढ़ का खतरा बढ़ा, नेपाल में गंडक के ऊपरी कैचमेंट में फ्लैश फ्लड का अलर्ट; प्रशासन हाई अलर्ट पर - TNP News",https://news.google.com/rss/articles/CBMiugFBVV95cUxPV0tfbnhoOXVFM0ZnNVVxbTYtQk1wcnZ5Skt6NUJRZjQtNENiM2lwMjd5elZGengyS2U5UjNOVURFdDVsNVVqR195RlZyU1c0QXJGYjE4elhKYXBxZE1zbkoxY1VpNm9yVlpjMktveW1sMDMxMEFUeERqdVJrMjNGUTBxenJteTlVZ1ZPSVNqTmh1VjJMbzFjMmR6STEwaWo3eEZRRE1DbVNRVEVWaFhRNXlDTGx3T1pVblE?oc=5,2026-08-27 07:39:37,TNP News,"<a href=""https://news.google.com/rss/articles/CBMiugFBVV95cUxPV0tfbnhoOXVFM0ZnNVVxbTYtQk1wcnZ5Skt6NUJRZjQtNENiM2lwMjd5elZGengyS2U5UjNOVURFdDVsNVVqR195RlZyU1c0QXJGYjE4elhKYXBxZE1zbkoxY1VpNm9yVlpjMktveW1sMDMxMEFUeERqdVJrMjNGUTBxenJteTlVZ1ZPSVNqTmh1VjJMbzFjMmR6STEwaWo3eEZRRE1DbVNRVEVWaFhRNXlDTGx3T1pVblE?oc=5"" target=""_blank"">बिहार में बाढ़ का खतरा बढ़ा, नेपाल में गंडक के ऊपरी कैचमेंट में फ्लैश फ्लड का अलर्ट; प्रशासन हाई अलर्ट पर</a>&nbsp;&nbsp;<font color=""#6f6f6f"">TNP News</font>",Monsoon,hi
"नेपाल में फ्लैश फ्लड के बाद UP-बिहार सीमा के गांव अलर्ट, जलभराव से सड़क संपर्क प्रभावित - Dainik Jagran MP CG",https://news.google.com/rss/articles/CBMitwFBVV95cUxNdE9CZk9MVDZhMEtJSTlERTFYNWZBeWZXalh3OHNKQXBIMXNleDRIQkMyeDFzRTN6b0VEV2VBNGJPTVdpUHg2elBLNnF5cFpPbTZRNkRFaVd0WFZPVndhaGdTQU05N3lUb2VMOWxjcUpIVG1kSmJiX04tQXBYZlM5STBQZWIwaEhmQ3BOSjFLaGpVQURnNDBPVjFRUmNkZTBvWXlHVHN5Zk52TzNUMlpFRWZONjBiMTA?oc=5,2026-08-27 11:10:26,Dainik Jagran MP CG,"<a href=""https://news.google.com/rss/articles/CBMitwFBVV95cUxNdE9CZk9MVDZhMEtJSTlERTFYNWZBeWZXalh3OHNKQXBIMXNleDRIQkMyeDFzRTN6b0VEV2VBNGJPTVdpUHg2elBLNnF5cFpPbTZRNkRFaVd0WFZPVndhaGdTQU05N3lUb2VMOWxjcUpIVG1kSmJiX04tQXBYZlM5STBQZWIwaEhmQ3BOSjFLaGpVQURnNDBPVjFRUmNkZTBvWXlHVHN5Zk52TzNUMlpFRWZONjBiMTA?oc=5"" target=""_blank"">नेपाल में फ्लैश फ्लड के बाद UP-बिहार सीमा के गांव अलर्ट, जलभराव से सड़क संपर्क प्रभावित</a>&nbsp;&nbsp;<font color=""#6f6f6f"">Dainik Jagran MP CG</font>",Monsoon,hi
"राज उन्नति की बैठक: सीएम भजनलाल बोले- जलभराव, टूटी सड़क व बिजली कटौती पर कलेक्टर की जवाबदेही, लापरवाही पर हो... - Dainik Bhaskar",https://news.google.com/rss/articles/CBMiuwFBVV95cUxQOThuejFlS0k2dUZBSG5oVHVNYXJvMWhzbGdHN0ZGWEpCeHRzeFhKLXNUcUNQT0Z5ZjhZaURnMTUxNnZfWG1PdFJueHBUX1dWNC1tc2w3RHZBbEV2MThPUElTWXNOMEdtMlNYWXU1RmNxMEpnajFOU2R1U1hsRnpFekFnMjBOb1BHUjdvZEk5dU05RjB3ZGlHTEJHT0hORWpnR2ZPSWprenIya21Na0RvYWlzSFgwcmhIaTcw0gHAAUFVX3lxTE1NMF9tSjg0bzR2dTQ2UjFIWkFsNTVMZXZBZENydEpWc1pJckY2SXZnRWdyTmFYV1BjYkpsUUxhbk1xelYwbzhqRlZPUVhzTzlyRXg4RVZWc2JZRldCRWU5MUhJbWF3UVNyTGszMng5SDhNWXlvWDBEMk50QWFNTlJMRFdmal9qQ0JaRjJZNHhUT1JURGFrbV8wdFV2TnQtR1dHbmlSdF9TM29iUTE4NU0zbWFDbEhMVE5BN19YTkRrYw?oc=5,2026-08-27 08:30:57,Dainik Bhaskar,"<a href=""https://news.google.com/rss/articles/CBMiuwFBVV95cUxQOThuejFlS0k2dUZBSG5oVHVNYXJvMWhzbGdHN0ZGWEpCeHRzeFhKLXNUcUNQT0Z5ZjhZaURnMTUxNnZfWG1PdFJueHBUX1dWNC1tc2w3RHZBbEV2MThPUElTWXNOMEdtMlNYWXU1RmNxMEpnajFOU2R1U1hsRnpFekFnMjBOb1BHUjdvZEk5dU05RjB3ZGlHTEJHT0hORWpnR2ZPSWprenIya21Na0RvYWlzSFgwcmhIaTcw0gHAAUFVX3lxTE1NMF9tSjg0bzR2dTQ2UjFIWkFsNTVMZXZBZENydEpWc1pJckY2SXZnRWdyTmFYV1BjYkpsUUxhbk1xelYwbzhqRlZPUVhzTzlyRXg4RVZWc2JZRldCRWU5MUhJbWF3UVNyTGszMng5SDhNWXlvWDBEMk50QWFNTlJMRFdmal9qQ0JaRjJZNHhUT1JURGFrbV8wdFV2TnQtR1dHbmlSdF9TM29iUTE4NU0zbWFDbEhMVE5BN19YTkRrYw?oc=5"" target=""_blank"">राज उन्नति की बैठक: सीएम भजनलाल बोले- जलभराव, टूटी सड़क व बिजली कटौती पर कलेक्टर की जवाबदेही, लापरवाही पर हो...</a>&nbsp;&nbsp;<font color=""#6f6f6f"">Dainik Bhaskar</font>",Monsoon,hi
"In Photos: Heavy Monsoon Rains, Rising River Levels Leave Indian Cities Flooded - TheWire.in",https://news.google.com/rss/articles/CBMirAFBVV95cUxORE92WlhTRzdINmZRU3dvZEQtQ09rYXlHUlg3N3FtcUpZMzNqOElxSWxZVmVCUy02TklySm5QUnRUYmRKX1hUU0dUUk5PcTVMdkZCamt6LVRYYnQxWWtpLTN2R2JTRFBlTmN2cjJ2YzdHZGxOdFhLXzVSNEJXQlpFdkVuM3B1Zy05QkJzUFNxWUFhNWtTTmhWR1Y5Y05GYkNvSlFKb3lsci1MWXJh0gG_AUFVX3lxTE1mZWRzQTVEUXB0VC1UVmlBc0xuMzhZVE1ZX2MtYTM4QngwSWIyYmRJeU1xZjdKdFlnRjdxbWh0UnlhTWpwbXRKU2FPcEJxTXdOa0JWb2ctNFNtXzNXTjNaTGVDdm9MUENiTWtZWURkZXFrUXJtUGU3WkE3NE5ucjk0Z0lUMTI5S3pWcDNGSXFRQ1I0eDE2UklCMDhfMnBYMVdXWDFwcnlIYnVCeVNnZmR0Z2pSVmZvNDVqQ3FfODh3?oc=5,2026-08-27 16:15:30,TheWire.in,"<a href=""https://news.google.com/rss/articles/CBMirAFBVV95cUxORE92WlhTRzdINmZRU3dvZEQtQ09rYXlHUlg3N3FtcUpZMzNqOElxSWxZVmVCUy02TklySm5QUnRUYmRKX1hUU0dUUk5PcTVMdkZCamt6LVRYYnQxWWtpLTN2R2JTRFBlTmN2cjJ2YzdHZGxOdFhLXzVSNEJXQlpFdkVuM3B1Zy05QkJzUFNxWUFhNWtTTmhWR1Y5Y05GYkNvSlFKb3lsci1MWXJh0gG_AUFVX3lxTE1mZWRzQTVEUXB0VC1UVmlBc0xuMzhZVE1ZX2MtYTM4QngwSWIyYmRJeU1xZjdKdFlnRjdxbWh0UnlhTWpwbXRKU2FPcEJxTXdOa0JWb2ctNFNtXzNXTjNaTGVDdm9MUENiTWtZWURkZXFrUXJtUGU3WkE3NE5ucjk0Z0lUMTI5S3pWcDNGSXFRQ1I0eDE2UklCMDhfMnBYMVdXWDFwcnlIYnVCeVNnZmR0Z2pSVmZvNDVqQ3FfODh3?oc=5"" target=""_blank"">In Photos: Heavy Monsoon Rains, Rising River Levels Leave Indian Cities Flooded</a>&nbsp;&nbsp;<font color=""#6f6f6f"">TheWire.in</font>",Monsoon,en
"Bihar on high alert after Nepal floods: Villages evacuated in UP’s Maharajganj, Kushinagar; IMD warns of he... - Bhaskar English",https://news.google.com/rss/articles/CBMiwAFBVV95cUxOTUhRTG5hRDZwd1Z1VVdPaU52UEM0YXUyWXF4NzVEUUVodlF6RjFKeW5acTZVSTFiSFZIa2l2dFU2U0VDNXdWTThWSU5ORzRwSzMyZHJUYW9ZOG1ITUR2Y3d2WjAyaGdNdk9UYzU4TGUzOWJTbjhlOEVPbnlfM0dSM19VS0EzZlY0X3NqTnRoZ3EwVTFuOVU5eWZ4TmdxWUdzUld1NEUzV3g3MXBlb2pBMXFBOE5vY016bjhxSUUzWWjSAcYBQVVfeXFMTWNYaGhfVTU5WkZ3dm9YRk80VDB4ajJEUENObHYwZ0kwTFNncDlOX1dRRTFHLVFBbk9rMWFsXzBNUVFEWGNUU3lhY3k4WFI5c05qVFRYQjFpanNQYkxCc3VCVGFUVmZhQjJPdHlOM0dxUzh4SThqVHZrWmtvQzVQZHlNM0pHWlNObFdRZFJBb2xrdzBscmh4WlFpb0xwVlhaRVJfMDkzN3ZBMEEwdXBDSlYyOE5aYU5GMnl0ODBNVGNacFc1Y2h3?oc=5,2026-08-27 06:47:27,Bhaskar English,"<a href=""https://news.google.com/rss/articles/CBMiwAFBVV95cUxOTUhRTG5hRDZwd1Z1VVdPaU52UEM0YXUyWXF4NzVEUUVodlF6RjFKeW5acTZVSTFiSFZIa2l2dFU2U0VDNXdWTThWSU5ORzRwSzMyZHJUYW9ZOG1ITUR2Y3d2WjAyaGdNdk9UYzU4TGUzOWJTbjhlOEVPbnlfM0dSM19VS0EzZlY0X3NqTnRoZ3EwVTFuOVU5eWZ4TmdxWUdzUld1NEUzV3g3MXBlb2pBMXFBOE5vY016bjhxSUUzWWjSAcYBQVVfeXFMTWNYaGhfVTU5WkZ3dm9YRk80VDB4ajJEUENObHYwZ0kwTFNncDlOX1dRRTFHLVFBbk9rMWFsXzBNUVFEWGNUU3lhY3k4WFI5c05qVFRYQjFpanNQYkxCc3VCVGFUVmZhQjJPdHlOM0dxUzh4SThqVHZrWmtvQzVQZHlNM0pHWlNObFdRZFJBb2xrdzBscmh4WlFpb0xwVlhaRVJfMDkzN3ZBMEEwdXBDSlYyOE5aYU5GMnl0ODBNVGNacFc1Y2h3?oc=5"" target=""_blank"">Bihar on high alert after Nepal floods: Villages evacuated in UP’s Maharajganj, Kushinagar; IMD warns of he...</a>&nbsp;&nbsp;<font color=""#6f6f6f"">Bhaskar English</font>",Monsoon,en
"IMD weather forecast August 28: Orange alert for Kerala, heavy rainfall predicted in South Bengal, check fore - India.com",https://news.google.com/rss/articles/CBMipAJBVV95cUxOT3cwazVIZE9EME9kZzQ3Z3ZSRjg4T1NYYkw4VHhRWXoxZU43THNtWkI0R0xpNGwzdUxyU09fNzVCRjc4aDNieDJWZUtxdGNobzZCc3RFSmszdm84OHp4RC1vSENvaU1kOWZtRDJSNDkxaFVqNlVtNVFWM0FQa2Y1WmVBU2FzWkd0MGtjQWxQVjE3VmpCa3UtaHc4LWJCWHJZRE5YakNuSkh3X1BYdXlQdUZ1MDA5aUNiY2Uzc05KVFR1SjBqbVVQMjZGZEV0WDlKSndvLUg2NXluMTc4YXI4S052V1M4VXpVSjVrM1F5MWtaSzZyVE5odjVVN0lVRXVVMzh1cjJQZnVnUkd1VW1EMk5TcWtCMWk3VUNsWHowZHV4Z3Za0gGqAkFVX3lxTE5rWTFjSVU1d2UwX3RWX2g0NHpaSGw1STAxZzBpRWRoYU42WHI3QjVQZkVtbDU3VXNOMU55M09CUnJNdjVqYmZVZFNmV2h1LS1FZ28ySkVkb0dudzUya1FLWFIyVEpQaUZ1bXc5Y0U1dENjYVhVLWtMQTZUR2RGOFJzNnlNVzd5SXlFakdLUXhMbTctMmJVVWxzMWdYRXdkZkRfNjYyNjd6QlYtMmVLY2h1YmpTam84NmkzSENiVWZNUzRMc1VqSGlsT1RkRkxfT3FtMXBYeVc0eXlDLVJiX3c4eTVIekFBdkxYQXVXQkVUVFBPa0hMeHEyd2djN2NING5TeUt5NXBCVGdHUWotcVRMQVA2Z2k1ZW85SEZZTDdmTmJnblVoNHZraVE?oc=5,2026-08-27 17:22:13,India.com,"<a href=""https://news.google.com/rss/articles/CBMipAJBVV95cUxOT3cwazVIZE9EME9kZzQ3Z3ZSRjg4T1NYYkw4VHhRWXoxZU43THNtWkI0R0xpNGwzdUxyU09fNzVCRjc4aDNieDJWZUtxdGNobzZCc3RFSmszdm84OHp4RC1vSENvaU1kOWZtRDJSNDkxaFVqNlVtNVFWM0FQa2Y1WmVBU2FzWkd0MGtjQWxQVjE3VmpCa3UtaHc4LWJCWHJZRE5YakNuSkh3X1BYdXlQdUZ1MDA5aUNiY2Uzc05KVFR1SjBqbVVQMjZGZEV0WDlKSndvLUg2NXluMTc4YXI4S052V1M4VXpVSjVrM1F5MWtaSzZyVE5odjVVN0lVRXVVMzh1cjJQZnVnUkd1VW1EMk5TcWtCMWk3VUNsWHowZHV4Z3Za0gGqAkFVX3lxTE5rWTFjSVU1d2UwX3RWX2g0NHpaSGw1STAxZzBpRWRoYU42WHI3QjVQZkVtbDU3VXNOMU55M09CUnJNdjVqYmZVZFNmV2h1LS1FZ28ySkVkb0dudzUya1FLWFIyVEpQaUZ1bXc5Y0U1dENjYVhVLWtMQTZUR2RGOFJzNnlNVzd5SXlFakdLUXhMbTctMmJVVWxzMWdYRXdkZkRfNjYyNjd6QlYtMmVLY2h1YmpTam84NmkzSENiVWZNUzRMc1VqSGlsT1RkRkxfT3FtMXBYeVc0eXlDLVJiX3c4eTVIekFBdkxYQXVXQkVUVFBPa0hMeHEyd2djN2NING5TeUt5NXBCVGdHUWotcVRMQVA2Z2k1ZW85SEZZTDdmTmJnblVoNHZraVE?oc=5"" target=""_blank"">IMD weather forecast August 28: Orange alert for Kerala, heavy rainfall predicted in South Bengal, check fore</a>&nbsp;&nbsp;<font color=""#6f6f6f"">India.com</font>",Monsoon,en
Heavy rain warning in 31 UP districts: Nepal floods trigger state alert; villages being evacuated in Mahara... - Bhaskar English,https://news.google.com/rss/articles/CBMizgFBVV95cUxQb1N5VlFrSWM1cUlNZGdYd2pFaXdJMGEtcDFzUHhIdGwxVk5TZHFfTUZkN2FkaXppellhNXJTWHVLc1l3cHd2VTJTcUg0bm9naTJKeVJTZ05MSm1IUVNhdDhBQzNWQnUtb19aWEdIal9XT0lod2tuc28wY1BXdVhYc1NXYnNwRm9OeTdPdUctdVg0bXAtMURPeEtoZDU4MEVaVllBMkRsRm1lbUN1Nll2UE40OE01NnJFbVEwYjJqU19RUjdEZVFHajM5cW9HZ9IB0wFBVV95cUxPOEh6VUpEem80OWhYdHhjV3ZLUHhyTzB3MW5DWG04bXB5cDBTVW9mVFpGU1FyZFNGbGZRTlRVbUd0QVItT1Baa3FHZnllUGJMWVBaU2xKZGVfeVR4clhwUEQxdHJDMTFDVm5nVUk2aUJyZ2ZjenpQSWVJRXVtUWNISERRcVUtTVcwOHhybE1mejBHRUZZanZQZEhaZzFxNHdYTUV5alg1bkR4UjdRT3JxZEF2aS1oaFpWSUlQU281d1Q3NGZscWdUOEpYUlFMeTZ3YnU4?oc=5,2026-08-27 07:34:44,Bhaskar English,"<a href=""https://news.google.com/rss/articles/CBMizgFBVV95cUxQb1N5VlFrSWM1cUlNZGdYd2pFaXdJMGEtcDFzUHhIdGwxVk5TZHFfTUZkN2FkaXppellhNXJTWHVLc1l3cHd2VTJTcUg0bm9naTJKeVJTZ05MSm1IUVNhdDhBQzNWQnUtb19aWEdIal9XT0lod2tuc28wY1BXdVhYc1NXYnNwRm9OeTdPdUctdVg0bXAtMURPeEtoZDU4MEVaVllBMkRsRm1lbUN1Nll2UE40OE01NnJFbVEwYjJqU19RUjdEZVFHajM5cW9HZ9IB0wFBVV95cUxPOEh6VUpEem80OWhYdHhjV3ZLUHhyTzB3MW5DWG04bXB5cDBTVW9mVFpGU1FyZFNGbGZRTlRVbUd0QVItT1Baa3FHZnllUGJMWVBaU2xKZGVfeVR4clhwUEQxdHJDMTFDVm5nVUk2aUJyZ2ZjenpQSWVJRXVtUWNISERRcVUtTVcwOHhybE1mejBHRUZZanZQZEhaZzFxNHdYTUV5alg1bkR4UjdRT3JxZEF2aS1oaFpWSUlQU281d1Q3NGZscWdUOEpYUlFMeTZ3YnU4?oc=5"" target=""_blank"">Heavy rain warning in 31 UP districts: Nepal floods trigger state alert; villages being evacuated in Mahara...</a>&nbsp;&nbsp;<font color=""#6f6f6f"">Bhaskar English</font>",Monsoon,en
"Weather today, August 27: Will monsoon intensify in UP, Bihar? Check state-wise forecast - The Economic Times",https://news.google.com/rss/articles/CBMi8AFBVV95cUxQWkFlQVI0aTVqX0ZIMEgzamZDaEdEU2JwX2t1TVdoZnhPbVl5OThZMVY1MGRWQURCcHc1Y2txTkVsdFl2ckgzVXRfYjhDQkN2R3oxXzhpRHkyT2RiZFFJQk1SNTRuZlVKMVhYYWdWNzMzZlFoM1l5Q214SHFmam12VGFxX29LY0QzOXNiTzhJTmJROW5zV3E2dmJPdzhob2xZOGFnZGpBWnBOckxVVWdPWFdqN2lXREJHR2tHSkdhZElvU3hMc3FUN2dkcnFaeERQaDZGVWdkOEdJOWpBbGd4aFFGelRUQlVZcnoyOGFfRjjSAfABQVVfeXFMUFpBZUFSNGk1al9GSDBIM2pmQ2hHRFNicF9rdU1XaGZ4T21ZeTk4WTFWNTBkVkFEQnB3NWNrcU5FbHRZdnJIM1V0X2I4Q0JDdkd6MV84aUR5Mk9kYmRRSUJNUjU0bmZVSjFYWGFnVjczM2ZRaDNZeUNteEhxZmptdlRhcV9vS2NEMzlzYk84SU5iUTluc1dxNnZiT3c4aG9sWThhZ2RqQVpwTnJMVVVnT1hXajdpV0RCR0drR0pHYWRJb1N4THNxVDdnZHJxWnhEUGg2RlVnZDhHSTlqQWxneGhRRnpUVEJVWXJ6MjhhX0Y4?oc=5,2026-08-27 00:15:00,The Economic Times,"<a href=""https://news.google.com/rss/articles/CBMi8AFBVV95cUxQWkFlQVI0aTVqX0ZIMEgzamZDaEdEU2JwX2t1TVdoZnhPbVl5OThZMVY1MGRWQURCcHc1Y2txTkVsdFl2ckgzVXRfYjhDQkN2R3oxXzhpRHkyT2RiZFFJQk1SNTRuZlVKMVhYYWdWNzMzZlFoM1l5Q214SHFmam12VGFxX29LY0QzOXNiTzhJTmJROW5zV3E2dmJPdzhob2xZOGFnZGpBWnBOckxVVWdPWFdqN2lXREJHR2tHSkdhZElvU3hMc3FUN2dkcnFaeERQaDZGVWdkOEdJOWpBbGd4aFFGelRUQlVZcnoyOGFfRjjSAfABQVVfeXFMUFpBZUFSNGk1al9GSDBIM2pmQ2hHRFNicF9rdU1XaGZ4T21ZeTk4WTFWNTBkVkFEQnB3NWNrcU5FbHRZdnJIM1V0X2I4Q0JDdkd6MV84aUR5Mk9kYmRRSUJNUjU0bmZVSjFYWGFnVjczM2ZRaDNZeUNteEhxZmptdlRhcV9vS2NEMzlzYk84SU5iUTluc1dxNnZiT3c4aG9sWThhZ2RqQVpwTnJMVVVnT1hXajdpV0RCR0drR0pHYWRJb1N4THNxVDdnZHJxWnhEUGg2RlVnZDhHSTlqQWxneGhRRnpUVEJVWXJ6MjhhX0Y4?oc=5"" target=""_blank"">Weather today, August 27: Will monsoon intensify in UP, Bihar? Check state-wise forecast</a>&nbsp;&nbsp;<font color=""#6f6f6f"">The Economic Times</font>",Monsoon,en
"UP Monsoon Impact: Lucknow Flooded, Gorakhpur Students Face Difficulties - Free Press Journal",https://news.google.com/rss/articles/CBMitwFBVV95cUxQOS14VXdCWFJmcVMtcEd0aUh1YlJBcjl3dENjTllza0lmdDlLTTM2a2VQOGlseXVrMW1DaWlURnlQanZqUDVuLWxDV1hrdGl6VDRDMmFocFA0aXRIMGtGWUVyWHJOTU9mRGNjejdxMDJXbUdYQjlUZ0k1TjJCcjhnMmxZR2NnTjB3TFEzR25fRldXejdzLTMxMlQ0QnhzZWxYZ3p5d2xRaHh0enlfbkRUMF9GZ1d3OHPSAbwBQVVfeXFMTWd5SkhtTGZ3MnN4NDhETVg1R3lTWGRyMGU1bzZaS19fLV9EUjZxRWwyX2xkOXZULTkwTlRyNVNCaTItQk9pTnIzbWhpOFNXQlFZTGZKWWR5ZGs2d0dhRnJScFRrRC1GTzlpSWhyb21CbFprYjQ5OEFlaExMLXRfdktySGhBSEdLRi01Qjl2Smc4VWpabFNsNDFQeEtXZzlIbUFDNUlzT0hEZ2RpaHJGejVSSmg4OW5GYXpDRFY?oc=5,2026-08-27 00:15:15,Free Press Journal,"<a href=""https://news.google.com/rss/articles/CBMitwFBVV95cUxQOS14VXdCWFJmcVMtcEd0aUh1YlJBcjl3dENjTllza0lmdDlLTTM2a2VQOGlseXVrMW1DaWlURnlQanZqUDVuLWxDV1hrdGl6VDRDMmFocFA0aXRIMGtGWUVyWHJOTU9mRGNjejdxMDJXbUdYQjlUZ0k1TjJCcjhnMmxZR2NnTjB3TFEzR25fRldXejdzLTMxMlQ0QnhzZWxYZ3p5d2xRaHh0enlfbkRUMF9GZ1d3OHPSAbwBQVVfeXFMTWd5SkhtTGZ3MnN4NDhETVg1R3lTWGRyMGU1bzZaS19fLV9EUjZxRWwyX2xkOXZULTkwTlRyNVNCaTItQk9pTnIzbWhpOFNXQlFZTGZKWWR5ZGs2d0dhRnJScFRrRC1GTzlpSWhyb21CbFprYjQ5OEFlaExMLXRfdktySGhBSEdLRi01Qjl2Smc4VWpabFNsNDFQeEtXZzlIbUFDNUlzT0hEZ2RpaHJGejVSSmg4OW5GYXpDRFY?oc=5"" target=""_blank"">UP Monsoon Impact: Lucknow Flooded, Gorakhpur Students Face Difficulties</a>&nbsp;&nbsp;<font color=""#6f6f6f"">Free Press Journal</font>",Monsoon,en
"Flood Alert In UPs Maharajganj, Kushinagar As Nepals Bhotekoshi River Swells - Free Press Journal",https://news.google.com/rss/articles/CBMivgFBVV95cUxOemhJekhiZW9zXzFHTHV5bjJ0RmtRNTE5c1FlRUxUbHE5ZnFTbGE1WFV1aFBVMktOejRvRE9jbVNncDgxX3FIV2VIZjJ1R3VKR1c1M2s3QS1XRWtVd3paM3hEU19WRlVLVVhnQl90d2NRN1dxOTVkNDFXdUZDSGhvdVVxVkNkbGpPaG94T3p2YkFzRjI0cnpPZGFXajlSVGduaUNfTnYyWXVsMlpaOFI0WDlWMWRxV3RqakdXcENn0gHDAUFVX3lxTE45VVFLc3l5ZEp5NjV3SGY0WXo3OTVKNlhkN21vOUZBd1Y2VFVHVjh4TUN2U2k4X2JBNHl1MTJRcm5kbldqTGczQTJYaW1XLU1tOFRBdVREcVUyYTduQW1rdnZnR2F2akNCTHZXWk9XZ3RxQktGRTY0bkNtQnlYWnEwZjN1cHl6UEFHMThEbXJUZVN4QWtfdjg5N2tWWURORkVlNVBGTDItUEFscUtXM2RxUTZROGdPemRPWVhuekV4NEFFNA?oc=5,2026-08-27 00:10:18,Free Press Journal,"<a href=""https://news.google.com/rss/articles/CBMivgFBVV95cUxOemhJekhiZW9zXzFHTHV5bjJ0RmtRNTE5c1FlRUxUbHE5ZnFTbGE1WFV1aFBVMktOejRvRE9jbVNncDgxX3FIV2VIZjJ1R3VKR1c1M2s3QS1XRWtVd3paM3hEU19WRlVLVVhnQl90d2NRN1dxOTVkNDFXdUZDSGhvdVVxVkNkbGpPaG94T3p2YkFzRjI0cnpPZGFXajlSVGduaUNfTnYyWXVsMlpaOFI0WDlWMWRxV3RqakdXcENn0gHDAUFVX3lxTE45VVFLc3l5ZEp5NjV3SGY0WXo3OTVKNlhkN21vOUZBd1Y2VFVHVjh4TUN2U2k4X2JBNHl1MTJRcm5kbldqTGczQTJYaW1XLU1tOFRBdVREcVUyYTduQW1rdnZnR2F2akNCTHZXWk9XZ3RxQktGRTY0bkNtQnlYWnEwZjN1cHl6UEFHMThEbXJUZVN4QWtfdjg5N2tWWURORkVlNVBGTDItUEFscUtXM2RxUTZROGdPemRPWVhuekV4NEFFNA?oc=5"" target=""_blank"">Flood Alert In UPs Maharajganj, Kushinagar As Nepals Bhotekoshi River Swells</a>&nbsp;&nbsp;<font color=""#6f6f6f"">Free Press Journal</font>",Monsoon,en
Daily weather tracker: Nepal flood threat raises alarm in Bihar as heavy rain forecast across several states - Down To Earth,https://news.google.com/rss/articles/CBMi6AFBVV95cUxPZ3BSWFdIS1ZYb282NENiNHJYMWRPUmxDdFh5UERUNE8xMERDbXBpY0k3ZkJWX3Q0TFBZbE1Semw4dExxMVVmLUJZRmQwM1djMHY2OFBXSVlYYmcyb1EwU3J0OXdVMHNIeDBMQWt3cEtnQkhNb1RObFNwS0lYUFhDd09YbXdsR00yUHBiLVZ4VlRLWUdhNVdKSkdQNklVMllPV2JEQ01UemE5NWFsOGRvaGxXYzBGb2c3LXhONDVvZGJmZUN3S0FmZUxTczdJN0JVZGc2U3hJeHhfdk5XeV9TY01KUHRMcW0x0gH2AUFVX3lxTE5TN0pFUFJncTV6NWlZYTY5eHpCbGthYlRZbnJZVHp6Q0NEdDlHbVlRTUZ6VWhuUUh3SFhfMEI5VkZ0X05PVUlQeTUxQVhjVG5paDJJMHFiOHFRblMyYXAweXhHUTdyOGNURkt0RFVJRVlWaTd2bk5MOEVabkF2R0QtcWcxMTh6VnFMZTNZbEpNeDAyaVZIWVJuNVExNTBWT00zLTFFMDVFdm1qYXU5ekhMenFnSlFkbVdCU2g3blV1Ykxhb1V4aFFBS0ctMGVHNUxUWEVzOGRyalI2UG5jbmlEZkJhdkJLRVNDSHpuY3h3NkdzUjhLUQ?oc=5,2026-08-27 11:43:13,Down To Earth,"<a href=""https://news.google.com/rss/articles/CBMi6AFBVV95cUxPZ3BSWFdIS1ZYb282NENiNHJYMWRPUmxDdFh5UERUNE8xMERDbXBpY0k3ZkJWX3Q0TFBZbE1Semw4dExxMVVmLUJZRmQwM1djMHY2OFBXSVlYYmcyb1EwU3J0OXdVMHNIeDBMQWt3cEtnQkhNb1RObFNwS0lYUFhDd09YbXdsR00yUHBiLVZ4VlRLWUdhNVdKSkdQNklVMllPV2JEQ01UemE5NWFsOGRvaGxXYzBGb2c3LXhONDVvZGJmZUN3S0FmZUxTczdJN0JVZGc2U3hJeHhfdk5XeV9TY01KUHRMcW0x0gH2AUFVX3lxTE5TN0pFUFJncTV6NWlZYTY5eHpCbGthYlRZbnJZVHp6Q0NEdDlHbVlRTUZ6VWhuUUh3SFhfMEI5VkZ0X05PVUlQeTUxQVhjVG5paDJJMHFiOHFRblMyYXAweXhHUTdyOGNURkt0RFVJRVlWaTd2bk5MOEVabkF2R0QtcWcxMTh6VnFMZTNZbEpNeDAyaVZIWVJuNVExNTBWT00zLTFFMDVFdm1qYXU5ekhMenFnSlFkbVdCU2g3blV1Ykxhb1V4aFFBS0ctMGVHNUxUWEVzOGRyalI2UG5jbmlEZkJhdkJLRVNDSHpuY3h3NkdzUjhLUQ?oc=5"" target=""_blank"">Daily weather tracker: Nepal flood threat raises alarm in Bihar as heavy rain forecast across several states</a>&nbsp;&nbsp;<font color=""#6f6f6f"">Down To Earth</font>",Monsoon,en
"Delhi, Mumbai face more showers on Thursday; heavy rain alert for Uttar Pradesh, Madhya Pradesh - CNBC TV18",https://news.google.com/rss/articles/CBMi1wFBVV95cUxOcnpVVzBTSEM3THozNzJpdHpTS3l2Y0NFNWJRVWJoeGphc3p1TVJnbjVZRE14UjkyQ3lCZXJoelcxTmF3WFhXVldoTTRuSmlWRGhFcFpBdzF6dURSLWRTbElJT1U0ODNZVjdmTVk0azFKQUpJNllPMU9EVVFZSGNBdVg1dXdIMkhsRzVSQXB1b1VwWEIxV1FPUHRFdEZnX3NrVTlzU1puQnpJQklKR3BPUWVJdUZraG9UVmJ0cXNfczVVLUVJeDh4UU9oOVdCV285cVBsbVp6ONIB1wFBVV95cUxOcnpVVzBTSEM3THozNzJpdHpTS3l2Y0NFNWJRVWJoeGphc3p1TVJnbjVZRE14UjkyQ3lCZXJoelcxTmF3WFhXVldoTTRuSmlWRGhFcFpBdzF6dURSLWRTbElJT1U0ODNZVjdmTVk0azFKQUpJNllPMU9EVVFZSGNBdVg1dXdIMkhsRzVSQXB1b1VwWEIxV1FPUHRFdEZnX3NrVTlzU1puQnpJQklKR3BPUWVJdUZraG9UVmJ0cXNfczVVLUVJeDh4UU9oOVdCV285cVBsbVp6OA?oc=5,2026-08-27 05:00:15,CNBC TV18,"<a href=""https://news.google.com/rss/articles/CBMi1wFBVV95cUxOcnpVVzBTSEM3THozNzJpdHpTS3l2Y0NFNWJRVWJoeGphc3p1TVJnbjVZRE14UjkyQ3lCZXJoelcxTmF3WFhXVldoTTRuSmlWRGhFcFpBdzF6dURSLWRTbElJT1U0ODNZVjdmTVk0azFKQUpJNllPMU9EVVFZSGNBdVg1dXdIMkhsRzVSQXB1b1VwWEIxV1FPUHRFdEZnX3NrVTlzU1puQnpJQklKR3BPUWVJdUZraG9UVmJ0cXNfczVVLUVJeDh4UU9oOVdCV285cVBsbVp6ONIB1wFBVV95cUxOcnpVVzBTSEM3THozNzJpdHpTS3l2Y0NFNWJRVWJoeGphc3p1TVJnbjVZRE14UjkyQ3lCZXJoelcxTmF3WFhXVldoTTRuSmlWRGhFcFpBdzF6dURSLWRTbElJT1U0ODNZVjdmTVk0azFKQUpJNllPMU9EVVFZSGNBdVg1dXdIMkhsRzVSQXB1b1VwWEIxV1FPUHRFdEZnX3NrVTlzU1puQnpJQklKR3BPUWVJdUZraG9UVmJ0cXNfczVVLUVJeDh4UU9oOVdCV285cVBsbVp6OA?oc=5"" target=""_blank"">Delhi, Mumbai face more showers on Thursday; heavy rain alert for Uttar Pradesh, Madhya Pradesh</a>&nbsp;&nbsp;<font color=""#6f6f6f"">CNBC TV18</font>",Monsoon,en
"IMD forecasts widespread rain, thunderstorms across India till September 1 - Business Standard",https://news.google.com/rss/articles/CBMi1AFBVV95cUxNeFVkVUlnU0J6VkVlemZVX2YyZXpBX3ZLWGo2OWlHY0dZSXlTN0FiMEx2VElPZk9xeHFXUXRyMGl2eVJNMjE0UzktRkl5MElnWVBwWWY2dXhWNUdZMjhhNjUzQUZJNkxTZlFlekd3bGxaWktnOFY4cWJFa1NuU0ViaGFQaXZRMWE3MW5uVWkzU01uV2lIV1dQUGJVM2ZiWkI2Wjh2OUt6VmFqUEFqWGVDLXhhWmpmRjkyWEt4bWRHLUY4QXlfdE9DZllYTmJObFkyN3RINdIB2gFBVV95cUxOYjJValhzOVo3MnQyZFVRQzRBcVFKbmJrcGIyLS1SMVozd2F4Sk5uQjRmM3lRV19qLWlpTWxWcERtM1BldmtrLWhtcWlsV0VMVDQtcmpLWWtYbTN1eFlUXzVXbm9zMWU1bjBBaGlvaDBub1V0enBwLXJXaFVoZHQxRjNKWTVzdXYxZUJCdEs3X3czeHlWRWtVb0tmZ2h4Q2p1c2Z1d1BPQ2xuazl6Vk51Y1RFQm1lYUNCbGk5aFRaVElaNTUzWUJEeGtVZll6QnBZUFBlcmF2c2tmdw?oc=5,2026-08-27 08:37:42,Business Standard,"<a href=""https://news.google.com/rss/articles/CBMi1AFBVV95cUxNeFVkVUlnU0J6VkVlemZVX2YyZXpBX3ZLWGo2OWlHY0dZSXlTN0FiMEx2VElPZk9xeHFXUXRyMGl2eVJNMjE0UzktRkl5MElnWVBwWWY2dXhWNUdZMjhhNjUzQUZJNkxTZlFlekd3bGxaWktnOFY4cWJFa1NuU0ViaGFQaXZRMWE3MW5uVWkzU01uV2lIV1dQUGJVM2ZiWkI2Wjh2OUt6VmFqUEFqWGVDLXhhWmpmRjkyWEt4bWRHLUY4QXlfdE9DZllYTmJObFkyN3RINdIB2gFBVV95cUxOYjJValhzOVo3MnQyZFVRQzRBcVFKbmJrcGIyLS1SMVozd2F4Sk5uQjRmM3lRV19qLWlpTWxWcERtM1BldmtrLWhtcWlsV0VMVDQtcmpLWWtYbTN1eFlUXzVXbm9zMWU1bjBBaGlvaDBub1V0enBwLXJXaFVoZHQxRjNKWTVzdXYxZUJCdEs3X3czeHlWRWtVb0tmZ2h4Q2p1c2Z1d1BPQ2xuazl6Vk51Y1RFQm1lYUNCbGk5aFRaVElaNTUzWUJEeGtVZll6QnBZUFBlcmF2c2tmdw?oc=5"" target=""_blank"">IMD forecasts widespread rain, thunderstorms across India till September 1</a>&nbsp;&nbsp;<font color=""#6f6f6f"">Business Standard</font>",Monsoon,en
"Weather Forecast August 28: Heavy rain, thunderstorms alert in 22 states; Delhi, Noida, Gurugram, Lucknow to see rain - Zee Business",https://news.google.com/rss/articles/CBMi5wFBVV95cUxPcG9NTmNtLUZDWW5UaVlMa3JuWUR4UkhDdlFJbGg2REk2NkM4b252cl82V3k4d3NKNlE4RUxyUlNubGxUaHdsLV8zOUFiRVRXMDN3Yy1uQ0Q5eEhOMFlxck5xNy1DOHczVnc4Uy1Qc0MxNU1KQU5KcWhOdnlNWWduUDdBSkFHOS0zRGV1RjNWUzNWNTlDTVd3VHRscFQzZmc5TUtmZjQxb096VjZUVTBTSnBHaGhxQmcwZmZwZ0I0LW9LazdPTUE0T0ZLS1hZallmMXlSTnA1cUFmMFdzR2k5WENmU1lIdVk?oc=5,2026-08-27 18:10:03,Zee Business,"<a href=""https://news.google.com/rss/articles/CBMi5wFBVV95cUxPcG9NTmNtLUZDWW5UaVlMa3JuWUR4UkhDdlFJbGg2REk2NkM4b252cl82V3k4d3NKNlE4RUxyUlNubGxUaHdsLV8zOUFiRVRXMDN3Yy1uQ0Q5eEhOMFlxck5xNy1DOHczVnc4Uy1Qc0MxNU1KQU5KcWhOdnlNWWduUDdBSkFHOS0zRGV1RjNWUzNWNTlDTVd3VHRscFQzZmc5TUtmZjQxb096VjZUVTBTSnBHaGhxQmcwZmZwZ0I0LW9LazdPTUE0T0ZLS1hZallmMXlSTnA1cUFmMFdzR2k5WENmU1lIdVk?oc=5"" target=""_blank"">Weather Forecast August 28: Heavy rain, thunderstorms alert in 22 states; Delhi, Noida, Gurugram, Lucknow to see rain</a>&nbsp;&nbsp;<font color=""#6f6f6f"">Zee Business</font>",Monsoon,en
IMD Weather Alert: Heavy Rain and Flash Flood Risks Hit Uttar Pradesh and Uttarakhand Today - NativePlanet,https://news.google.com/rss/articles/CBMi0wFBVV95cUxOVGp1SWp4YmJ4dWg4Yzd5Y3l3OXdMTXpXY1BOT09FSGQ5MVRZb3NtZnJEN2kxRFNSVW5UTXVmVVBRUktRT3dKNDItQmxxaFVVQWdpOUN0cEluZ09IZjUtYllod1BGbmx4WmVzVzZtdUE4MXA2NFdWR2xlaWpoSnh4RVZmWEtnSXdjU0VXS2EzYThJTnhaS1NwMHVKZVFPd1FVbWdacDNEdHEwb1RzZEpEV3Q2VHA2N2xwSG1mWG1PTTIwNGpVb3A3b2lFZC0xMndnSl9J?oc=5,2026-08-27 08:23:04,NativePlanet,"<a href=""https://news.google.com/rss/articles/CBMi0wFBVV95cUxOVGp1SWp4YmJ4dWg4Yzd5Y3l3OXdMTXpXY1BOT09FSGQ5MVRZb3NtZnJEN2kxRFNSVW5UTXVmVVBRUktRT3dKNDItQmxxaFVVQWdpOUN0cEluZ09IZjUtYllod1BGbmx4WmVzVzZtdUE4MXA2NFdWR2xlaWpoSnh4RVZmWEtnSXdjU0VXS2EzYThJTnhaS1NwMHVKZVFPd1FVbWdacDNEdHEwb1RzZEpEV3Q2VHA2N2xwSG1mWG1PTTIwNGpVb3A3b2lFZC0xMndnSl9J?oc=5"" target=""_blank"">IMD Weather Alert: Heavy Rain and Flash Flood Risks Hit Uttar Pradesh and Uttarakhand Today</a>&nbsp;&nbsp;<font color=""#6f6f6f"">NativePlanet</font>",Monsoon,en
"Weather news, August 28: IMD issues heavy rain alert for 22 states in next 11 hours, strong winds up to 90 km; Check full forecast here - news24online.com",https://news.google.com/rss/articles/CBMiiAJBVV95cUxPMEZPQ0JaS1pBZEY3am9KamcxNUVmLVE4Q1cyTHRXWXdFM1pKcTc2WGdRSk1PdmhGOXZ6LTBQOHVOOHMzM1BHcDNDTVVZdEI3anVqZXZFLURuMXZEb2VCdWxZWWFpX05taE5mYU1sYURmc3J4OHZ2a0Fta3pZUDVaRFNQb21yZjlISDh4b1cwdUlqSTVoRkhNQmZ4SWc5ZDJoWlE5ZHFDT0ZYTW5mTVFjVGV5dkNOX3VHallNdlhsOG1fdmgwRTEyMFl6ZkF5SV9SNDZkbDdPcE5xazlVM1I4X3RwNWpHZG9NM0tyRlJNRy1WREJzVUlVdmlkRjVyVU53M0pHdHdya1Y?oc=5,2026-08-27 16:00:56,news24online.com,"<a href=""https://news.google.com/rss/articles/CBMiiAJBVV95cUxPMEZPQ0JaS1pBZEY3am9KamcxNUVmLVE4Q1cyTHRXWXdFM1pKcTc2WGdRSk1PdmhGOXZ6LTBQOHVOOHMzM1BHcDNDTVVZdEI3anVqZXZFLURuMXZEb2VCdWxZWWFpX05taE5mYU1sYURmc3J4OHZ2a0Fta3pZUDVaRFNQb21yZjlISDh4b1cwdUlqSTVoRkhNQmZ4SWc5ZDJoWlE5ZHFDT0ZYTW5mTVFjVGV5dkNOX3VHallNdlhsOG1fdmgwRTEyMFl6ZkF5SV9SNDZkbDdPcE5xazlVM1I4X3RwNWpHZG9NM0tyRlJNRy1WREJzVUlVdmlkRjVyVU53M0pHdHdya1Y?oc=5"" target=""_blank"">Weather news, August 28: IMD issues heavy rain alert for 22 states in next 11 hours, strong winds up to 90 km; Check full forecast here</a>&nbsp;&nbsp;<font color=""#6f6f6f"">news24online.com</font>",Monsoon,en
"UP Weather Alert: Heavy Rain, Thunderstorms To Lash State; Key Districts Face Flash Flood Risk | Forecast - The Daily Jagran",https://news.google.com/rss/articles/CBMi3wFBVV95cUxQVmtnNkMwa2lwaUtlYjlfMkRIVFBINXJEYU5JNGJ0QWlNNnZ2d2pNOVRQalVtTjdYRmYxTVlaRkswV3d0MVFFb3RRenJjbFQ2UmFSVFp4Rm1vdUM5MHNBdEpWQWdJLWFwR21oUlN6VFNxZkJSNVJZbEZtMUhzMFhOamxxZTRXYndpU3JqaUhKTWpuUHNXX0ZON05EeFRlaDQyRkw2RWExQkd3ZzBfTXFYeC1ibkdIYjhOb0JQTWwzbGFWOGctNmlrU1h6N3VRY0JTMks3a2ZXUWpjc3hiQlFZ?oc=5,2026-08-27 15:59:00,The Daily Jagran,"<a href=""https://news.google.com/rss/articles/CBMi3wFBVV95cUxQVmtnNkMwa2lwaUtlYjlfMkRIVFBINXJEYU5JNGJ0QWlNNnZ2d2pNOVRQalVtTjdYRmYxTVlaRkswV3d0MVFFb3RRenJjbFQ2UmFSVFp4Rm1vdUM5MHNBdEpWQWdJLWFwR21oUlN6VFNxZkJSNVJZbEZtMUhzMFhOamxxZTRXYndpU3JqaUhKTWpuUHNXX0ZON05EeFRlaDQyRkw2RWExQkd3ZzBfTXFYeC1ibkdIYjhOb0JQTWwzbGFWOGctNmlrU1h6N3VRY0JTMks3a2ZXUWpjc3hiQlFZ?oc=5"" target=""_blank"">UP Weather Alert: Heavy Rain, Thunderstorms To Lash State; Key Districts Face Flash Flood Risk | Forecast</a>&nbsp;&nbsp;<font color=""#6f6f6f"">The Daily Jagran</font>",Monsoon,en
"Weather Update: IMD Issues Heavy Rain Alert For MP, Maharashtra; Check Forecast For Delhi-NCR, UP - The Daily Jagran",https://news.google.com/rss/articles/CBMi3gFBVV95cUxPaGRFTlZLd2JFUUlBdy1CNnJJS2JFRWxMMnl2MXA3TzdZSlhrTGxDNjZNeEZzdzlOTGkyampPNVdrYlJ2TFF6c1lkWVBITG9VVHAzdUM5Ui1BSGVTVElxNWk2cmhDYm9XR3JVQlpRbW9Rak56MTJibDdNNUdWcUl1Q2JDVzZXcnMwNVNVTG42bVd6NjBCV281SDR5TkdIOGpPcDZtMFRWbnV0d1ZNV1BCN3pqakI2SUE1VDdydnJBNnZtN3d4Qm1ZdVUydW11c1M5VmlwcmFxc1NQU05ON0E?oc=5,2026-08-27 10:32:00,The Daily Jagran,"<a href=""https://news.google.com/rss/articles/CBMi3gFBVV95cUxPaGRFTlZLd2JFUUlBdy1CNnJJS2JFRWxMMnl2MXA3TzdZSlhrTGxDNjZNeEZzdzlOTGkyampPNVdrYlJ2TFF6c1lkWVBITG9VVHAzdUM5Ui1BSGVTVElxNWk2cmhDYm9XR3JVQlpRbW9Rak56MTJibDdNNUdWcUl1Q2JDVzZXcnMwNVNVTG42bVd6NjBCV281SDR5TkdIOGpPcDZtMFRWbnV0d1ZNV1BCN3pqakI2SUE1VDdydnJBNnZtN3d4Qm1ZdVUydW11c1M5VmlwcmFxc1NQU05ON0E?oc=5"" target=""_blank"">Weather Update: IMD Issues Heavy Rain Alert For MP, Maharashtra; Check Forecast For Delhi-NCR, UP</a>&nbsp;&nbsp;<font color=""#6f6f6f"">The Daily Jagran</font>",Monsoon,en
"IMD Weather Update: IMD gave alert of heavy rain in these 15 states along with UP-Bihar, storm will come a ... - informalnewz",https://news.google.com/rss/articles/CBMi7AFBVV95cUxORmRscXZXNVdrU2FoNzJKZllVRktOUVFRZ2hTWm1rX2ZzaDlvQnFJYUkyWVBUQ210Ti1vd0NNLUozT0NyUmhldGZLR3c3bzZ4eENfLWpPdUlpanZWVVNQdEJISGc5dmJqLUtkX0JFWVBHc2x3aldXeGlBZWVwSXdZaF9DejRMQy1tSUlWendhakRrVU5mSzN0NXUycjBjclYya0hFa0FZUlFZOWUyYU9QcWxhNWFGSWZELVhRQkhTd01WVklHRVhWMkxIZlJYeWotSW1EeUJYdDcwa2E4RjRnUUVRdnJyS3hadEUzRNIB9AFBVV95cUxOQ0JyZnlsSkFPYkhiTlZLc0dXWWNadGY3M1BsbkhrLUpMenFyUlFoSlZOYUtDNnFWY2pPZEk4cEpKMkppQ0Ftc1p4R0dLekpCMWY0VW5iMkpIUVp6OHRXZlF6YTRYWmhEYnNDSmpwM3V6RDEwTkZCX3o4UE9laDRNeEJxRjNpU2pQd21XZVRoc3MyUktpNklqU1EwaTB2MjlzWFEzMjFBUUZ1dldQdWpGT2M5cE5RMXdJSmpfdlhaTDhxVFRJT3RZeV9xYUwwRzFjTkZjZXF5aWlJSzVwLVQ4ZkNwWmttNTVmTG8yejJvdlc2dV9J?oc=5,2026-08-27 10:26:51,informalnewz,"<a href=""https://news.google.com/rss/articles/CBMi7AFBVV95cUxORmRscXZXNVdrU2FoNzJKZllVRktOUVFRZ2hTWm1rX2ZzaDlvQnFJYUkyWVBUQ210Ti1vd0NNLUozT0NyUmhldGZLR3c3bzZ4eENfLWpPdUlpanZWVVNQdEJISGc5dmJqLUtkX0JFWVBHc2x3aldXeGlBZWVwSXdZaF9DejRMQy1tSUlWendhakRrVU5mSzN0NXUycjBjclYya0hFa0FZUlFZOWUyYU9QcWxhNWFGSWZELVhRQkhTd01WVklHRVhWMkxIZlJYeWotSW1EeUJYdDcwa2E4RjRnUUVRdnJyS3hadEUzRNIB9AFBVV95cUxOQ0JyZnlsSkFPYkhiTlZLc0dXWWNadGY3M1BsbkhrLUpMenFyUlFoSlZOYUtDNnFWY2pPZEk4cEpKMkppQ0Ftc1p4R0dLekpCMWY0VW5iMkpIUVp6OHRXZlF6YTRYWmhEYnNDSmpwM3V6RDEwTkZCX3o4UE9laDRNeEJxRjNpU2pQd21XZVRoc3MyUktpNklqU1EwaTB2MjlzWFEzMjFBUUZ1dldQdWpGT2M5cE5RMXdJSmpfdlhaTDhxVFRJT3RZeV9xYUwwRzFjTkZjZXF5aWlJSzVwLVQ4ZkNwWmttNTVmTG8yejJvdlc2dV9J?oc=5"" target=""_blank"">IMD Weather Update: IMD gave alert of heavy rain in these 15 states along with UP-Bihar, storm will come a ...</a>&nbsp;&nbsp;<font color=""#6f6f6f"">informalnewz</font>",Monsoon,en
"IMD Alert: Heavy rain and thunderstorm alert in 14 states in the next 7 hours, with winds reaching 80 mph; ... - informalnewz",https://news.google.com/rss/articles/CBMi3AFBVV95cUxQZk9PalVnQzZXQ3dpaHBxUUtJZndhUDlGY0E5LWpUQzNHQjdOUmRzbTU4RExHSVN4eFFuNzVmQnF6d1VUMXo4NWVBekZzaUpsRm1qU0V4ZmhTcVROSjBkcF9VMEdlMXh4Rm5wUm51eUxRNzVwS3hjazZqTndEVjdfbGMycXlGN01UOGxFNGw3bjFlbzU5YndSb25iTWl2Zy1FTUhmZmt4aUFTMk9NcXd3OHJ0Y3FjYjcweGM5N2FjdkpMWGlMTUtHbFRUYjI4VDRpYXpmTU5yRl8xSDk20gHkAUFVX3lxTFBZVF9qVGExMklYVEZoYmJ4dWxoY0JqQlFGeHR3U3QtQy1qeTFmYzVVUHk4V1A1RWo0dlVuek81bFQ2aHdRNEhOZ3BlbkNFVVo1X2w2d25wT3pPQVQ2OENhTTdGN3hORWFOSGV3c1B5TzJ4bEVMakV4UVAzSUxlZFhjUDFQVUdYVW9sQk9iWDd2RzBwR29kN3MxZDhvYTA0ZnJOSWVqY1M5azhFOTB0ZjAtNjRSMklUQkE2YnFDY3R2Q3F3N28yQlhSVEZCVGtWcDIyN3JndGdUOXJweVp4NkxFZWJWQw?oc=5,2026-08-27 06:49:08,informalnewz,"<a href=""https://news.google.com/rss/articles/CBMi3AFBVV95cUxQZk9PalVnQzZXQ3dpaHBxUUtJZndhUDlGY0E5LWpUQzNHQjdOUmRzbTU4RExHSVN4eFFuNzVmQnF6d1VUMXo4NWVBekZzaUpsRm1qU0V4ZmhTcVROSjBkcF9VMEdlMXh4Rm5wUm51eUxRNzVwS3hjazZqTndEVjdfbGMycXlGN01UOGxFNGw3bjFlbzU5YndSb25iTWl2Zy1FTUhmZmt4aUFTMk9NcXd3OHJ0Y3FjYjcweGM5N2FjdkpMWGlMTUtHbFRUYjI4VDRpYXpmTU5yRl8xSDk20gHkAUFVX3lxTFBZVF9qVGExMklYVEZoYmJ4dWxoY0JqQlFGeHR3U3QtQy1qeTFmYzVVUHk4V1A1RWo0dlVuek81bFQ2aHdRNEhOZ3BlbkNFVVo1X2w2d25wT3pPQVQ2OENhTTdGN3hORWFOSGV3c1B5TzJ4bEVMakV4UVAzSUxlZFhjUDFQVUdYVW9sQk9iWDd2RzBwR29kN3MxZDhvYTA0ZnJOSWVqY1M5azhFOTB0ZjAtNjRSMklUQkE2YnFDY3R2Q3F3N28yQlhSVEZCVGtWcDIyN3JndGdUOXJweVp4NkxFZWJWQw?oc=5"" target=""_blank"">IMD Alert: Heavy rain and thunderstorm alert in 14 states in the next 7 hours, with winds reaching 80 mph; ...</a>&nbsp;&nbsp;<font color=""#6f6f6f"">informalnewz</font>",Monsoon,en
"IMD Predicts Widespread Rain In Several States, Generally Cloudy Skies In Delhi-NCR - ETV Bharat",https://news.google.com/rss/articles/CBMizgFBVV95cUxORld6TnFVWHRWTjU0cGZPak5uY0lFSDZRSkx0UUcyRXdsQmxhdWs3WGtDMnVpZVNzbU5LRUQ1YzVvbC1LR0dxc3VscExXSGRpMWl1U21vZWdRbVkwbGd3NnZIZXlNZHVZd2ZoaEp0M3FFYjZ1cDBhUG9NaVZUNlpURVRWZUJpbzFmWWpvbmtCMlVlUjJvSkFkdmgwcjVjYWxKeDgydl94cUtzYVZxSGg1aWVRY2x0eng5RmdqZTVYSlV6WmRiUHh6YUZYaHVWQdIB0wFBVV95cUxPOXliRk16akN1SHVxTTNVTWFYSGxDUTRmSk53YjNTYzJWR196eUJpR0JNRzhHU1cwdHVZUERLSkF0eDRCTElKSzV1ajd5aGh6OGE5OG1tN0VSQkc3T05oVmJCanNGMlNmWXRnRTY3elQwNHpid29qSEVlVFlITV9za3RKZXJ1V0ZjY01KNDh3dl8zTFp2eGlXX29xbmFTWlZHWTR3Ti1ZdjFKdWlFRWgyOUZFRHFTQVU5c0lQTVpuZVFVaGUzYWFNcVNyd2MzRWZGMDV3?oc=5,2026-08-27 14:15:29,ETV Bharat,"<a href=""https://news.google.com/rss/articles/CBMizgFBVV95cUxORld6TnFVWHRWTjU0cGZPak5uY0lFSDZRSkx0UUcyRXdsQmxhdWs3WGtDMnVpZVNzbU5LRUQ1YzVvbC1LR0dxc3VscExXSGRpMWl1U21vZWdRbVkwbGd3NnZIZXlNZHVZd2ZoaEp0M3FFYjZ1cDBhUG9NaVZUNlpURVRWZUJpbzFmWWpvbmtCMlVlUjJvSkFkdmgwcjVjYWxKeDgydl94cUtzYVZxSGg1aWVRY2x0eng5RmdqZTVYSlV6WmRiUHh6YUZYaHVWQdIB0wFBVV95cUxPOXliRk16akN1SHVxTTNVTWFYSGxDUTRmSk53YjNTYzJWR196eUJpR0JNRzhHU1cwdHVZUERLSkF0eDRCTElKSzV1ajd5aGh6OGE5OG1tN0VSQkc3T05oVmJCanNGMlNmWXRnRTY3elQwNHpid29qSEVlVFlITV9za3RKZXJ1V0ZjY01KNDh3dl8zTFp2eGlXX29xbmFTWlZHWTR3Ti1ZdjFKdWlFRWgyOUZFRHFTQVU5c0lQTVpuZVFVaGUzYWFNcVNyd2MzRWZGMDV3?oc=5"" target=""_blank"">IMD Predicts Widespread Rain In Several States, Generally Cloudy Skies In Delhi-NCR</a>&nbsp;&nbsp;<font color=""#6f6f6f"">ETV Bharat</font>",Monsoon,en
Heavy rainfall to prevail over eastern and north eastern states for next two days - News On AIR,https://news.google.com/rss/articles/CBMiqwFBVV95cUxPZXlJQ0pNeDA5eWcwQjB1YlVGR0dZVmVKNVJkdEJhTlBPT3Vad1RkbkdVUURSd3M2MnBFSk41ZmNVSTRJV0VXWTNkTWZiQ3lWNUZ5UzhFcjd3SG5WRXNfZEprZjFkZlFvaFhpeGlja29CMTY4dDdXanRiMEs3cXA0cG9tZ081N040QmVzQXZaWUprZW5xWl9fYTlqc2NYZklqZmJHWkp1eE1ZcEU?oc=5,2026-08-27 17:22:12,News On AIR,"<a href=""https://news.google.com/rss/articles/CBMiqwFBVV95cUxPZXlJQ0pNeDA5eWcwQjB1YlVGR0dZVmVKNVJkdEJhTlBPT3Vad1RkbkdVUURSd3M2MnBFSk41ZmNVSTRJV0VXWTNkTWZiQ3lWNUZ5UzhFcjd3SG5WRXNfZEprZjFkZlFvaFhpeGlja29CMTY4dDdXanRiMEs3cXA0cG9tZ081N040QmVzQXZaWUprZW5xWl9fYTlqc2NYZklqZmJHWkp1eE1ZcEU?oc=5"" target=""_blank"">Heavy rainfall to prevail over eastern and north eastern states for next two days</a>&nbsp;&nbsp;<font color=""#6f6f6f"">News On AIR</font>",Monsoon,en
Nepal floods: Rain-bearing ‘low’ shifts to south-east UP as monsoon stays active - BusinessLine,https://news.google.com/rss/articles/CBMi7AFBVV95cUxPUHpqOWhHeWNhWElOZnpTUlpYYUZUVjBPakZOU1JpdWhxVkEyeXN3NnUzR3ZBczNoLUdYd3QzWTE2QXlqaUZFamV4Xy1VZC1IWjBUNEV2Tk9oTkIta0hsVEF2NzdzejBwZlF0Q2VvZzlrcV92SVhUNHlkNktBb3V1U3VDQmZCZ2premVieklFS3BoZXhOS0tnQkQxTnp0WVdzUUFuOG9FVFNGMGdjdm5QOHJjZG5yYkhDOU5VSzlFQ2sxajVfRzBiUXFpLTlDNmtuOEN4MFpDczNRWUNZcDViQ0w2TUFuYV94UjNvSdIB8wFBVV95cUxOa056c3N3blBySEE3eW5BTGRlSGIwY2p6WF9qRG9BYmt2NmVYYW9TTFdxRkx4SE5Wdm80bHlPYWxhd0NITlVESll2UnhGaC0xTjhTWk1VbjRlNGhEejZKTnhXQUE5TzlKb0Iyc3BuTmJPemQzWkFNYVJ3R0JQRW4ySGxSU2RMb3JIcFd3MnplZ0NGQnlXMDJpNG9jOGxZeDAtd0pNdFVfcUIxUUgzZENnQXFOVmpzTUlMZDZ4SXB4OEVlbGRrS2pyZE9SN19IVnp5b3ZZWFRVYWxkMWNsX1hTY1lfSm9sWVpFbEdOV0w0Wi1KYWs?oc=5,2026-08-27 12:33:30,BusinessLine,"<a href=""https://news.google.com/rss/articles/CBMi7AFBVV95cUxPUHpqOWhHeWNhWElOZnpTUlpYYUZUVjBPakZOU1JpdWhxVkEyeXN3NnUzR3ZBczNoLUdYd3QzWTE2QXlqaUZFamV4Xy1VZC1IWjBUNEV2Tk9oTkIta0hsVEF2NzdzejBwZlF0Q2VvZzlrcV92SVhUNHlkNktBb3V1U3VDQmZCZ2premVieklFS3BoZXhOS0tnQkQxTnp0WVdzUUFuOG9FVFNGMGdjdm5QOHJjZG5yYkhDOU5VSzlFQ2sxajVfRzBiUXFpLTlDNmtuOEN4MFpDczNRWUNZcDViQ0w2TUFuYV94UjNvSdIB8wFBVV95cUxOa056c3N3blBySEE3eW5BTGRlSGIwY2p6WF9qRG9BYmt2NmVYYW9TTFdxRkx4SE5Wdm80bHlPYWxhd0NITlVESll2UnhGaC0xTjhTWk1VbjRlNGhEejZKTnhXQUE5TzlKb0Iyc3BuTmJPemQzWkFNYVJ3R0JQRW4ySGxSU2RMb3JIcFd3MnplZ0NGQnlXMDJpNG9jOGxZeDAtd0pNdFVfcUIxUUgzZENnQXFOVmpzTUlMZDZ4SXB4OEVlbGRrS2pyZE9SN19IVnp5b3ZZWFRVYWxkMWNsX1hTY1lfSm9sWVpFbEdOV0w0Wi1KYWs?oc=5"" target=""_blank"">Nepal floods: Rain-bearing ‘low’ shifts to south-east UP as monsoon stays active</a>&nbsp;&nbsp;<font color=""#6f6f6f"">BusinessLine</font>",Monsoon,en
"Weather today, August 27: Will monsoon intensify in UP, Bihar? Check state-wise forecast - The Economic Times",https://news.google.com/rss/articles/CBMi6wFBVV95cUxPT3FZNU04V042R0R2Z2R2eHVORzFxdzMybDIzTmI0UEw0dW40TVZDa0dBRkg2S2xwRElJSGM2VnByZVpxZDNXZ3dlSEZ3WFJ1Sm5JbTJpUFQ0QlRwd3R4QXlCOV9vWF9kVnhOR01jNjhjVkdBc2RZMzVQM1BnVHpQNGpYc1MwaEVsQjRLWlg3dkJuMHBwNU5oOXRzVFQ0SFZ3QUNkVlFQT3VJT2Zkci1jc2V4aVZOUk5IWHRYSjZUcjU2NE0zTkFRanJkV09WS3d5TElnTThhbmQwVlFvY0F4Nm53NmNhZms5Wlhn0gHwAUFVX3lxTFBaQWVBUjRpNWpfRkgwSDNqZkNoR0RTYnBfa3VNV2hmeE9tWXk5OFkxVjUwZFZBREJwdzVja3FORWx0WXZySDNVdF9iOENCQ3ZHejFfOGlEeTJPZGJkUUlCTVI1NG5mVUoxWFhhZ1Y3MzNmUWgzWXlDbXhIcWZqbXZUYXFfb0tjRDM5c2JPOElOYlE5bnNXcTZ2Yk93OGhvbFk4YWdkakFacE5yTFVVZ09YV2o3aVdEQkdHa0dKR2FkSW9TeExzcVQ3Z2RycVp4RFBoNkZVZ2Q4R0k5akFsZ3hoUUZ6VFRCVVlyejI4YV9GOA?oc=5,2026-08-27 00:15:49,The Economic Times,"<a href=""https://news.google.com/rss/articles/CBMi6wFBVV95cUxPT3FZNU04V042R0R2Z2R2eHVORzFxdzMybDIzTmI0UEw0dW40TVZDa0dBRkg2S2xwRElJSGM2VnByZVpxZDNXZ3dlSEZ3WFJ1Sm5JbTJpUFQ0QlRwd3R4QXlCOV9vWF9kVnhOR01jNjhjVkdBc2RZMzVQM1BnVHpQNGpYc1MwaEVsQjRLWlg3dkJuMHBwNU5oOXRzVFQ0SFZ3QUNkVlFQT3VJT2Zkci1jc2V4aVZOUk5IWHRYSjZUcjU2NE0zTkFRanJkV09WS3d5TElnTThhbmQwVlFvY0F4Nm53NmNhZms5Wlhn0gHwAUFVX3lxTFBaQWVBUjRpNWpfRkgwSDNqZkNoR0RTYnBfa3VNV2hmeE9tWXk5OFkxVjUwZFZBREJwdzVja3FORWx0WXZySDNVdF9iOENCQ3ZHejFfOGlEeTJPZGJkUUlCTVI1NG5mVUoxWFhhZ1Y3MzNmUWgzWXlDbXhIcWZqbXZUYXFfb0tjRDM5c2JPOElOYlE5bnNXcTZ2Yk93OGhvbFk4YWdkakFacE5yTFVVZ09YV2o3aVdEQkdHa0dKR2FkSW9TeExzcVQ3Z2RycVp4RFBoNkZVZ2Q4R0k5akFsZ3hoUUZ6VFRCVVlyejI4YV9GOA?oc=5"" target=""_blank"">Weather today, August 27: Will monsoon intensify in UP, Bihar? Check state-wise forecast</a>&nbsp;&nbsp;<font color=""#6f6f6f"">The Economic Times</font>",Monsoon,en
India to get widespread rainfall over the week: IMD - Livemint,https://news.google.com/rss/articles/CBMi8AFBVV95cUxPbTBUZ1RjMVB5OG9MSlpIOGMtbTVYWUJBdFh2dEpQbTZ1UjNoRHp6aWhiUTZLWDZKZTV4R3g3d3VpYnFHSHdZWG12VkhsYzExZk95dDNVdjBRR283LTgzamw0VzBRblQ3NGJtMG54clZNNHJmZzhSbV8zSC1yUUlhb2g5QWRNVV9xNzkyUVZ1akhNZFQwSHNrbXM5THB4RG54aVhPLXd4cWowN250aTlTTGhRNlpyVGljNE1zSHprY0FiQnd6Z3J5aFBWc3ZTNnl1RE5pOGp6dV9wMHJsYmdjb1lyNTZ1Y1hRSTBna1JJVTfSAfABQVVfeXFMT20wVGdUYzFQeThvTEpaSDhjLW01WFlCQXRYdnRKUG02dVIzaER6emloYlE2S1g2SmU1eEd4N3d1aWJxR0h3WVhtdlZIbGMxMWZPeXQzVXYwUUdvNy04M2psNFcwUW5UNzRibTBueHJWTTRyZmc4Um1fM0gtclFJYW9oOUFkTVVfcTc5MlFWdWpITWRUMEhza21zOUxweERueGlYTy13eHFqMDdudGk5U0xoUTZaclRpYzRNc0h6a2NBYkJ3emdyeWhQVnN2UzZ5dUROaThqenVfcDBybGJnY29ZcjU2dWNYUUkwZ2tSSVU3?oc=5,2026-08-27 19:23:56,Livemint,"<a href=""https://news.google.com/rss/articles/CBMi8AFBVV95cUxPbTBUZ1RjMVB5OG9MSlpIOGMtbTVYWUJBdFh2dEpQbTZ1UjNoRHp6aWhiUTZLWDZKZTV4R3g3d3VpYnFHSHdZWG12VkhsYzExZk95dDNVdjBRR283LTgzamw0VzBRblQ3NGJtMG54clZNNHJmZzhSbV8zSC1yUUlhb2g5QWRNVV9xNzkyUVZ1akhNZFQwSHNrbXM5THB4RG54aVhPLXd4cWowN250aTlTTGhRNlpyVGljNE1zSHprY0FiQnd6Z3J5aFBWc3ZTNnl1RE5pOGp6dV9wMHJsYmdjb1lyNTZ1Y1hRSTBna1JJVTfSAfABQVVfeXFMT20wVGdUYzFQeThvTEpaSDhjLW01WFlCQXRYdnRKUG02dVIzaER6emloYlE2S1g2SmU1eEd4N3d1aWJxR0h3WVhtdlZIbGMxMWZPeXQzVXYwUUdvNy04M2psNFcwUW5UNzRibTBueHJWTTRyZmc4Um1fM0gtclFJYW9oOUFkTVVfcTc5MlFWdWpITWRUMEhza21zOUxweERueGlYTy13eHFqMDdudGk5U0xoUTZaclRpYzRNc0h6a2NBYkJ3emdyeWhQVnN2UzZ5dUROaThqenVfcDBybGJnY29ZcjU2dWNYUUkwZ2tSSVU3?oc=5"" target=""_blank"">India to get widespread rainfall over the week: IMD</a>&nbsp;&nbsp;<font color=""#6f6f6f"">Livemint</font>",Monsoon,en
"'In-Built Waterfall Technology': Kanpur Road Caves in After Heavy Rainfall, 18-Foot-Deep Hole Turns Into ‘Waterfall’ - NewsGram",https://news.google.com/rss/articles/CBMitAFBVV95cUxOMTZadlhZLVVPLTR5MjRMV1Q2cElEY2ZIRl9paU52V3MtamE0US1MMGFLTXJaX1RBb0wzV0hjXzI5RHhHMFltQVhCYVQ4aDNwclJ5VDJiOU45ZFdMeHdQalh0WkVESlRaQi1QNXNITG5KdG1hTGsyWXpKRWVGcm9jOU1RcDl1MVN5bmdER3MzSzhTMXdLdXNYd3YzYWpmWFliZmFoWU0ya0xfRTlpQkFGV1puYlDSAbQBQVVfeXFMTjE2WnZYWS1VTy00eTI0TFdUNnBJRGNmSEZfaWlOdldzLWphNFEtTDBhS01yWl9UQW9MM1dIY18yOUR4RzBZbUFYQmFUOGgzcHJSeVQyYjlOOWRXTHh3UGpYdFpFREpUWkItUDVzSExuSnRtYUxrMll6SkVlRnJvYzlNUXA5dTFTeW5nREdzM0s4UzF3S3VzWHd2M2FqZlhZYmZhaFlNMmtMX0U5aUJBRldabmJQ?oc=5,2026-08-27 15:32:43,NewsGram,"<a href=""https://news.google.com/rss/articles/CBMitAFBVV95cUxOMTZadlhZLVVPLTR5MjRMV1Q2cElEY2ZIRl9paU52V3MtamE0US1MMGFLTXJaX1RBb0wzV0hjXzI5RHhHMFltQVhCYVQ4aDNwclJ5VDJiOU45ZFdMeHdQalh0WkVESlRaQi1QNXNITG5KdG1hTGsyWXpKRWVGcm9jOU1RcDl1MVN5bmdER3MzSzhTMXdLdXNYd3YzYWpmWFliZmFoWU0ya0xfRTlpQkFGV1puYlDSAbQBQVVfeXFMTjE2WnZYWS1VTy00eTI0TFdUNnBJRGNmSEZfaWlOdldzLWphNFEtTDBhS01yWl9UQW9MM1dIY18yOUR4RzBZbUFYQmFUOGgzcHJSeVQyYjlOOWRXTHh3UGpYdFpFREpUWkItUDVzSExuSnRtYUxrMll6SkVlRnJvYzlNUXA5dTFTeW5nREdzM0s4UzF3S3VzWHd2M2FqZlhZYmZhaFlNMmtMX0U5aUJBRldabmJQ?oc=5"" target=""_blank"">'In-Built Waterfall Technology': Kanpur Road Caves in After Heavy Rainfall, 18-Foot-Deep Hole Turns Into ‘Waterfall’</a>&nbsp;&nbsp;<font color=""#6f6f6f"">NewsGram</font>",Monsoon,en
"Bihar, Uttar Pradesh on alert after deadly Nepal flash floods - The Hindu",https://news.google.com/rss/articles/CBMisgFBVV95cUxPTDAwblc3U3AtMlZELTM0RHFoQUZfSjBoc1BWLVJ6NmlmYlVPSU1ld04wRkFST0UwWHBqT0NOWWFwSWhjRlFRV2twNTVwd2JNbU1sYWtOV2tJZjFqZ0RvMmFNLTNpcnYydW9WOFE0VUp2aUw0TnFnTmowQ2N2OHpfaWo2b29LSHVUb2hheE4tWFU1bDBvMGU0UDA5NHYyeVhabGtaZVBCTFkzNmxkOG0wM3FB0gG4AUFVX3lxTE1XNE9PQVJEclRucTZFWmJLcDl2SU1ETWRHZmF4NTF5Yi1UdzJZdjF0TmpHSXZQMC1xMXhONGFmeXVPMmUtNVE2Q2lNZ0JyVy1Gbnp2SHB5WVMzNWFHTU5CODlRVEJxYktBZGJlbWJrbGxCc3dvaC03UGFUMnp4R2dwRmtGa1RFb1l6YV81cS1GaERNamRrejdvRWVLeFFteHBBeTlCeWE5aVQ1NDVZLXh3N1ZsOGNVV3I?oc=5,2026-08-27 15:45:17,The Hindu,"<a href=""https://news.google.com/rss/articles/CBMisgFBVV95cUxPTDAwblc3U3AtMlZELTM0RHFoQUZfSjBoc1BWLVJ6NmlmYlVPSU1ld04wRkFST0UwWHBqT0NOWWFwSWhjRlFRV2twNTVwd2JNbU1sYWtOV2tJZjFqZ0RvMmFNLTNpcnYydW9WOFE0VUp2aUw0TnFnTmowQ2N2OHpfaWo2b29LSHVUb2hheE4tWFU1bDBvMGU0UDA5NHYyeVhabGtaZVBCTFkzNmxkOG0wM3FB0gG4AUFVX3lxTE1XNE9PQVJEclRucTZFWmJLcDl2SU1ETWRHZmF4NTF5Yi1UdzJZdjF0TmpHSXZQMC1xMXhONGFmeXVPMmUtNVE2Q2lNZ0JyVy1Gbnp2SHB5WVMzNWFHTU5CODlRVEJxYktBZGJlbWJrbGxCc3dvaC03UGFUMnp4R2dwRmtGa1RFb1l6YV81cS1GaERNamRrejdvRWVLeFFteHBBeTlCeWE5aVQ1NDVZLXh3N1ZsOGNVV3I?oc=5"" target=""_blank"">Bihar, Uttar Pradesh on alert after deadly Nepal flash floods</a>&nbsp;&nbsp;<font color=""#6f6f6f"">The Hindu</font>",Monsoon,en
Nepal And India Share Narayani-Gandak River And Flood Risk That Comes With It - NDTV,https://news.google.com/rss/articles/CBMi0wFBVV95cUxNT21TLWgxZ2hwYWNyZnVYTE5raEtlbzgyb0FFSGViR3JpVnZMU0pMZXNUSTE2eUFnRDU4cnBoSTlxTXRYdjVvTXFFbXIwZHRzQUI3aFdqNnBlYTRhUlZ1MzNrMnlIT0Q5eWJZd3paR2NvWFBMSUtiWURZX3IxUTlRNTJmNUJCQ180VmNFdDlmbjQ1Vy1iWm8ydW5TQ1k2UmFmNXBYV01URDQ1T1ZPQWQzNVJQLW4xc2M5TmZIU09DbzBvZE1MaWtUclROeTFPQXhLVkZV0gHbAUFVX3lxTE9SajFYcDJ0SGV4ZGZIOEhMeU1jNHB5WWpwekVsMHpfWU1OcnRMdi15RUUwbEppVm1UUWVHVXZlLXF5SVFQbm82bndWY0JiRFpmSzZvcXFtWktqTDAxZkU0LWYxdmxVMzAwdkRTWXVsd21pQVdWdUtFbTA0b1d3SmtST3d6OERfRFgtSldMTFVMa1RvQzF2VnRMWTZNd1VpSUZFYlBMMG1hZ2x5ekZzX3lEZTRIM1lzUHIwbWNBU0RLTFhOLXdyenMtWkFQMXVYQUJ0VXZXcVVyZDYxcw?oc=5,2026-08-27 11:29:10,NDTV,"<a href=""https://news.google.com/rss/articles/CBMi0wFBVV95cUxNT21TLWgxZ2hwYWNyZnVYTE5raEtlbzgyb0FFSGViR3JpVnZMU0pMZXNUSTE2eUFnRDU4cnBoSTlxTXRYdjVvTXFFbXIwZHRzQUI3aFdqNnBlYTRhUlZ1MzNrMnlIT0Q5eWJZd3paR2NvWFBMSUtiWURZX3IxUTlRNTJmNUJCQ180VmNFdDlmbjQ1Vy1iWm8ydW5TQ1k2UmFmNXBYV01URDQ1T1ZPQWQzNVJQLW4xc2M5TmZIU09DbzBvZE1MaWtUclROeTFPQXhLVkZV0gHbAUFVX3lxTE9SajFYcDJ0SGV4ZGZIOEhMeU1jNHB5WWpwekVsMHpfWU1OcnRMdi15RUUwbEppVm1UUWVHVXZlLXF5SVFQbm82bndWY0JiRFpmSzZvcXFtWktqTDAxZkU0LWYxdmxVMzAwdkRTWXVsd21pQVdWdUtFbTA0b1d3SmtST3d6OERfRFgtSldMTFVMa1RvQzF2VnRMWTZNd1VpSUZFYlBMMG1hZ2x5ekZzX3lEZTRIM1lzUHIwbWNBU0RLTFhOLXdyenMtWkFQMXVYQUJ0VXZXcVVyZDYxcw?oc=5"" target=""_blank"">Nepal And India Share Narayani-Gandak River And Flood Risk That Comes With It</a>&nbsp;&nbsp;<font color=""#6f6f6f"">NDTV</font>",Monsoon,en
"India watches Nepal flood crisis, puts NDRF on high alert in UP, Bihar | India News - Hindustan Times",https://news.google.com/rss/articles/CBMi4wFBVV95cUxOazVESDd5SF9JTlQySHZJT3ZtbUV1SkJVWWZKbGFqZGxONEFjNDhYMUVYNVZsNG9lM3g0dEh6UVpMM003cmRhNFN1bkdvVXN1S0c3a25aWmY1N0ktRXMyWjVSV1lCWnczUDNEaW4tSDZ5NEtVMEx4UjgxOE1qcFBzdXEzZlRwZWUwa01UUzNzLVJ6T0pmWHJVWk9MTkJfclRkTFZtQ0lFUDI2cEMwaXpJLXQzRzZkYmJWck51LVRiMGlxYk13M0VQX0xPeXY0b2JCWGtMWjBDTUo5TUFaOV8xTi1WNNIB6AFBVV95cUxOY1FzenlwSjhCWTNHUE4tTE5pU0doZVRPUTlZTFBQZWtsMG9NRnlqcnNYOUxQcjNoM2ZhRWhtNG5uWFJxWVBOYjBzaWxzVU05cXBLRk9JRW84aVVjckc0SHRaYUtrUEJXSkk1dld4Mlo1NWFLcHFqZUVuWkVaQzY5WFFVNGVyc2dVOFdwLTE0aGJNa3YweDNneEN3RHZodG9BS3VmOWhaR21KZnZMWmVORE9WajVZUEs1Vmx4RGpKZmpaUGhaaW16cDNnS0ZMUzBGVTgxb01GZEtQVEJYczlSbTVrcENnOFRy?oc=5,2026-08-27 07:33:09,Hindustan Times,"<a href=""https://news.google.com/rss/articles/CBMi4wFBVV95cUxOazVESDd5SF9JTlQySHZJT3ZtbUV1SkJVWWZKbGFqZGxONEFjNDhYMUVYNVZsNG9lM3g0dEh6UVpMM003cmRhNFN1bkdvVXN1S0c3a25aWmY1N0ktRXMyWjVSV1lCWnczUDNEaW4tSDZ5NEtVMEx4UjgxOE1qcFBzdXEzZlRwZWUwa01UUzNzLVJ6T0pmWHJVWk9MTkJfclRkTFZtQ0lFUDI2cEMwaXpJLXQzRzZkYmJWck51LVRiMGlxYk13M0VQX0xPeXY0b2JCWGtMWjBDTUo5TUFaOV8xTi1WNNIB6AFBVV95cUxOY1FzenlwSjhCWTNHUE4tTE5pU0doZVRPUTlZTFBQZWtsMG9NRnlqcnNYOUxQcjNoM2ZhRWhtNG5uWFJxWVBOYjBzaWxzVU05cXBLRk9JRW84aVVjckc0SHRaYUtrUEJXSkk1dld4Mlo1NWFLcHFqZUVuWkVaQzY5WFFVNGVyc2dVOFdwLTE0aGJNa3YweDNneEN3RHZodG9BS3VmOWhaR21KZnZMWmVORE9WajVZUEs1Vmx4RGpKZmpaUGhaaW16cDNnS0ZMUzBGVTgxb01GZEtQVEJYczlSbTVrcENnOFRy?oc=5"" target=""_blank"">India watches Nepal flood crisis, puts NDRF on high alert in UP, Bihar | India News</a>&nbsp;&nbsp;<font color=""#6f6f6f"">Hindustan Times</font>",Monsoon,en
Nepal flash floods: Villagers in Bihar-UP anxious after alert - Rediff,https://news.google.com/rss/articles/CBMirAFBVV95cUxPUFFrNmpHcnFEd0ZpaHdMaEFUbTdJX0dhd0F2TFJMNllOSWZST2tQdmp1ajZkQ0ZkRDNKTGQ1QUFTcnVmODZVNDZkckdNLWtPc1VfbjJNMmRGWXFZYmhEbWZrSlowUmd5QlR3SWRPbzRfdGw4a1dieW1LWE8ycnFJcVNSRFhvd24wbDdkVjd4am9SRF9ILXJGN0d4aF9hV29lV1lFczZEcy1OSlhh0gGvAUFVX3lxTE9MUzRaVDY3UFd4bXB1UjgwdlIzOGdfeVh6YWlfazBmY05LeFRpaVJkRC1GRTFhZTkydzVpbmdxSkVsV0pTYkVHNGt0SldUbW5vTUQ2bXIzNk5hMzJXaUFLRTZVRlRFaUEzeE9YeEp2dlJHZ1hFVFdmZFgwSkRXbmpTcHVJcHdqQ0lFcWJ2dzFSNFpHbUVlSWFuZDhlbHFHdE9QV3ktMnlFYzVQSmV5a2s?oc=5,2026-08-27 10:23:10,Rediff,"<a href=""https://news.google.com/rss/articles/CBMirAFBVV95cUxPUFFrNmpHcnFEd0ZpaHdMaEFUbTdJX0dhd0F2TFJMNllOSWZST2tQdmp1ajZkQ0ZkRDNKTGQ1QUFTcnVmODZVNDZkckdNLWtPc1VfbjJNMmRGWXFZYmhEbWZrSlowUmd5QlR3SWRPbzRfdGw4a1dieW1LWE8ycnFJcVNSRFhvd24wbDdkVjd4am9SRF9ILXJGN0d4aF9hV29lV1lFczZEcy1OSlhh0gGvAUFVX3lxTE9MUzRaVDY3UFd4bXB1UjgwdlIzOGdfeVh6YWlfazBmY05LeFRpaVJkRC1GRTFhZTkydzVpbmdxSkVsV0pTYkVHNGt0SldUbW5vTUQ2bXIzNk5hMzJXaUFLRTZVRlRFaUEzeE9YeEp2dlJHZ1hFVFdmZFgwSkRXbmpTcHVJcHdqQ0lFcWJ2dzFSNFpHbUVlSWFuZDhlbHFHdE9QV3ktMnlFYzVQSmV5a2s?oc=5"" target=""_blank"">Nepal flash floods: Villagers in Bihar-UP anxious after alert</a>&nbsp;&nbsp;<font color=""#6f6f6f"">Rediff</font>",Monsoon,en
"Bihar & Uttar Pradesh on alert after Nepal flash floods, NDRF teams deployed in border areas - ThePrint",https://news.google.com/rss/articles/CBMiwgFBVV95cUxNNjFTZ0IwcEp6UUVWOHliR2Y2aTQ0QzJzVDlzY3JUNzluWlpoLXRSTll6bkNRT2xfM00tdTdwWm1pcmJISGpxRlpqeWVCb2czaU5EVWJ3R2pvNmFXS3JENjlEbHhFc2w2VTZDenNldVJ5RG9HUU5Qa1VvaWV4SUVpN1dxRVVZQ28xeDBHUWJoU0ZpUzFFN1hqbmlRUW8yZElqd2VrZFk4ZDBDTEV0enc2S29HNGpIRFVhU01zS3A1Q2hmQQ?oc=5,2026-08-27 11:24:08,ThePrint,"<a href=""https://news.google.com/rss/articles/CBMiwgFBVV95cUxNNjFTZ0IwcEp6UUVWOHliR2Y2aTQ0QzJzVDlzY3JUNzluWlpoLXRSTll6bkNRT2xfM00tdTdwWm1pcmJISGpxRlpqeWVCb2czaU5EVWJ3R2pvNmFXS3JENjlEbHhFc2w2VTZDenNldVJ5RG9HUU5Qa1VvaWV4SUVpN1dxRVVZQ28xeDBHUWJoU0ZpUzFFN1hqbmlRUW8yZElqd2VrZFk4ZDBDTEV0enc2S29HNGpIRFVhU01zS3A1Q2hmQQ?oc=5"" target=""_blank"">Bihar & Uttar Pradesh on alert after Nepal flash floods, NDRF teams deployed in border areas</a>&nbsp;&nbsp;<font color=""#6f6f6f"">ThePrint</font>",Monsoon,en
"NDRF on high alert as Nepal flash flood threatens Gandak; Bihar, UP deploy rescue teams in vulnerable areas - ANI News",https://news.google.com/rss/articles/CBMi_gFBVV95cUxOQWhGb0U2VUFUTUhaaXA2b2VDQjFUSEFxN2d1b3EwQm5mUk9DSE5zRE1fTTU3TlR2TTJaUDc4a1E4djZCbnZUZmRLcko4NFo1RnhGSXcyNHNNY3ZDY0dKUHl3aElfVUh5VHVJQjhySER6eTVOckpwX1RGTzFjdzdvYkNRbU1CWTJPWUZpRFVVUS04T3JUNVIxWnZYcXVCSDNPajNhYWNfT3RCR3ZrbWdhRzVhS0t1YUgwUEdFeDNwWTFnUjgtN2ZWNHRBazNqZDJtZE5FLVNFLVNfeTJzSVdWMTJpcDFPRnQ4U0lMSmlFM2Fvc2tfOGYwX1pEVkt4Zw?oc=5,2026-08-27 03:37:00,ANI News,"<a href=""https://news.google.com/rss/articles/CBMi_gFBVV95cUxOQWhGb0U2VUFUTUhaaXA2b2VDQjFUSEFxN2d1b3EwQm5mUk9DSE5zRE1fTTU3TlR2TTJaUDc4a1E4djZCbnZUZmRLcko4NFo1RnhGSXcyNHNNY3ZDY0dKUHl3aElfVUh5VHVJQjhySER6eTVOckpwX1RGTzFjdzdvYkNRbU1CWTJPWUZpRFVVUS04T3JUNVIxWnZYcXVCSDNPajNhYWNfT3RCR3ZrbWdhRzVhS0t1YUgwUEdFeDNwWTFnUjgtN2ZWNHRBazNqZDJtZE5FLVNFLVNfeTJzSVdWMTJpcDFPRnQ4U0lMSmlFM2Fvc2tfOGYwX1pEVkt4Zw?oc=5"" target=""_blank"">NDRF on high alert as Nepal flash flood threatens Gandak; Bihar, UP deploy rescue teams in vulnerable areas</a>&nbsp;&nbsp;<font color=""#6f6f6f"">ANI News</font>",Monsoon,en
"Nepal Floods 2026, Causes, Map, Impact, Areas on Alert in India - Vajiram & Ravi",https://news.google.com/rss/articles/CBMiZkFVX3lxTE1wRTFJYm8tVThBbm1oRVNyNXRWcnVFMS1wMzEtWDBLYnBpYzVlODc3VlcyMGM1a1hXbXVpWUNQMkJFSEw1LVkySVBVQXVXUTMxZktaQXFwby1nQmtHLXBNeXhaaUl5QQ?oc=5,2026-08-27 00:00:19,Vajiram & Ravi,"<a href=""https://news.google.com/rss/articles/CBMiZkFVX3lxTE1wRTFJYm8tVThBbm1oRVNyNXRWcnVFMS1wMzEtWDBLYnBpYzVlODc3VlcyMGM1a1hXbXVpWUNQMkJFSEw1LVkySVBVQXVXUTMxZktaQXFwby1nQmtHLXBNeXhaaUl5QQ?oc=5"" target=""_blank"">Nepal Floods 2026, Causes, Map, Impact, Areas on Alert in India</a>&nbsp;&nbsp;<font color=""#6f6f6f"">Vajiram & Ravi</font>",Monsoon,en
"NDRF Puts Nepal Rescue Teams On Standby As Flood Threat Looms Over Bihar, Uttar Pradesh - ETV Bharat",https://news.google.com/rss/articles/CBMixAFBVV95cUxNOWV0LWVqZHVoRnFhTVJDLXQ2VmhJeVNDYWU0bWtmejJiMXQwMWVCT3ZEbU4yR1oyMUNlbzhYYWFKOVY1NlZBYWlUWTFjemNsTlYwOVJXTVF6eGdhQWdNbTFPODN5VXpfZ0RwZzVZVXV3N2phbmVnSWpjSWJ4WndnLU5aZGZ4Yk5KUXc0MDQyZk5UVk9KOGtwSEczbGFINGQ1MmRPQUJlMVl3dVVfLXBtYlBzYmttS2ZjNDRTdDVfdWdUVXY50gHKAUFVX3lxTE4ydFM2YlNmUVRtSEpXT3BlbG1KM2ZuRkRiamdDcXZPeFJCZ3RoaDRDV3ZBLUFraWRxb1pOSjdBWElHa2ZPUmdpLW1mRGJzcUJOa25NaW1rUFc0Sld5M05lb083Y09IOUJHSmNRU0pqRVBQS2ZBNmx5ZjRGeFNlSzd1cTNQUGp5bTlmX0MyY1lvc29BQlVwaTIzeTFQS2dXa1Y3a1hmenJGbkRJbDhMdGtQOTdMLUpYamh5WHVBbldFQTBBT1Fmb19KWVE?oc=5,2026-08-27 18:59:05,ETV Bharat,"<a href=""https://news.google.com/rss/articles/CBMixAFBVV95cUxNOWV0LWVqZHVoRnFhTVJDLXQ2VmhJeVNDYWU0bWtmejJiMXQwMWVCT3ZEbU4yR1oyMUNlbzhYYWFKOVY1NlZBYWlUWTFjemNsTlYwOVJXTVF6eGdhQWdNbTFPODN5VXpfZ0RwZzVZVXV3N2phbmVnSWpjSWJ4WndnLU5aZGZ4Yk5KUXc0MDQyZk5UVk9KOGtwSEczbGFINGQ1MmRPQUJlMVl3dVVfLXBtYlBzYmttS2ZjNDRTdDVfdWdUVXY50gHKAUFVX3lxTE4ydFM2YlNmUVRtSEpXT3BlbG1KM2ZuRkRiamdDcXZPeFJCZ3RoaDRDV3ZBLUFraWRxb1pOSjdBWElHa2ZPUmdpLW1mRGJzcUJOa25NaW1rUFc0Sld5M05lb083Y09IOUJHSmNRU0pqRVBQS2ZBNmx5ZjRGeFNlSzd1cTNQUGp5bTlmX0MyY1lvc29BQlVwaTIzeTFQS2dXa1Y3a1hmenJGbkRJbDhMdGtQOTdMLUpYamh5WHVBbldFQTBBT1Fmb19KWVE?oc=5"" target=""_blank"">NDRF Puts Nepal Rescue Teams On Standby As Flood Threat Looms Over Bihar, Uttar Pradesh</a>&nbsp;&nbsp;<font color=""#6f6f6f"">ETV Bharat</font>",Monsoon,en
Nepal flood: Centre puts Bihar & UP on high alert as NDRF deploys teams - The Times of India,https://news.google.com/rss/articles/CBMi0gFBVV95cUxOWWwtRkRiTkxwWDhhUHR3Qk1PdU9xN0NXSGxQZU13Z3R6U2V5Z2k0WHlGT2l4RzhhcThaOHJWQndnQWUyV3lXTDZkdjBFRlZ2bnZXODVoYnNBdDRseXNCcU5td2dRZVhhX1huMFRTbGlHQ2xUd2dab0lsNmFYbUVmYmptNkpIQVM1VmRqMmNNY1dlRzhMbWRZN2J3UC16ZG5MNEg1ZmptSW1RcmlOa0RyWlh2clpmOF9YWkl6YTJoWHpyd2NGbXo0bTA4cGh6UkZ4S2fSAdcBQVVfeXFMUEYzYXZZZUp0LUdnSVNqTmJOY0RLX2d5djdlS0VMdHBkRG00UFJVVEFsMGVRaV81bWhrM2RnSzlaai12M3dHSXlfYXlzNl9hSUxsdXJhQ1JnaVhLUnR5NTE1VEEwOUIxZ2tNc1hLLXZ3SGFITWRoQ2Q2TmVKaElOM2JsQmgweS1JR2Z6SXN1dUlsQ2J1QklWMGNzUHpoM3R2ZGpHNTBJVGpFVGZqVnFWdzRhUmtlXzM2aU00MUN4RHd2Q0xOYUNVZzN0OU0ydnctTV9WdXpMNnc?oc=5,2026-08-27 03:35:00,The Times of India,"<a href=""https://news.google.com/rss/articles/CBMi0gFBVV95cUxOWWwtRkRiTkxwWDhhUHR3Qk1PdU9xN0NXSGxQZU13Z3R6U2V5Z2k0WHlGT2l4RzhhcThaOHJWQndnQWUyV3lXTDZkdjBFRlZ2bnZXODVoYnNBdDRseXNCcU5td2dRZVhhX1huMFRTbGlHQ2xUd2dab0lsNmFYbUVmYmptNkpIQVM1VmRqMmNNY1dlRzhMbWRZN2J3UC16ZG5MNEg1ZmptSW1RcmlOa0RyWlh2clpmOF9YWkl6YTJoWHpyd2NGbXo0bTA4cGh6UkZ4S2fSAdcBQVVfeXFMUEYzYXZZZUp0LUdnSVNqTmJOY0RLX2d5djdlS0VMdHBkRG00UFJVVEFsMGVRaV81bWhrM2RnSzlaai12M3dHSXlfYXlzNl9hSUxsdXJhQ1JnaVhLUnR5NTE1VEEwOUIxZ2tNc1hLLXZ3SGFITWRoQ2Q2TmVKaElOM2JsQmgweS1JR2Z6SXN1dUlsQ2J1QklWMGNzUHpoM3R2ZGpHNTBJVGpFVGZqVnFWdzRhUmtlXzM2aU00MUN4RHd2Q0xOYUNVZzN0OU0ydnctTV9WdXpMNnc?oc=5"" target=""_blank"">Nepal flood: Centre puts Bihar & UP on high alert as NDRF deploys teams</a>&nbsp;&nbsp;<font color=""#6f6f6f"">The Times of India</font>",Monsoon,en
"Nepal flash flood: No adverse impact yet in UP & Bihar, 20 teams deployed on ground, says NDRF - Firstpost",https://news.google.com/rss/articles/CBMi3wFBVV95cUxNZ09NLXJ3eE9Mc0RQVklET0JyY1k2QVJnYlhyZ2d2ZWU2ZEpFbFNwamtJMHNTVEY0b21leTQ4M3dSakRsSkVFQmlhREgycUZ3LUhXY2NsRzFtYnU4S3dQT0tFc0VBRExtcmFLZ3FqYUR3YkdER3B0Y01iejI1SXJEeWZlTjBtcnZObG00M3FRbEpLSEFfNFQzUUhKazczSW96TjZtbUVPTk1uYlp1MFNHa2FMMnlUejBDYm51ZE5vd2ltcV9Nc3dveTFZYURDVmVDTHA2b1VKdzZyczJfckNR0gHkAUFVX3lxTFBkbVQyUllZTkVZM1k5eXYtcHZJaUpJdTA4WkhNRV9IeVpDUXBKNXU0N254Umt4OGRvVV9yMVhEdmZGeW9pa2Fsd1hwRWk1TmhsSUFlUG5MWm9pYVlkM043dk81aFlDbTBFRlZ4VFlOd2U1RENPdDZvaFU4Qm5XQktNX0R0NVh6WHBVS1VUX18wMTBhMWdoNFhkX1J3R2dtZ1BwS1l6eVVNZ29QRG5lM0RDdGdUeVF2S3ZxbWZPTHlKU29FbXgtbnZpcXl0LTBTVHdlcXRLUEFUQWNTSFNFdHIteWZBTw?oc=5,2026-08-27 16:38:13,Firstpost,"<a href=""https://news.google.com/rss/articles/CBMi3wFBVV95cUxNZ09NLXJ3eE9Mc0RQVklET0JyY1k2QVJnYlhyZ2d2ZWU2ZEpFbFNwamtJMHNTVEY0b21leTQ4M3dSakRsSkVFQmlhREgycUZ3LUhXY2NsRzFtYnU4S3dQT0tFc0VBRExtcmFLZ3FqYUR3YkdER3B0Y01iejI1SXJEeWZlTjBtcnZObG00M3FRbEpLSEFfNFQzUUhKazczSW96TjZtbUVPTk1uYlp1MFNHa2FMMnlUejBDYm51ZE5vd2ltcV9Nc3dveTFZYURDVmVDTHA2b1VKdzZyczJfckNR0gHkAUFVX3lxTFBkbVQyUllZTkVZM1k5eXYtcHZJaUpJdTA4WkhNRV9IeVpDUXBKNXU0N254Umt4OGRvVV9yMVhEdmZGeW9pa2Fsd1hwRWk1TmhsSUFlUG5MWm9pYVlkM043dk81aFlDbTBFRlZ4VFlOd2U1RENPdDZvaFU4Qm5XQktNX0R0NVh6WHBVS1VUX18wMTBhMWdoNFhkX1J3R2dtZ1BwS1l6eVVNZ29QRG5lM0RDdGdUeVF2S3ZxbWZPTHlKU29FbXgtbnZpcXl0LTBTVHdlcXRLUEFUQWNTSFNFdHIteWZBTw?oc=5"" target=""_blank"">Nepal flash flood: No adverse impact yet in UP & Bihar, 20 teams deployed on ground, says NDRF</a>&nbsp;&nbsp;<font color=""#6f6f6f"">Firstpost</font>",Monsoon,en
From Rasuwa to Bihar: How Nepal's flash floods can travel into India - Business Standard,https://news.google.com/rss/articles/CBMi0gFBVV95cUxQeXZzRGkyMHNpZU4zbmJ1Y0FidUtkOFJpdXRJZzdZdDYySnNmR2hhYmxYTVJ4VV92aC02ZmFtUFc3eHBISmdkRVVObG42aWlNc0Z6YVppenZiTjQ1ZXd1WDZLb1RwcjlOS0gxNndfWGdRYlRiUzQ2TFN6WVIySHVfVVE2RlljNXdvZTJaeVdTUnh2SzV3VFBCN0VjWkVZbHRFNDZhVDNnTUt0aGRNNVZZeG83aVoya1k0cmdCazdqeGc5MlF5ZnYtSUNza2NMOHJjZGfSAdcBQVVfeXFMTmI2aWlyNFRhMzNsTVZfclRFalZxdEhDUFhVb0YyT1NPaE9TMDBqT3ozWGR6V0ZISjJPV3EydXlQZzFJelVtOW16b0JiZllrVG9TdFhUQlZXWGlXNXhTVU1tZHhIQW9iWWE1YUpGQTFSTXZLbjVjU3JELS02aGVPcnRiQnpVd21XaUNKT2tSV0Y2bU40TUhuV29pZEVTMWY4V3J0b3NBQ0JhNW9wby14SjRDQnFZc243SEdkZUg4d1V5MWJzT0poU1BrbDdIZ1ZNMEVWVk9BSE0?oc=5,2026-08-27 14:10:06,Business Standard,"<a href=""https://news.google.com/rss/articles/CBMi0gFBVV95cUxQeXZzRGkyMHNpZU4zbmJ1Y0FidUtkOFJpdXRJZzdZdDYySnNmR2hhYmxYTVJ4VV92aC02ZmFtUFc3eHBISmdkRVVObG42aWlNc0Z6YVppenZiTjQ1ZXd1WDZLb1RwcjlOS0gxNndfWGdRYlRiUzQ2TFN6WVIySHVfVVE2RlljNXdvZTJaeVdTUnh2SzV3VFBCN0VjWkVZbHRFNDZhVDNnTUt0aGRNNVZZeG83aVoya1k0cmdCazdqeGc5MlF5ZnYtSUNza2NMOHJjZGfSAdcBQVVfeXFMTmI2aWlyNFRhMzNsTVZfclRFalZxdEhDUFhVb0YyT1NPaE9TMDBqT3ozWGR6V0ZISjJPV3EydXlQZzFJelVtOW16b0JiZllrVG9TdFhUQlZXWGlXNXhTVU1tZHhIQW9iWWE1YUpGQTFSTXZLbjVjU3JELS02aGVPcnRiQnpVd21XaUNKT2tSV0Y2bU40TUhuV29pZEVTMWY4V3J0b3NBQ0JhNW9wby14SjRDQnFZc243SEdkZUg4d1V5MWJzT0poU1BrbDdIZ1ZNMEVWVk9BSE0?oc=5"" target=""_blank"">From Rasuwa to Bihar: How Nepal's flash floods can travel into India</a>&nbsp;&nbsp;<font color=""#6f6f6f"">Business Standard</font>",Monsoon,en
"Nepal floods: High alert in parts of UP; vulnerable rivers being monitored, rescue team ready - The New Indian Express",https://news.google.com/rss/articles/CBMi2wFBVV95cUxQQkFWaHF0TExEeW1QVnJ2dG5oaWFMYmg4ZUFSak9yeDNrRkpWOUw4djJ6OG9yMFRTYVJWdnVPVWYySnJibENDQnlibUVHNG1idkdoUGk0R0JEQ2tSQkRJMmpFVlcxLURjdGk2b1RoZVdXRGJfTDNFdzNMSDlDXzM5X1lLOVZsaUptdVNYY2pHQlpocmwta3ZpdEFUdGlzMU9fc1dBRlhUckw5VFVmVlFJZHVUV2xvbXNBYVBXdVRBVENQX1EtMXFpVS1Kd211R2hKb2ZrYWJMQm91YU3SAegBQVVfeXFMUExYOTBfSTVuck9GYURBRTZSREtYV0U1MjQ1ZTNYZTVPNVpLMDFQNHEzcUUwLWZjQl9nYzZ1ZEVOWVlDVU9RRUppSnVzNFk0NlJvQnhRcG9LcEZIRmc2TThCVm5fbndIVmZ1VmdwYzlxUWo4NTNyeFdsWGZBOTFKYjUzanVyWm54MnZrRE9TVmpGM2pQVUZaU25jSmdhSGJmSGQtc3FIaDlwZ2N0SEJhUE5yRFFwY3hQbHRvcnlOeTN6dG5QLWlSSmtDYmhWUzdULXlEWWF6MXRuc05xNE5pek82RHhrQ2NGTA?oc=5,2026-08-27 15:46:14,The New Indian Express,"<a href=""https://news.google.com/rss/articles/CBMi2wFBVV95cUxQQkFWaHF0TExEeW1QVnJ2dG5oaWFMYmg4ZUFSak9yeDNrRkpWOUw4djJ6OG9yMFRTYVJWdnVPVWYySnJibENDQnlibUVHNG1idkdoUGk0R0JEQ2tSQkRJMmpFVlcxLURjdGk2b1RoZVdXRGJfTDNFdzNMSDlDXzM5X1lLOVZsaUptdVNYY2pHQlpocmwta3ZpdEFUdGlzMU9fc1dBRlhUckw5VFVmVlFJZHVUV2xvbXNBYVBXdVRBVENQX1EtMXFpVS1Kd211R2hKb2ZrYWJMQm91YU3SAegBQVVfeXFMUExYOTBfSTVuck9GYURBRTZSREtYV0U1MjQ1ZTNYZTVPNVpLMDFQNHEzcUUwLWZjQl9nYzZ1ZEVOWVlDVU9RRUppSnVzNFk0NlJvQnhRcG9LcEZIRmc2TThCVm5fbndIVmZ1VmdwYzlxUWo4NTNyeFdsWGZBOTFKYjUzanVyWm54MnZrRE9TVmpGM2pQVUZaU25jSmdhSGJmSGQtc3FIaDlwZ2N0SEJhUE5yRFFwY3hQbHRvcnlOeTN6dG5QLWlSSmtDYmhWUzdULXlEWWF6MXRuc05xNE5pek82RHhrQ2NGTA?oc=5"" target=""_blank"">Nepal floods: High alert in parts of UP; vulnerable rivers being monitored, rescue team ready</a>&nbsp;&nbsp;<font color=""#6f6f6f"">The New Indian Express</font>",Monsoon,en
NDRF deploys 20 teams as Nepal flash floods threaten Gandak river in Bihar and Uttar Pradesh - The News Mill,https://news.google.com/rss/articles/CBMiwwFBVV95cUxONlV3Y3dOTDFFX1pBWElZRElPcDd3LXJWWlBQamdCRVlWQXdwS2ZMZTZKY0x6MkZuMVlMaUYtUU1kV1dIcUZ4czRVa0dselJKY1pDTkwzQS1HR1dpQnJja2xYMVoxeURta0kzUFRzdmhDeW5lbVpxamk5YkpFVmdlMlZsTFE2a216WWVUbEktRURkTmtCWVEyc3U5SUtXcnE5Um5ib0UtcjA4OGZQT1dJa3hrbEtYYm12RXY3Z3E4UW0yYnM?oc=5,2026-08-27 03:42:30,The News Mill,"<a href=""https://news.google.com/rss/articles/CBMiwwFBVV95cUxONlV3Y3dOTDFFX1pBWElZRElPcDd3LXJWWlBQamdCRVlWQXdwS2ZMZTZKY0x6MkZuMVlMaUYtUU1kV1dIcUZ4czRVa0dselJKY1pDTkwzQS1HR1dpQnJja2xYMVoxeURta0kzUFRzdmhDeW5lbVpxamk5YkpFVmdlMlZsTFE2a216WWVUbEktRURkTmtCWVEyc3U5SUtXcnE5Um5ib0UtcjA4OGZQT1dJa3hrbEtYYm12RXY3Z3E4UW0yYnM?oc=5"" target=""_blank"">NDRF deploys 20 teams as Nepal flash floods threaten Gandak river in Bihar and Uttar Pradesh</a>&nbsp;&nbsp;<font color=""#6f6f6f"">The News Mill</font>",Monsoon,en
"Nepal-Tibet Flash Floods: 288 Indian Nationals Missing, 200 Stranded in China - TheWire.in",https://news.google.com/rss/articles/CBMiqgFBVV95cUxQSDgteVJhY3NpcTFkVXA5Q2x5NjJlMHRPT1hlWnNwcXVfbmVLNFQ2VG9OZDl1b0JzcmxFTDFrMVhTNGk0ZnFsVFU3bFdNUHFXRHA1VlpiUHFjenpxZmZQbHZwdkp3WXg3WDRCSjVUVTlST29lRVRtbEpxUXI3dlBlOFZMVTlFSk5OTXNscVM4eUFkSjFia2s2SlQydWhjcFJLbUhoSzFJXzZMUdIBvAFBVV95cUxPaVBYUmVIa3FNYU5vTHlEUEViQ1VjR0NSaTg1bllzMnBHd0Z6N2d1cU5lRm5QSHBoMi1lTkZNMkFoOW9kb1FzeG85N0RraTFVTnppOWFDX1AyYk1YcXJzYWJQNEtXVUZFaFZQMUI4Y3poLUhzRW5hZWZSaEk3SEw5eTZtOS1wT3FNeWNpdGR6WUR0aGRwWFA0R1owV0lFakg1eVJERkJxc0JzYm5jazhmYTROMGV6QXVLODBsaw?oc=5,2026-08-27 17:37:40,TheWire.in,"<a href=""https://news.google.com/rss/articles/CBMiqgFBVV95cUxQSDgteVJhY3NpcTFkVXA5Q2x5NjJlMHRPT1hlWnNwcXVfbmVLNFQ2VG9OZDl1b0JzcmxFTDFrMVhTNGk0ZnFsVFU3bFdNUHFXRHA1VlpiUHFjenpxZmZQbHZwdkp3WXg3WDRCSjVUVTlST29lRVRtbEpxUXI3dlBlOFZMVTlFSk5OTXNscVM4eUFkSjFia2s2SlQydWhjcFJLbUhoSzFJXzZMUdIBvAFBVV95cUxPaVBYUmVIa3FNYU5vTHlEUEViQ1VjR0NSaTg1bllzMnBHd0Z6N2d1cU5lRm5QSHBoMi1lTkZNMkFoOW9kb1FzeG85N0RraTFVTnppOWFDX1AyYk1YcXJzYWJQNEtXVUZFaFZQMUI4Y3poLUhzRW5hZWZSaEk3SEw5eTZtOS1wT3FNeWNpdGR6WUR0aGRwWFA0R1owV0lFakg1eVJERkJxc0JzYm5jazhmYTROMGV6QXVLODBsaw?oc=5"" target=""_blank"">Nepal-Tibet Flash Floods: 288 Indian Nationals Missing, 200 Stranded in China</a>&nbsp;&nbsp;<font color=""#6f6f6f"">TheWire.in</font>",Monsoon,en
"India prepared to handle natural disasters, says Kiren Rijiju amid alerts on border areas after Nepal floods - ANI News",https://news.google.com/rss/articles/CBMigAJBVV95cUxQX3JpMFFxQVZYQkdVZUV6UmNKaHBTV2NtTFZ2TnpMemVRNTluVGw4dmVjRGJrdmlST0IyVzlzTWlGZ0lGTElmVllXNkx5S2V1S0pib3pVRjhiMF81VDJrQWd2a2JhOXFDaGloMXlRMGlLT1dpNk05ZHlRWVo2a0pDV3RqZ0RidFBBMk9xQVFQMDJEckRXejJKOHRHUzdwVjhvYTNIT21kWkZoazJ4d2wyN0RIQnU0d1FmN3lsVi1OMlNFYlRGVFc4NU8xTnBGby1BNmdpeTk3OElpWjVYZ1pEVlJ1by14Tm1ndWJQb1FwcjlMOTA3aHdpXzcySmFwcmpY?oc=5,2026-08-27 13:54:00,ANI News,"<a href=""https://news.google.com/rss/articles/CBMigAJBVV95cUxQX3JpMFFxQVZYQkdVZUV6UmNKaHBTV2NtTFZ2TnpMemVRNTluVGw4dmVjRGJrdmlST0IyVzlzTWlGZ0lGTElmVllXNkx5S2V1S0pib3pVRjhiMF81VDJrQWd2a2JhOXFDaGloMXlRMGlLT1dpNk05ZHlRWVo2a0pDV3RqZ0RidFBBMk9xQVFQMDJEckRXejJKOHRHUzdwVjhvYTNIT21kWkZoazJ4d2wyN0RIQnU0d1FmN3lsVi1OMlNFYlRGVFc4NU8xTnBGby1BNmdpeTk3OElpWjVYZ1pEVlJ1by14Tm1ndWJQb1FwcjlMOTA3aHdpXzcySmFwcmpY?oc=5"" target=""_blank"">India prepared to handle natural disasters, says Kiren Rijiju amid alerts on border areas after Nepal floods</a>&nbsp;&nbsp;<font color=""#6f6f6f"">ANI News</font>",Monsoon,en
"Bihar, Uttar Pradesh put border areas on alert after Nepal floods - The New Indian Express",https://news.google.com/rss/articles/CBMiwwFBVV95cUxPZE1Ccm14RGRXMEdzelRPd0tTSnhQSElrU2FISkZDUVVBRUpkYnVVTXpHekhveHhGM1dzR1hwMjloeFo5M3FOWXMxY09IZjdDalc2YjRRRU1kLVVRbXVkRjhzUkVfZWVUbGhHM2xsUFBoSmpGWDdHeWZWU2tjM3JXOHpRMV9PMUp2RlFGZGxwQ0ljUFMxaUtvSDZNRVZ1ejlpOHVTN1R6NnZrRXRTcm5KaXhoNTJCWnhiU3hSckdUTHFyUFXSAcMBQVVfeXFMT2RNQnJteERkVzBHc3pUT3dLU0p4UEhJa1NhSEpGQ1FVQUVKZGJ1VU16R3pIb3h4RjNXc0dYcDI5aHhaOTNxTllzMWNPSGY3Q2pXNmI0UUVNZC1VUW11ZEY4c1JFX2VlVGxoRzNsbFBQaEpqRlg3R3lmVlNrYzNyVzh6UTFfTzFKdkZRRmRscENJY1BTMWlLb0g2TUVWdXo5aTh1UzdUejZ2a0V0U3JuSml4aDUyQlp4YlN4UnJHVExxclBV?oc=5,2026-08-27 08:25:00,The New Indian Express,"<a href=""https://news.google.com/rss/articles/CBMiwwFBVV95cUxPZE1Ccm14RGRXMEdzelRPd0tTSnhQSElrU2FISkZDUVVBRUpkYnVVTXpHekhveHhGM1dzR1hwMjloeFo5M3FOWXMxY09IZjdDalc2YjRRRU1kLVVRbXVkRjhzUkVfZWVUbGhHM2xsUFBoSmpGWDdHeWZWU2tjM3JXOHpRMV9PMUp2RlFGZGxwQ0ljUFMxaUtvSDZNRVZ1ejlpOHVTN1R6NnZrRXRTcm5KaXhoNTJCWnhiU3hSckdUTHFyUFXSAcMBQVVfeXFMT2RNQnJteERkVzBHc3pUT3dLU0p4UEhJa1NhSEpGQ1FVQUVKZGJ1VU16R3pIb3h4RjNXc0dYcDI5aHhaOTNxTllzMWNPSGY3Q2pXNmI0UUVNZC1VUW11ZEY4c1JFX2VlVGxoRzNsbFBQaEpqRlg3R3lmVlNrYzNyVzh6UTFfTzFKdkZRRmRscENJY1BTMWlLb0g2TUVWdXo5aTh1UzdUejZ2a0V0U3JuSml4aDUyQlp4YlN4UnJHVExxclBV?oc=5"" target=""_blank"">Bihar, Uttar Pradesh put border areas on alert after Nepal floods</a>&nbsp;&nbsp;<font color=""#6f6f6f"">The New Indian Express</font>",Monsoon,en
"On Indians missing after Nepal floods, Centre asks states for info - The Indian Express",https://news.google.com/rss/articles/CBMitgFBVV95cUxQWVZpSTVzTTRFTHFRVEFXb3ZBRzlwczBuVk9kaVFIbU1YOTRBVW51Zl9ydnhXX0pqX08wZURuSU13eng3LTVjSkwtZ3FhMngwS2R6QWVsOUxITF8yLU5fd3EtQTBpaEhmbkRHVERzN3JfbzFXMjNybUtPUGVKNnhYN0FROGY2VlVUcUg1eGIxaU5XekFBbXFuVURDS0pUYVdjYWc0cGlPQ0NOUmFqdk9QcFp2OEw4d9IBvAFBVV95cUxPNTVZdXdoOUJ4UHhnUnR0LTQzcklSbktuTlVuTHh2eEtzWlJTdThMa2RfOEFBZm8weE9PSWhpTVd6VlFhZzhIRFhUNXRELW44YXU4b21MUjJKaUtQMVdvTzN2UFM0RFNDdS1SOVFtQk5HWm9nWHQ0T1pOVjN4ZTZSQnpmUzRJaEN2NXFfbmF0Xzhnem5SV2szeUtJemQzbWdFOWNTOWJGanlGYk93VlRjV1MwM3h1aUVOenJPQQ?oc=5,2026-08-27 11:07:11,The Indian Express,"<a href=""https://news.google.com/rss/articles/CBMitgFBVV95cUxQWVZpSTVzTTRFTHFRVEFXb3ZBRzlwczBuVk9kaVFIbU1YOTRBVW51Zl9ydnhXX0pqX08wZURuSU13eng3LTVjSkwtZ3FhMngwS2R6QWVsOUxITF8yLU5fd3EtQTBpaEhmbkRHVERzN3JfbzFXMjNybUtPUGVKNnhYN0FROGY2VlVUcUg1eGIxaU5XekFBbXFuVURDS0pUYVdjYWc0cGlPQ0NOUmFqdk9QcFp2OEw4d9IBvAFBVV95cUxPNTVZdXdoOUJ4UHhnUnR0LTQzcklSbktuTlVuTHh2eEtzWlJTdThMa2RfOEFBZm8weE9PSWhpTVd6VlFhZzhIRFhUNXRELW44YXU4b21MUjJKaUtQMVdvTzN2UFM0RFNDdS1SOVFtQk5HWm9nWHQ0T1pOVjN4ZTZSQnpmUzRJaEN2NXFfbmF0Xzhnem5SV2szeUtJemQzbWdFOWNTOWJGanlGYk93VlRjV1MwM3h1aUVOenJPQQ?oc=5"" target=""_blank"">On Indians missing after Nepal floods, Centre asks states for info</a>&nbsp;&nbsp;<font color=""#6f6f6f"">The Indian Express</font>",Monsoon,en
"In Photos: Heavy Monsoon Rains, Rising River Levels Leave Indian Cities Flooded - TheWire.in",https://news.google.com/rss/articles/CBMivwFBVV95cUxNZmVkc0E1RFFwdFQtVFZpQXNMbjM4WVRNWV9jLWEzOEJ4MEliMmJkSXlNcWY3SnRZZ0Y3cW1odFJ5YU1qcG10SlNhT3BCcU13TmtCVm9nLTRTbV8zV04zWkxlQ3ZvTFBDYk1rWVlEZGVxa1FybVBlN1pBNzRObnI5NGdJVDEyOUt6VnAzRklxUUNSNHgxNlJJQjA4XzJwWDFXV1gxcHJ5SGJ1QnlTZ2ZkdGdqUlZmbzQ1akNxXzg4d9IBvwFBVV95cUxNZmVkc0E1RFFwdFQtVFZpQXNMbjM4WVRNWV9jLWEzOEJ4MEliMmJkSXlNcWY3SnRZZ0Y3cW1odFJ5YU1qcG10SlNhT3BCcU13TmtCVm9nLTRTbV8zV04zWkxlQ3ZvTFBDYk1rWVlEZGVxa1FybVBlN1pBNzRObnI5NGdJVDEyOUt6VnAzRklxUUNSNHgxNlJJQjA4XzJwWDFXV1gxcHJ5SGJ1QnlTZ2ZkdGdqUlZmbzQ1akNxXzg4dw?oc=5,2026-08-27 12:54:01,TheWire.in,"<a href=""https://news.google.com/rss/articles/CBMivwFBVV95cUxNZmVkc0E1RFFwdFQtVFZpQXNMbjM4WVRNWV9jLWEzOEJ4MEliMmJkSXlNcWY3SnRZZ0Y3cW1odFJ5YU1qcG10SlNhT3BCcU13TmtCVm9nLTRTbV8zV04zWkxlQ3ZvTFBDYk1rWVlEZGVxa1FybVBlN1pBNzRObnI5NGdJVDEyOUt6VnAzRklxUUNSNHgxNlJJQjA4XzJwWDFXV1gxcHJ5SGJ1QnlTZ2ZkdGdqUlZmbzQ1akNxXzg4d9IBvwFBVV95cUxNZmVkc0E1RFFwdFQtVFZpQXNMbjM4WVRNWV9jLWEzOEJ4MEliMmJkSXlNcWY3SnRZZ0Y3cW1odFJ5YU1qcG10SlNhT3BCcU13TmtCVm9nLTRTbV8zV04zWkxlQ3ZvTFBDYk1rWVlEZGVxa1FybVBlN1pBNzRObnI5NGdJVDEyOUt6VnAzRklxUUNSNHgxNlJJQjA4XzJwWDFXV1gxcHJ5SGJ1QnlTZ2ZkdGdqUlZmbzQ1akNxXzg4dw?oc=5"" target=""_blank"">In Photos: Heavy Monsoon Rains, Rising River Levels Leave Indian Cities Flooded</a>&nbsp;&nbsp;<font color=""#6f6f6f"">TheWire.in</font>",Monsoon,en
Uttar Pradesh on 24-hour alert as Nepal floods; helpline 1070 - The News Mill,https://news.google.com/rss/articles/CBMiuAFBVV95cUxNV2lxQ3FFT2pFVmZTRFpKbjNpRm9rNEZIVVR4d09nMFZ3UUpsVVpHNVYtU3I0Vm5NWHhfYW9BZXhicHdfTkFRTGlPQVFpZTFqaFBfQ0JOcGNNX0xNMU1oNU9qaTZGMDVkT0xlZTRlZXFNbFB1S05WSk1zRGtHSXBoWFJ3Q2toSHpadW9rSmpXYjBSSlZWNzhKNER5eUlneVF6T0F2LXVpRWNxRHpFSkNYMUR6SXhBOFNN?oc=5,2026-08-27 11:57:47,The News Mill,"<a href=""https://news.google.com/rss/articles/CBMiuAFBVV95cUxNV2lxQ3FFT2pFVmZTRFpKbjNpRm9rNEZIVVR4d09nMFZ3UUpsVVpHNVYtU3I0Vm5NWHhfYW9BZXhicHdfTkFRTGlPQVFpZTFqaFBfQ0JOcGNNX0xNMU1oNU9qaTZGMDVkT0xlZTRlZXFNbFB1S05WSk1zRGtHSXBoWFJ3Q2toSHpadW9rSmpXYjBSSlZWNzhKNER5eUlneVF6T0F2LXVpRWNxRHpFSkNYMUR6SXhBOFNN?oc=5"" target=""_blank"">Uttar Pradesh on 24-hour alert as Nepal floods; helpline 1070</a>&nbsp;&nbsp;<font color=""#6f6f6f"">The News Mill</font>",Monsoon,en
"No impact of Nepal floods in UP, Bihar till now: NDRF - Rediff",https://news.google.com/rss/articles/CBMioAFBVV95cUxQSG5WUGw5bUx3cHdJbjNudGgtcTBNN1RPMmRoaGc3XzhnR09yMzEwdFpCSTFrUDZnbmFGTTlOZ3RzdHlHUXFGdElWTmF1RmdQRXlaZ3dLbHVmXy1VZENsOFJZbGxuSUZQOHRPXzRpT3lFeVp6ZHJsZTJSX21JRzNqQk1xamtaVmFBc3NRTzlkbXZuSUJ0WHNzOGhvUm8wYS040gGjAUFVX3lxTE1nOHNuNG5HRjVrWkNydG5LdUdZR3pSSnd4c3pfMVlpVWlTa0cteGRoenhUVmFBNmNLb1Zlck82ZzhsYUZsemNfNzZYN2l1NnNCN0h4T3Ezb2xES0w3ckZMMm1aTTNtM3VlZEhJZjM4TWtkSi1KRlplOVUwVlQ0SWE2VUFOaXRGdnp4N1ZCQmdsMVZlN2lIc05NMTNLX194TXJzQUk?oc=5,2026-08-27 14:10:36,Rediff,"<a href=""https://news.google.com/rss/articles/CBMioAFBVV95cUxQSG5WUGw5bUx3cHdJbjNudGgtcTBNN1RPMmRoaGc3XzhnR09yMzEwdFpCSTFrUDZnbmFGTTlOZ3RzdHlHUXFGdElWTmF1RmdQRXlaZ3dLbHVmXy1VZENsOFJZbGxuSUZQOHRPXzRpT3lFeVp6ZHJsZTJSX21JRzNqQk1xamtaVmFBc3NRTzlkbXZuSUJ0WHNzOGhvUm8wYS040gGjAUFVX3lxTE1nOHNuNG5HRjVrWkNydG5LdUdZR3pSSnd4c3pfMVlpVWlTa0cteGRoenhUVmFBNmNLb1Zlck82ZzhsYUZsemNfNzZYN2l1NnNCN0h4T3Ezb2xES0w3ckZMMm1aTTNtM3VlZEhJZjM4TWtkSi1KRlplOVUwVlQ0SWE2VUFOaXRGdnp4N1ZCQmdsMVZlN2lIc05NMTNLX194TXJzQUk?oc=5"" target=""_blank"">No impact of Nepal floods in UP, Bihar till now: NDRF</a>&nbsp;&nbsp;<font color=""#6f6f6f"">Rediff</font>",Monsoon,en
"NDRF says no impact of Nepal flash floods in UP, Bihar till now; continuous vigil on - ThePrint",https://news.google.com/rss/articles/CBMiuAFBVV95cUxNQzhvVFpxRmh0aWdBeEl1R0ZLeThRdTFRSUdWZ1Y2M2l5VTc2QjV0UDFOUVUyVmRFSmJQa2JrT0RYUk5FdG1GV0x3NXlybnhETG90ck5fcVpZNTFnY1l4MXpYQzl1ZWRjTTFtQW9OWGdjQUFZZl9UOEZyaFN0b3NDbzNybWMyU0pVOEtHeW83MGs1aHc5bTJuNmlKVlhtRTM0OTYzRi1VS1R1OWdDcUZtZ2VYYVRsampT0gG-AUFVX3lxTE5YSk5Pb0Z2U0dwYmJtbTg0Ml9vMlpsdEVRVEdyZk9zUGMwY0QxdGdpb253UWtaS3pJTDlCTWpNX0hRZXZGLUVSek5HRzJBM01nQ2U1cmNYNHhvTURMeE55V2ZpS1VrcTVnTS00UTJsUWtvMHJOWmsyRnhJaFZ6RXZhR0ZyWjM3Nmk0MGUzVzZSRFA4a0lMNGtDU3ZaeUkwRDZxYXRVUnFLZll4QjRaclQ1b0NjR0wzRzkza0JXZHc?oc=5,2026-08-27 12:17:13,ThePrint,"<a href=""https://news.google.com/rss/articles/CBMiuAFBVV95cUxNQzhvVFpxRmh0aWdBeEl1R0ZLeThRdTFRSUdWZ1Y2M2l5VTc2QjV0UDFOUVUyVmRFSmJQa2JrT0RYUk5FdG1GV0x3NXlybnhETG90ck5fcVpZNTFnY1l4MXpYQzl1ZWRjTTFtQW9OWGdjQUFZZl9UOEZyaFN0b3NDbzNybWMyU0pVOEtHeW83MGs1aHc5bTJuNmlKVlhtRTM0OTYzRi1VS1R1OWdDcUZtZ2VYYVRsampT0gG-AUFVX3lxTE5YSk5Pb0Z2U0dwYmJtbTg0Ml9vMlpsdEVRVEdyZk9zUGMwY0QxdGdpb253UWtaS3pJTDlCTWpNX0hRZXZGLUVSek5HRzJBM01nQ2U1cmNYNHhvTURMeE55V2ZpS1VrcTVnTS00UTJsUWtvMHJOWmsyRnhJaFZ6RXZhR0ZyWjM3Nmk0MGUzVzZSRFA4a0lMNGtDU3ZaeUkwRDZxYXRVUnFLZll4QjRaclQ1b0NjR0wzRzkza0JXZHc?oc=5"" target=""_blank"">NDRF says no impact of Nepal flash floods in UP, Bihar till now; continuous vigil on</a>&nbsp;&nbsp;<font color=""#6f6f6f"">ThePrint</font>",Monsoon,en
UP-Bihar border villages on alert following Nepal floods; waterlogged roads disrupt connectivity - ANI News,https://news.google.com/rss/articles/CBMi6wFBVV95cUxOcGM2MFc4anpkTjhLajdyR3ItU092QUVnMU9BdnB2bnJZdEd0Z1BvZWo5emVtbm1Jd2RQSUt3U3o5RHhna1dfOTRmUGlxYkwwVDFRbHEtX01tMHlfOVZ4UDVhTkhmSkFSM2hlcG5HdnBUYVBmWW5QOEpEMFUycGlNSnN4cjhvNHY1TURKYXNBZ2dNZmVvOW0wOUlHNFNOa1ViOGUtOThKQTNnWVRkRHVXaktVQ1NoMHZ1RUNIRVBQUmNWLXh4aFI1c2IzRXFNZ1FGbXhhb05NM043ZXNPUVZPRGJfNW1KLUxiMzY4?oc=5,2026-08-27 09:45:00,ANI News,"<a href=""https://news.google.com/rss/articles/CBMi6wFBVV95cUxOcGM2MFc4anpkTjhLajdyR3ItU092QUVnMU9BdnB2bnJZdEd0Z1BvZWo5emVtbm1Jd2RQSUt3U3o5RHhna1dfOTRmUGlxYkwwVDFRbHEtX01tMHlfOVZ4UDVhTkhmSkFSM2hlcG5HdnBUYVBmWW5QOEpEMFUycGlNSnN4cjhvNHY1TURKYXNBZ2dNZmVvOW0wOUlHNFNOa1ViOGUtOThKQTNnWVRkRHVXaktVQ1NoMHZ1RUNIRVBQUmNWLXh4aFI1c2IzRXFNZ1FGbXhhb05NM043ZXNPUVZPRGJfNW1KLUxiMzY4?oc=5"" target=""_blank"">UP-Bihar border villages on alert following Nepal floods; waterlogged roads disrupt connectivity</a>&nbsp;&nbsp;<font color=""#6f6f6f"">ANI News</font>",Monsoon,en
Nepal Floods: 2 Indian Regions Under Flood Alert; NDRF Teams On Standby For Emergencies - curlytales.com,https://news.google.com/rss/articles/CBMivwFBVV95cUxNOWhFSjJiZkpRaVp2Y01oeGFXa0RENW42cHZTeHozamVEeTFMTEoxLWxrbWZ4ekNoaU5MTldnam9rcG9IX01uSEx2QmFzeTBCV2dpQW9wNFNBZkxjT1BKQlpTbjBOR0JYSnNCWG1QbXlhSnI1UVVZMzNGdUhqaFYtcncxanFsSXVNMDRlelpZeDNEcjZiejFDbjBZcnFEQjJrY3lyWlNUU0J5OUd1NERiNVdkSEJTelB0Nm5pZklfUdIBxAFBVV95cUxOLUVZcW0wZUJ4TEhISF9Td3JJb0RPYzZFVEIxWEhoMU1rdlJlcExBaHR6Ujh4MFFXQ3MzYWtlMnY3V2Y2azRuX0VEN1BEMFNFWUs0MVhEazc3Qmp4ZFVRdzNkQ3VoNnVzS3Z6NXZNbThwWFotSUd1TDdUVkl3OUNsNEwxSXJoc1FoVTZsa3dmU0tRakN3eUloOGl3Q08zNnNianNuek1XNTJOVlJ5S0FGT0RlSFk4SXQtMDBkSXJOc0p6N0ZC?oc=5,2026-08-27 11:45:12,curlytales.com,"<a href=""https://news.google.com/rss/articles/CBMivwFBVV95cUxNOWhFSjJiZkpRaVp2Y01oeGFXa0RENW42cHZTeHozamVEeTFMTEoxLWxrbWZ4ekNoaU5MTldnam9rcG9IX01uSEx2QmFzeTBCV2dpQW9wNFNBZkxjT1BKQlpTbjBOR0JYSnNCWG1QbXlhSnI1UVVZMzNGdUhqaFYtcncxanFsSXVNMDRlelpZeDNEcjZiejFDbjBZcnFEQjJrY3lyWlNUU0J5OUd1NERiNVdkSEJTelB0Nm5pZklfUdIBxAFBVV95cUxOLUVZcW0wZUJ4TEhISF9Td3JJb0RPYzZFVEIxWEhoMU1rdlJlcExBaHR6Ujh4MFFXQ3MzYWtlMnY3V2Y2azRuX0VEN1BEMFNFWUs0MVhEazc3Qmp4ZFVRdzNkQ3VoNnVzS3Z6NXZNbThwWFotSUd1TDdUVkl3OUNsNEwxSXJoc1FoVTZsa3dmU0tRakN3eUloOGl3Q08zNnNianNuek1XNTJOVlJ5S0FGT0RlSFk4SXQtMDBkSXJOc0p6N0ZC?oc=5"" target=""_blank"">Nepal Floods: 2 Indian Regions Under Flood Alert; NDRF Teams On Standby For Emergencies</a>&nbsp;&nbsp;<font color=""#6f6f6f"">curlytales.com</font>",Monsoon,en
"No adverse impact of Nepal floods in Bihar, Uttar Pradesh so far, says NDRF - National Herald",https://news.google.com/rss/articles/CBMixwFBVV95cUxNeHk4TjdsM3FzRWJiWUpIS0pMSlhrdmhoZkJ1dDVfUng3NE1JRjRBbkVveTdoVXlneDNmdXg3SlU3eU1FX2lTSUR6SGx3c2lNSjBfVzFXR0VGb1czTEJqVTgxczZXMG5QUklJWnFpVXFHT0pFUGQwbVNNdTBxcm1xQzlSWEk5enJGR3NQVHBHRmtuRkN2NWdxTDZDNUxWOHUxUUk3azdmSURWQ1BjWThqWTN6cmJiNHZBaFJ3M1Y5VnBrNGRNaXJB0gHHAUFVX3lxTE14eThON2wzcXNFYmJZSkhLSkxKWGt2aGhmQnV0NV9SeDc0TUlGNEFuRW95N2hVeWd4M2Z1eDdKVTd5TUVfaVNJRHpIbHdzaU1KMF9XMVdHRUZvVzNMQmpVODFzNlcwblBSSUlacWlVcUdPSkVQZDBtU011MHFybXFDOVJYSTl6ckZHc1BUcEdGa25GQ3Y1Z3FMNkM1TFY4dTFRSTdrN2ZJRFZDUGNZOGpZM3pyYmI0dkFoUnczVjlWcGs0ZE1pckE?oc=5,2026-08-27 13:39:20,National Herald,"<a href=""https://news.google.com/rss/articles/CBMixwFBVV95cUxNeHk4TjdsM3FzRWJiWUpIS0pMSlhrdmhoZkJ1dDVfUng3NE1JRjRBbkVveTdoVXlneDNmdXg3SlU3eU1FX2lTSUR6SGx3c2lNSjBfVzFXR0VGb1czTEJqVTgxczZXMG5QUklJWnFpVXFHT0pFUGQwbVNNdTBxcm1xQzlSWEk5enJGR3NQVHBHRmtuRkN2NWdxTDZDNUxWOHUxUUk3azdmSURWQ1BjWThqWTN6cmJiNHZBaFJ3M1Y5VnBrNGRNaXJB0gHHAUFVX3lxTE14eThON2wzcXNFYmJZSkhLSkxKWGt2aGhmQnV0NV9SeDc0TUlGNEFuRW95N2hVeWd4M2Z1eDdKVTd5TUVfaVNJRHpIbHdzaU1KMF9XMVdHRUZvVzNMQmpVODFzNlcwblBSSUlacWlVcUdPSkVQZDBtU011MHFybXFDOVJYSTl6ckZHc1BUcEdGa25GQ3Y1Z3FMNkM1TFY4dTFRSTdrN2ZJRFZDUGNZOGpZM3pyYmI0dkFoUnczVjlWcGs0ZE1pckE?oc=5"" target=""_blank"">No adverse impact of Nepal floods in Bihar, Uttar Pradesh so far, says NDRF</a>&nbsp;&nbsp;<font color=""#6f6f6f"">National Herald</font>",Monsoon,en
Deadly Nepal Flood Kills at Least 162 With India on Alert - Livemint,https://news.google.com/rss/articles/CBMiswFBVV95cUxQa3F2S3BCSnFyRUEwRHZJdGctdTJ0T1daekMtOXgyV3hRY0d1Um85RnpPZjZMZktwVEJBR0V4Z3FwNVIzc2YxMTQyWnVyNXVMUG9WaW5kWnJady1Oc3RFWnhxM0hqanp4RlZRZHJCSWViOTdOWFNaZG9aUGtHV2pVb2dxRDd1Y1hnYkhFTTRmQzJFY2lUTjBaU0tENlBNajRDSl9ieVN4d21naTRuMEFaRTBOSdIBuAFBVV95cUxNV25tT0dHcWVBTkY2SE5UbGd0aGljb1RSdUMtNVJPbkw5UkNPZnd5SS1qZEF0S0ZzZzRyN3hoNDNjX0IyTnlybTd3RF9yX01INTZGd3RLY2hCMG1MRjdXWFJyazctemwtX3pEajl1OFhhQ0VhaWtpdndFLS1LNU43SllTa0ZSQXlzZjdBdkpsT0g5WTlKZ2RudF9EajVodGN1d0k5WUcxUnYwaGlaMFlaU19fclFfVkhn?oc=5,2026-08-27 08:42:48,Livemint,"<a href=""https://news.google.com/rss/articles/CBMiswFBVV95cUxQa3F2S3BCSnFyRUEwRHZJdGctdTJ0T1daekMtOXgyV3hRY0d1Um85RnpPZjZMZktwVEJBR0V4Z3FwNVIzc2YxMTQyWnVyNXVMUG9WaW5kWnJady1Oc3RFWnhxM0hqanp4RlZRZHJCSWViOTdOWFNaZG9aUGtHV2pVb2dxRDd1Y1hnYkhFTTRmQzJFY2lUTjBaU0tENlBNajRDSl9ieVN4d21naTRuMEFaRTBOSdIBuAFBVV95cUxNV25tT0dHcWVBTkY2SE5UbGd0aGljb1RSdUMtNVJPbkw5UkNPZnd5SS1qZEF0S0ZzZzRyN3hoNDNjX0IyTnlybTd3RF9yX01INTZGd3RLY2hCMG1MRjdXWFJyazctemwtX3pEajl1OFhhQ0VhaWtpdndFLS1LNU43SllTa0ZSQXlzZjdBdkpsT0g5WTlKZ2RudF9EajVodGN1d0k5WUcxUnYwaGlaMFlaU19fclFfVkhn?oc=5"" target=""_blank"">Deadly Nepal Flood Kills at Least 162 With India on Alert</a>&nbsp;&nbsp;<font color=""#6f6f6f"">Livemint</font>",Monsoon,en
Nepal flood scare kept UP-Bihar border villages awake; rainwater cuts Kushinagar roads as NDRF stays alert - The Statesman,https://news.google.com/rss/articles/CBMi8gFBVV95cUxQWVk2eVp2X0tFMnBwYWwwYjd1VU9KdEFtdWo4YUtlS2pFTGljRlZPaU1Fdm9pUGFTMWRlaTVpUDRFMjdMN2JjSm5VSTFXaGZ6ZXRZcHlYZmZlZ1ZycDJaVjFmV0JXcGNFU1BncklSemlIWkE4VHUxNFowUEozdk1mVEFoMUNwR3RRYk84VjVqV1g5RkdLYjVsdlNZSDJHaFVWb0xoUldkeGh6c0tsWU16LXRyR01hTmNOcXY0R05YZGRfMVI1d3JqMk9pc2p2cWZ3cmZNQlF0TnJYUW5WWWg3S0hNZUU1ZXI4QUFLYmZodVM3d9IB8gFBVV95cUxQWVk2eVp2X0tFMnBwYWwwYjd1VU9KdEFtdWo4YUtlS2pFTGljRlZPaU1Fdm9pUGFTMWRlaTVpUDRFMjdMN2JjSm5VSTFXaGZ6ZXRZcHlYZmZlZ1ZycDJaVjFmV0JXcGNFU1BncklSemlIWkE4VHUxNFowUEozdk1mVEFoMUNwR3RRYk84VjVqV1g5RkdLYjVsdlNZSDJHaFVWb0xoUldkeGh6c0tsWU16LXRyR01hTmNOcXY0R05YZGRfMVI1d3JqMk9pc2p2cWZ3cmZNQlF0TnJYUW5WWWg3S0hNZUU1ZXI4QUFLYmZodVM3dw?oc=5,2026-08-27 10:04:16,The Statesman,"<a href=""https://news.google.com/rss/articles/CBMi8gFBVV95cUxQWVk2eVp2X0tFMnBwYWwwYjd1VU9KdEFtdWo4YUtlS2pFTGljRlZPaU1Fdm9pUGFTMWRlaTVpUDRFMjdMN2JjSm5VSTFXaGZ6ZXRZcHlYZmZlZ1ZycDJaVjFmV0JXcGNFU1BncklSemlIWkE4VHUxNFowUEozdk1mVEFoMUNwR3RRYk84VjVqV1g5RkdLYjVsdlNZSDJHaFVWb0xoUldkeGh6c0tsWU16LXRyR01hTmNOcXY0R05YZGRfMVI1d3JqMk9pc2p2cWZ3cmZNQlF0TnJYUW5WWWg3S0hNZUU1ZXI4QUFLYmZodVM3d9IB8gFBVV95cUxQWVk2eVp2X0tFMnBwYWwwYjd1VU9KdEFtdWo4YUtlS2pFTGljRlZPaU1Fdm9pUGFTMWRlaTVpUDRFMjdMN2JjSm5VSTFXaGZ6ZXRZcHlYZmZlZ1ZycDJaVjFmV0JXcGNFU1BncklSemlIWkE4VHUxNFowUEozdk1mVEFoMUNwR3RRYk84VjVqV1g5RkdLYjVsdlNZSDJHaFVWb0xoUldkeGh6c0tsWU16LXRyR01hTmNOcXY0R05YZGRfMVI1d3JqMk9pc2p2cWZ3cmZNQlF0TnJYUW5WWWg3S0hNZUU1ZXI4QUFLYmZodVM3dw?oc=5"" target=""_blank"">Nepal flood scare kept UP-Bihar border villages awake; rainwater cuts Kushinagar roads as NDRF stays alert</a>&nbsp;&nbsp;<font color=""#6f6f6f"">The Statesman</font>",Monsoon,en
India sends second tranche of relief supplies to flood-hit Nepal - The New Indian Express,https://news.google.com/rss/articles/CBMiwwFBVV95cUxONXdPMkdZVV85UkU3OXcyVV8xR25vN0RJTVZvWmc1aVlYNkpiRnIwV2dHNDlyMExPVmxvMFhodG9CWk5WODFOM3lQQjFOTEQ4d3FIQVpKM0Zsb0EzUzd1S19SUGNzVWg0bUVmemhzY19jS1FWT05Tckd1T1FJQkZxNVZCVDhoY0JyaVE3OGl4U3E4MU9PMUNwV0FJbTlRQ0R4MzRBTkN3NWhGMGxQQjB6VU1NRDl2TU12NTIzLXktOVRxSXPSAcMBQVVfeXFMTjV3TzJHWVVfOVJFNzl3MlVfMUdubzdESU1Wb1pnNWlZWDZKYkZyMFdnRzQ5cjBMT1ZsbzBYaHRvQlpOVjgxTjN5UEIxTkxEOHdxSEFaSjNGbG9BM1M3dUtfUlBjc1VoNG1FZnpoc2NfY0tRVk9OU3JHdU9RSUJGcTVWQlQ4aGNCcmlRNzhpeFNxODFPTzFDcFdBSW05UUNEeDM0QU5DdzVoRjBsUEIwelVNTUQ5dk1NdjUyMy15LTlUcUlz?oc=5,2026-08-27 12:27:00,The New Indian Express,"<a href=""https://news.google.com/rss/articles/CBMiwwFBVV95cUxONXdPMkdZVV85UkU3OXcyVV8xR25vN0RJTVZvWmc1aVlYNkpiRnIwV2dHNDlyMExPVmxvMFhodG9CWk5WODFOM3lQQjFOTEQ4d3FIQVpKM0Zsb0EzUzd1S19SUGNzVWg0bUVmemhzY19jS1FWT05Tckd1T1FJQkZxNVZCVDhoY0JyaVE3OGl4U3E4MU9PMUNwV0FJbTlRQ0R4MzRBTkN3NWhGMGxQQjB6VU1NRDl2TU12NTIzLXktOVRxSXPSAcMBQVVfeXFMTjV3TzJHWVVfOVJFNzl3MlVfMUdubzdESU1Wb1pnNWlZWDZKYkZyMFdnRzQ5cjBMT1ZsbzBYaHRvQlpOVjgxTjN5UEIxTkxEOHdxSEFaSjNGbG9BM1M3dUtfUlBjc1VoNG1FZnpoc2NfY0tRVk9OU3JHdU9RSUJGcTVWQlQ4aGNCcmlRNzhpeFNxODFPTzFDcFdBSW05UUNEeDM0QU5DdzVoRjBsUEIwelVNTUQ5dk1NdjUyMy15LTlUcUlz?oc=5"" target=""_blank"">India sends second tranche of relief supplies to flood-hit Nepal</a>&nbsp;&nbsp;<font color=""#6f6f6f"">The New Indian Express</font>",Monsoon,en
"Nepal flash flood: PM Modi dials in aid, alert sounded in Bihar, Uttar Pradesh - Telegraph India",https://news.google.com/rss/articles/CBMi2gFBVV95cUxPTkhjTnZXa1pucXpiOWZEc1R5OHJxRzZST3l2NW9Jejg4Q3RIU010RXh6YWt4ckRJaTBCUHRXbm5FSkFBMjc4b09nNUQybE1xY1BoaHJ4LXhIVXdCWTY5M0FJVXg0endoMDF3aWJ6NS1Wc00xaFhLTVp3SXM1a0NuRjQycGRkU0lCVDBDSlRFd2RQYWF5RzFLYk0xeEVlcVIyNUxnZjBmc3V6a1BxbFhUMXdWcDkybjJNSlR1ZENZXzFzNnR3Y0ZGTmxuU2czUlVOZXlWT2lMZGg0d9IB2gFBVV95cUxPTkhjTnZXa1pucXpiOWZEc1R5OHJxRzZST3l2NW9Jejg4Q3RIU010RXh6YWt4ckRJaTBCUHRXbm5FSkFBMjc4b09nNUQybE1xY1BoaHJ4LXhIVXdCWTY5M0FJVXg0endoMDF3aWJ6NS1Wc00xaFhLTVp3SXM1a0NuRjQycGRkU0lCVDBDSlRFd2RQYWF5RzFLYk0xeEVlcVIyNUxnZjBmc3V6a1BxbFhUMXdWcDkybjJNSlR1ZENZXzFzNnR3Y0ZGTmxuU2czUlVOZXlWT2lMZGg0dw?oc=5,2026-08-27 06:10:30,Telegraph India,"<a href=""https://news.google.com/rss/articles/CBMi2gFBVV95cUxPTkhjTnZXa1pucXpiOWZEc1R5OHJxRzZST3l2NW9Jejg4Q3RIU010RXh6YWt4ckRJaTBCUHRXbm5FSkFBMjc4b09nNUQybE1xY1BoaHJ4LXhIVXdCWTY5M0FJVXg0endoMDF3aWJ6NS1Wc00xaFhLTVp3SXM1a0NuRjQycGRkU0lCVDBDSlRFd2RQYWF5RzFLYk0xeEVlcVIyNUxnZjBmc3V6a1BxbFhUMXdWcDkybjJNSlR1ZENZXzFzNnR3Y0ZGTmxuU2czUlVOZXlWT2lMZGg0d9IB2gFBVV95cUxPTkhjTnZXa1pucXpiOWZEc1R5OHJxRzZST3l2NW9Jejg4Q3RIU010RXh6YWt4ckRJaTBCUHRXbm5FSkFBMjc4b09nNUQybE1xY1BoaHJ4LXhIVXdCWTY5M0FJVXg0endoMDF3aWJ6NS1Wc00xaFhLTVp3SXM1a0NuRjQycGRkU0lCVDBDSlRFd2RQYWF5RzFLYk0xeEVlcVIyNUxnZjBmc3V6a1BxbFhUMXdWcDkybjJNSlR1ZENZXzFzNnR3Y0ZGTmxuU2czUlVOZXlWT2lMZGg0dw?oc=5"" target=""_blank"">Nepal flash flood: PM Modi dials in aid, alert sounded in Bihar, Uttar Pradesh</a>&nbsp;&nbsp;<font color=""#6f6f6f"">Telegraph India</font>",Monsoon,en
Nepal flash floods: 59 Mansarovar pilgrims among missing Indians - Rediff,https://news.google.com/rss/articles/CBMixwFBVV95cUxON29iYWs1emQyak5YNkJNcFdNOGVNekJ2MldsZkRqbll2X2JITWpNSlZheHV3RlRXbDRwVERRNWVWR0xqU2xlYXB0R1FoU3NSQXh2c3dIVnlUZ3RmZnNWb2dzZTl2VmNma1NKSUxmZS04a1MzMTNMR1BmUUZZUUxxak1oOWwzYXNudzRXQUxfVy16RXREb3NJbDhKRlN5MW02WkdxWjhGY1EtdW10aVJLd0NRYTRlNm4zdnVKcmR1R0FYMFp3WnNJ0gHKAUFVX3lxTE01anN3NmxzVGxPWWNOMjhIbXM1MURKM0RHV01ocl9tREZXM1hlczFsS2RtWjlxNUU4T3UtZzZybzRRMmxLTjVnUE5mYkZtSHBaMy1QT01nOUxBZ0ppUjA4SmF5UkV6Z1NmMDhMNDRYbGdQbURqTHZrY21QSnJ3N28zZnZHeDZOY1oyN256RW9objNvYmMxYXh6X1VUUFIydHNtS2ozQkllMW5VbDBBM3FnbmZSNDQ5SkRHLTQtMlMwOW15aHZtV0NuY2c?oc=5,2026-08-27 00:43:29,Rediff,"<a href=""https://news.google.com/rss/articles/CBMixwFBVV95cUxON29iYWs1emQyak5YNkJNcFdNOGVNekJ2MldsZkRqbll2X2JITWpNSlZheHV3RlRXbDRwVERRNWVWR0xqU2xlYXB0R1FoU3NSQXh2c3dIVnlUZ3RmZnNWb2dzZTl2VmNma1NKSUxmZS04a1MzMTNMR1BmUUZZUUxxak1oOWwzYXNudzRXQUxfVy16RXREb3NJbDhKRlN5MW02WkdxWjhGY1EtdW10aVJLd0NRYTRlNm4zdnVKcmR1R0FYMFp3WnNJ0gHKAUFVX3lxTE01anN3NmxzVGxPWWNOMjhIbXM1MURKM0RHV01ocl9tREZXM1hlczFsS2RtWjlxNUU4T3UtZzZybzRRMmxLTjVnUE5mYkZtSHBaMy1QT01nOUxBZ0ppUjA4SmF5UkV6Z1NmMDhMNDRYbGdQbURqTHZrY21QSnJ3N28zZnZHeDZOY1oyN256RW9objNvYmMxYXh6X1VUUFIydHNtS2ozQkllMW5VbDBBM3FnbmZSNDQ5SkRHLTQtMlMwOW15aHZtV0NuY2c?oc=5"" target=""_blank"">Nepal flash floods: 59 Mansarovar pilgrims among missing Indians</a>&nbsp;&nbsp;<font color=""#6f6f6f"">Rediff</font>",Monsoon,en
Nepal flash floods dragged five elephants into raging currents. Three adult jumbos refused to abandon the - The Economic Times,https://news.google.com/rss/articles/CBMi0gJBVV95cUxOaFNKN1FXUmVCYWV1MF85MHEzbEQ0LWRUUFk0TlVqR2hRU1h0N0luelBmVkdIRjF3d3hpcHg4aTFJSlRHNTg3M2c3OXVpQktJSmNRRV91cm1TOHkzSFhlN3ctZzhKOE1jTDhPeFZnUGIzVFUwbl9fTkZvbC1RckVsTFpKTUtlbGNNbjBpN1kwRUg2WDdTOUEtM1FaQTZwQTVtNnJiSVJGOG5aMEVQWWVDb3VxWVY1clVDRlBjTEtkczdseFZlZTh1VXRJLUpaRFYwOUkzNGNXYVFfaE9femZJVTFnb3Q1eWtuS0F3eG8yV0JodnBVSFFPbmtEZmJuSGxRS2xTZ2xYWm14M0xLQzNfcC1vLUV0SVlRQk5lYVU0U3lYeTJiWUN4ZU5pamxDQy0ySU4yOFdPTHRvdkg1dWlSZ2QzQjd1Y0ZHbml3em4xeHJEZ9IB1wJBVV95cUxQOTRSMzN0VjNZano4TnliWXI2YjVUbkFzazVic29ZOUhhVkJlRHBkejlRMG9Zc3hlNnNocG8yNTZkTnI5NzVhbEpiOUR0UHJRaVhKRnZVby1HUUp1TmtQZ0dOR2E4SG51SEdWNDZ0REw0WmhJUXIxLXNHWnJabEZNZDZKblNaNU1YQnZybUVINVpIWEJSUjBRU1ZFM2ZXU3BaUkNQZHJoOFJDOFo3SzZUN09renV2OFFfSVNyQlhzRXZmT05yZGNpWjloclQwQkRGUlpQdksxOVVpU3lMRTA4Um9KR0JSUUV4Z3lrM3B3M3JEb2lRNnpBRkVFRmk0SWgwWnNJbE9jNlk5MmZ3M2ZzWVAyTGtiU09aOEpfdkVsU0lFZGFnRGM2Z3FPNjhCLUFIbUVIOHRjQlZXdzVYU3liY1NSaGZ0dzNZT1hCSFhpbTlYYnZVRFNv?oc=5,2026-08-27 11:59:56,The Economic Times,"<a href=""https://news.google.com/rss/articles/CBMi0gJBVV95cUxOaFNKN1FXUmVCYWV1MF85MHEzbEQ0LWRUUFk0TlVqR2hRU1h0N0luelBmVkdIRjF3d3hpcHg4aTFJSlRHNTg3M2c3OXVpQktJSmNRRV91cm1TOHkzSFhlN3ctZzhKOE1jTDhPeFZnUGIzVFUwbl9fTkZvbC1RckVsTFpKTUtlbGNNbjBpN1kwRUg2WDdTOUEtM1FaQTZwQTVtNnJiSVJGOG5aMEVQWWVDb3VxWVY1clVDRlBjTEtkczdseFZlZTh1VXRJLUpaRFYwOUkzNGNXYVFfaE9femZJVTFnb3Q1eWtuS0F3eG8yV0JodnBVSFFPbmtEZmJuSGxRS2xTZ2xYWm14M0xLQzNfcC1vLUV0SVlRQk5lYVU0U3lYeTJiWUN4ZU5pamxDQy0ySU4yOFdPTHRvdkg1dWlSZ2QzQjd1Y0ZHbml3em4xeHJEZ9IB1wJBVV95cUxQOTRSMzN0VjNZano4TnliWXI2YjVUbkFzazVic29ZOUhhVkJlRHBkejlRMG9Zc3hlNnNocG8yNTZkTnI5NzVhbEpiOUR0UHJRaVhKRnZVby1HUUp1TmtQZ0dOR2E4SG51SEdWNDZ0REw0WmhJUXIxLXNHWnJabEZNZDZKblNaNU1YQnZybUVINVpIWEJSUjBRU1ZFM2ZXU3BaUkNQZHJoOFJDOFo3SzZUN09renV2OFFfSVNyQlhzRXZmT05yZGNpWjloclQwQkRGUlpQdksxOVVpU3lMRTA4Um9KR0JSUUV4Z3lrM3B3M3JEb2lRNnpBRkVFRmk0SWgwWnNJbE9jNlk5MmZ3M2ZzWVAyTGtiU09aOEpfdkVsU0lFZGFnRGM2Z3FPNjhCLUFIbUVIOHRjQlZXdzVYU3liY1NSaGZ0dzNZT1hCSFhpbTlYYnZVRFNv?oc=5"" target=""_blank"">Nepal flash floods dragged five elephants into raging currents. Three adult jumbos refused to abandon the</a>&nbsp;&nbsp;<font color=""#6f6f6f"">The Economic Times</font>",Monsoon,en
Kiren Rijiju assures India is prepared amid Nepal flood alerts - The News Mill,https://news.google.com/rss/articles/CBMimwFBVV95cUxOSjk4QnY3ZThEZUZPQ2pJb3BUSkJxTy1sa2NXbHNvTk04RTZkdEZ5VDBYT0JnYkFieTFMTG5HOVN3OUptTjluaTBNaHZrblJSTUFYQ0JmZXlqMjJ1eFl5cDlKTS11bHBTX3FWdGVsZEk1WGxJZHU1d2FBdUt4RkZUNVJoWjFRZk03TmlkcTQwRU4tanp6amd0dEJXZw?oc=5,2026-08-27 14:02:13,The News Mill,"<a href=""https://news.google.com/rss/articles/CBMimwFBVV95cUxOSjk4QnY3ZThEZUZPQ2pJb3BUSkJxTy1sa2NXbHNvTk04RTZkdEZ5VDBYT0JnYkFieTFMTG5HOVN3OUptTjluaTBNaHZrblJSTUFYQ0JmZXlqMjJ1eFl5cDlKTS11bHBTX3FWdGVsZEk1WGxJZHU1d2FBdUt4RkZUNVJoWjFRZk03TmlkcTQwRU4tanp6amd0dEJXZw?oc=5"" target=""_blank"">Kiren Rijiju assures India is prepared amid Nepal flood alerts</a>&nbsp;&nbsp;<font color=""#6f6f6f"">The News Mill</font>",Monsoon,en
Nepal Flash Floods: How Many Dead? What Triggered It? - Northeast Live,https://news.google.com/rss/articles/CBMimAFBVV95cUxOeDlmdV8tMWNwVklpTVN5eDVSblRDcVlYeTlyYnh2bEhoaUU2QjNaSFE2N2xLQ0doS2wtNFN5cmItamJFZWlHS3lCenpUc1VWcmlRbGwtZlVYYXp4bTMxdlBTb3ZmWlpqQ1ZlUXlBQTA3UHZGc0JYenJxeHk4bkhQbENRVEhrc0hUclR3ZjQ5dGItOWtjNllodQ?oc=5,2026-08-27 07:26:09,Northeast Live,"<a href=""https://news.google.com/rss/articles/CBMimAFBVV95cUxOeDlmdV8tMWNwVklpTVN5eDVSblRDcVlYeTlyYnh2bEhoaUU2QjNaSFE2N2xLQ0doS2wtNFN5cmItamJFZWlHS3lCenpUc1VWcmlRbGwtZlVYYXp4bTMxdlBTb3ZmWlpqQ1ZlUXlBQTA3UHZGc0JYenJxeHk4bkhQbENRVEhrc0hUclR3ZjQ5dGItOWtjNllodQ?oc=5"" target=""_blank"">Nepal Flash Floods: How Many Dead? What Triggered It?</a>&nbsp;&nbsp;<font color=""#6f6f6f"">Northeast Live</font>",Monsoon,en
"Nepal Flash Flood latest news updates: Death toll climbs to 270, with over 1200 missing; India on alert - The Economic Times",https://news.google.com/rss/articles/CBMihgJBVV95cUxQQTB4ZUNyU1lsSV92dnkwQ2hmTE9Td3RTRFVQelVXeE5sdVRBYWFSY0F1N3k3WGVrdXhvVDBLYTBPYmx2N0V1b2hoZlJtWXdrYnl0US1aZGkyMVN5WXFZSjBWMlhsbXJaUTVpeFFPQUIzNkNhTmlzQTE1eFkxVnBOTUVCckFNTjlXNmMxLVFmdGJhM1M0UldER3pJb1J6VUlsdUo4ZXJublFVcF9ZVGs0NXZuNHRWMWdBM1Y0UjRYOVlGZklEa3ZMNlhQVVA4US1EaWFPTE1fWEExb012T0VWWWY3WTlTV0trSmNrNnpXdVpKeFg0dEFwLTBYT3JGbXZNVTVCV1dB0gGLAkFVX3lxTE0wa0xmc2tCRVh4SnRQNnNqUU84TVNaQWpKRUtSXzhFeWxIVGdlSXRRY0ppaVJzbXFCOTN4UFNnbEllQ3ozRFVHdXRSalVKb2tzQlJ5US1KMkZhRzg4eFdSLUg4MUNqWlF0eTd3Y2dmb3V6MXlCYXVUeC1EOG1PdmlaSk1adnVKSFlzUHJGV3daQlM3dGZ4VGhOMHZMMVZuODNmR1FZRmNLcENWM19SeFNsa1l0ZDc3X0xySWktcXJwcEdzU0tTbnBIYW1kUGVmaWFpN0V2LTlUTk1DRnpVMDhkclFQN2hVQkVvVmxXY0lMc0h6UUNuUWhnVnhWZXZHdnpsb3RmdDB4c3hfNA?oc=5,2026-08-27 14:32:53,The Economic Times,"<a href=""https://news.google.com/rss/articles/CBMihgJBVV95cUxQQTB4ZUNyU1lsSV92dnkwQ2hmTE9Td3RTRFVQelVXeE5sdVRBYWFSY0F1N3k3WGVrdXhvVDBLYTBPYmx2N0V1b2hoZlJtWXdrYnl0US1aZGkyMVN5WXFZSjBWMlhsbXJaUTVpeFFPQUIzNkNhTmlzQTE1eFkxVnBOTUVCckFNTjlXNmMxLVFmdGJhM1M0UldER3pJb1J6VUlsdUo4ZXJublFVcF9ZVGs0NXZuNHRWMWdBM1Y0UjRYOVlGZklEa3ZMNlhQVVA4US1EaWFPTE1fWEExb012T0VWWWY3WTlTV0trSmNrNnpXdVpKeFg0dEFwLTBYT3JGbXZNVTVCV1dB0gGLAkFVX3lxTE0wa0xmc2tCRVh4SnRQNnNqUU84TVNaQWpKRUtSXzhFeWxIVGdlSXRRY0ppaVJzbXFCOTN4UFNnbEllQ3ozRFVHdXRSalVKb2tzQlJ5US1KMkZhRzg4eFdSLUg4MUNqWlF0eTd3Y2dmb3V6MXlCYXVUeC1EOG1PdmlaSk1adnVKSFlzUHJGV3daQlM3dGZ4VGhOMHZMMVZuODNmR1FZRmNLcENWM19SeFNsa1l0ZDc3X0xySWktcXJwcEdzU0tTbnBIYW1kUGVmaWFpN0V2LTlUTk1DRnpVMDhkclFQN2hVQkVvVmxXY0lMc0h6UUNuUWhnVnhWZXZHdnpsb3RmdDB4c3hfNA?oc=5"" target=""_blank"">Nepal Flash Flood latest news updates: Death toll climbs to 270, with over 1200 missing; India on alert</a>&nbsp;&nbsp;<font color=""#6f6f6f"">The Economic Times</font>",Monsoon,en
"Tejashwi Yadav cautions ""impact on rivers, water bodies"" in Bihar amid Nepal floods, urges increased monitoring - ANI News",https://news.google.com/rss/articles/CBMi-wFBVV95cUxNd3l5NkxoTktZdVF4S285UGJfWHVwdG92TWxHczlscEZpQmxKczJDd1hDYlg1OW1teU12bVdueFUybFpucDlZSUhLd3ZxX2dkUEJzWTBfN0o1WWkzNnluMWs4Z1BZOFpWN3NkTGE4TlZlaGlOZ2hSMGNFT3pnVlZqczhaWFBYZm93endQXzIzQlhGYldDcWs3S3gyTGp0Z3BTbG9GYVZCSGpUNkd5VS05dEhLS25yOWJkcURtR0R6MmRmODNfVXQ1VjNHM1ZxR1BDSmtSVDY4M3Z3d2tud0VPWlNldDVySUQyQkVDOFlKTGRtQy13YWRxbjJnYw?oc=5,2026-08-27 11:03:00,ANI News,"<a href=""https://news.google.com/rss/articles/CBMi-wFBVV95cUxNd3l5NkxoTktZdVF4S285UGJfWHVwdG92TWxHczlscEZpQmxKczJDd1hDYlg1OW1teU12bVdueFUybFpucDlZSUhLd3ZxX2dkUEJzWTBfN0o1WWkzNnluMWs4Z1BZOFpWN3NkTGE4TlZlaGlOZ2hSMGNFT3pnVlZqczhaWFBYZm93endQXzIzQlhGYldDcWs3S3gyTGp0Z3BTbG9GYVZCSGpUNkd5VS05dEhLS25yOWJkcURtR0R6MmRmODNfVXQ1VjNHM1ZxR1BDSmtSVDY4M3Z3d2tud0VPWlNldDVySUQyQkVDOFlKTGRtQy13YWRxbjJnYw?oc=5"" target=""_blank"">Tejashwi Yadav cautions ""impact on rivers, water bodies"" in Bihar amid Nepal floods, urges increased monitoring</a>&nbsp;&nbsp;<font color=""#6f6f6f"">ANI News</font>",Monsoon,en
Nepal flash floods explained: What triggered them and key FAQs answered - The Times of India,https://news.google.com/rss/articles/CBMi4AFBVV95cUxNRmVHV0Q5aGZLbUpyaE1JOHFTMkxVR0ZwYktNX2R0SHJyY3ZJM0xQbGdrMGJwS29ISW5CM3VDZlNQcGxyaFAwa2ZFOU1Gc19HRWpfRFJKd3BXZDduU0dKWmYtYjBaaXZrTDVNTjNEUDVweGVaRTdnYUVCa2RxT1hsRmlKMGxfNzNNb2hzTlJUdjJNN013WXZfb09HbEJFaWVOdmhYTFVvVFZwbU5HX3Z4b2FyZlBFcGpicmNEOVRfbkZoVTY5aHl0dTNPS0M4ajZNZUYwXzIyOGdtb0h6VlVqd9IB5gFBVV95cUxPQVkxcExobXJOZ01xb0xhaFBlZkg3UnN0SndXbFFvb2ZpbDRfTWpLMTdlX0pJV1I4Q0lvZ0lXYzg2V1NaWmVqeFBnSXlBMEo5TFhTNDBtQ0dzM0tkVHVTUFkzVUxBM2NQajF4TW0tdEpfcG9TRnROTVZDcnozbkVObWJ3UkowalJuMkRNSjRMdDRXOEhDcWxEajNZRVc4dHlaRjBVV2djYWdDMm9vUVVrZ0d3dTloOGJKam1FdjB1RWp0TXpoQ2huQVJ2cm1HUmFxdzNreDAwSHZqcE9CamJMOXl5aUMtZw?oc=5,2026-08-27 21:00:00,The Times of India,"<a href=""https://news.google.com/rss/articles/CBMi4AFBVV95cUxNRmVHV0Q5aGZLbUpyaE1JOHFTMkxVR0ZwYktNX2R0SHJyY3ZJM0xQbGdrMGJwS29ISW5CM3VDZlNQcGxyaFAwa2ZFOU1Gc19HRWpfRFJKd3BXZDduU0dKWmYtYjBaaXZrTDVNTjNEUDVweGVaRTdnYUVCa2RxT1hsRmlKMGxfNzNNb2hzTlJUdjJNN013WXZfb09HbEJFaWVOdmhYTFVvVFZwbU5HX3Z4b2FyZlBFcGpicmNEOVRfbkZoVTY5aHl0dTNPS0M4ajZNZUYwXzIyOGdtb0h6VlVqd9IB5gFBVV95cUxPQVkxcExobXJOZ01xb0xhaFBlZkg3UnN0SndXbFFvb2ZpbDRfTWpLMTdlX0pJV1I4Q0lvZ0lXYzg2V1NaWmVqeFBnSXlBMEo5TFhTNDBtQ0dzM0tkVHVTUFkzVUxBM2NQajF4TW0tdEpfcG9TRnROTVZDcnozbkVObWJ3UkowalJuMkRNSjRMdDRXOEhDcWxEajNZRVc4dHlaRjBVV2djYWdDMm9vUVVrZ0d3dTloOGJKam1FdjB1RWp0TXpoQ2huQVJ2cm1HUmFxdzNreDAwSHZqcE9CamJMOXl5aUMtZw?oc=5"" target=""_blank"">Nepal flash floods explained: What triggered them and key FAQs answered</a>&nbsp;&nbsp;<font color=""#6f6f6f"">The Times of India</font>",Monsoon,en
"Nepal flash floods put Bihar, UP on alert: What makes Bihar’s Kosi, ‘River of Sorrow’, dangerous & unpredic... - Bhaskar English",https://news.google.com/rss/articles/CBMitgFBVV95cUxQSmZqWV9ZdG5qRFg2ckstdV9rcFZwbnVHY25aYzRmV2NyN0dSa2xySy0zOEk4cFFUTm9sdVZhV2k2UEI1dzFyWWpzOUxvSTRkWEp5bFZDUXVEd0F3LUEtRGtfdUZXejdUTmVvTGxQNmwwUXk1V1VqSnVZemh5Nl9RWFJmdW16dFFWeE9MS2w1YlotdTAweHF1eDVOM1dFWWZ4RVltWTdta1RtLWZIRi1Fd3FXX3h5QdIBuwFBVV95cUxNWV93a2RnaU5Wd2R2NGtfNnpJUzdtckZkTmJXamMzcjBUa3h6clRJQVNBOS1IbFl6U2hsWktBNm5PcmVmZDR6ZDBtX1N2QUJGNUxORkE2NFJ0UmsxbjlmRnAxVXdSUUQwZmFld1BpcVNQVnU3aEdZbUxsYmF6aFJYbUNrNW1LN2NHUzdHSGs5LVdibkxUUk5ybG45VXczbjItQ2JXWVBxaklQTDZ3U3c0WW82VTF4Q25fUDFz?oc=5,2026-08-27 13:28:24,Bhaskar English,"<a href=""https://news.google.com/rss/articles/CBMitgFBVV95cUxQSmZqWV9ZdG5qRFg2ckstdV9rcFZwbnVHY25aYzRmV2NyN0dSa2xySy0zOEk4cFFUTm9sdVZhV2k2UEI1dzFyWWpzOUxvSTRkWEp5bFZDUXVEd0F3LUEtRGtfdUZXejdUTmVvTGxQNmwwUXk1V1VqSnVZemh5Nl9RWFJmdW16dFFWeE9MS2w1YlotdTAweHF1eDVOM1dFWWZ4RVltWTdta1RtLWZIRi1Fd3FXX3h5QdIBuwFBVV95cUxNWV93a2RnaU5Wd2R2NGtfNnpJUzdtckZkTmJXamMzcjBUa3h6clRJQVNBOS1IbFl6U2hsWktBNm5PcmVmZDR6ZDBtX1N2QUJGNUxORkE2NFJ0UmsxbjlmRnAxVXdSUUQwZmFld1BpcVNQVnU3aEdZbUxsYmF6aFJYbUNrNW1LN2NHUzdHSGs5LVdibkxUUk5ybG45VXczbjItQ2JXWVBxaklQTDZ3U3c0WW82VTF4Q25fUDFz?oc=5"" target=""_blank"">Nepal flash floods put Bihar, UP on alert: What makes Bihar’s Kosi, ‘River of Sorrow’, dangerous & unpredic...</a>&nbsp;&nbsp;<font color=""#6f6f6f"">Bhaskar English</font>",Monsoon,en
The missing in Nepal-Tibet flash floods - The New Indian Express,https://news.google.com/rss/articles/CBMiogFBVV95cUxPREFuUTdWNENtZWN4TkNUaHFFZGFSWEJsM1h1ZFI2N2xOTzFibkI4amY1OTBra3I5UUhKN1A1dzBUWUM1bmo2b3ZiVUdUTFBldW1yTk51OE41X2ZXVHpMbWdwdlQyZE9wS3RvcmhaZUc5UDRiTmthQ2xQRWtmNWJENzVGaWtWWlZYVVFteGJtLVBSellaU05aV2tPZ0xETmpVbnfSAaIBQVVfeXFMT0RBblE3VjRDbWVjeE5DVGhxRWRhUlhCbDNYdWRSNjdsTk8xYm5COGpmNTkwa2tyOVFISjdQNXcwVFlDNW5qNm92YlVHVExQZXVtck5OdThONV9mV1R6TG1ncHZUMmRPcEt0b3JoWmVHOVA0Yk5rYUNsUEVrZjViRDc1RmlrVlpWWFVRbXhibS1QUnpZWlNOWldrT2dMRE5qVW53?oc=5,2026-08-27 12:47:00,The New Indian Express,"<a href=""https://news.google.com/rss/articles/CBMiogFBVV95cUxPREFuUTdWNENtZWN4TkNUaHFFZGFSWEJsM1h1ZFI2N2xOTzFibkI4amY1OTBra3I5UUhKN1A1dzBUWUM1bmo2b3ZiVUdUTFBldW1yTk51OE41X2ZXVHpMbWdwdlQyZE9wS3RvcmhaZUc5UDRiTmthQ2xQRWtmNWJENzVGaWtWWlZYVVFteGJtLVBSellaU05aV2tPZ0xETmpVbnfSAaIBQVVfeXFMT0RBblE3VjRDbWVjeE5DVGhxRWRhUlhCbDNYdWRSNjdsTk8xYm5COGpmNTkwa2tyOVFISjdQNXcwVFlDNW5qNm92YlVHVExQZXVtck5OdThONV9mV1R6TG1ncHZUMmRPcEt0b3JoWmVHOVA0Yk5rYUNsUEVrZjViRDc1RmlrVlpWWFVRbXhibS1QUnpZWlNOWldrT2dMRE5qVW53?oc=5"" target=""_blank"">The missing in Nepal-Tibet flash floods</a>&nbsp;&nbsp;<font color=""#6f6f6f"">The New Indian Express</font>",Monsoon,en
3 Bodies Recovered From Gandak River After Nepal Floods - Deccan Chronicle,https://news.google.com/rss/articles/CBMiqgFBVV95cUxQZ2RjRkR1NGZfV0VtcjJnYWMxczlQUzh3Vkl4MV84MnRpc3ZSVjd2NGstdm9EeWNxZ0lhc0VHWDZKQ2FYSWdjNFFhVEg4WThldjVJZm5KZWE2ZHlqNmk4cWg5MGZNM1J6UGNUSnVGQThGZEd4bHVHb0Y1OXRGdTVSa3phSFI1N29Rckpob2FnbjZHYjlpY1BOT1d5Q29vcnNhNEZsTDdZV2NrUdIBqgFBVV95cUxQZ2RjRkR1NGZfV0VtcjJnYWMxczlQUzh3Vkl4MV84MnRpc3ZSVjd2NGstdm9EeWNxZ0lhc0VHWDZKQ2FYSWdjNFFhVEg4WThldjVJZm5KZWE2ZHlqNmk4cWg5MGZNM1J6UGNUSnVGQThGZEd4bHVHb0Y1OXRGdTVSa3phSFI1N29Rckpob2FnbjZHYjlpY1BOT1d5Q29vcnNhNEZsTDdZV2NrUQ?oc=5,2026-08-27 18:03:54,Deccan Chronicle,"<a href=""https://news.google.com/rss/articles/CBMiqgFBVV95cUxQZ2RjRkR1NGZfV0VtcjJnYWMxczlQUzh3Vkl4MV84MnRpc3ZSVjd2NGstdm9EeWNxZ0lhc0VHWDZKQ2FYSWdjNFFhVEg4WThldjVJZm5KZWE2ZHlqNmk4cWg5MGZNM1J6UGNUSnVGQThGZEd4bHVHb0Y1OXRGdTVSa3phSFI1N29Rckpob2FnbjZHYjlpY1BOT1d5Q29vcnNhNEZsTDdZV2NrUdIBqgFBVV95cUxQZ2RjRkR1NGZfV0VtcjJnYWMxczlQUzh3Vkl4MV84MnRpc3ZSVjd2NGstdm9EeWNxZ0lhc0VHWDZKQ2FYSWdjNFFhVEg4WThldjVJZm5KZWE2ZHlqNmk4cWg5MGZNM1J6UGNUSnVGQThGZEd4bHVHb0Y1OXRGdTVSa3phSFI1N29Rckpob2FnbjZHYjlpY1BOT1d5Q29vcnNhNEZsTDdZV2NrUQ?oc=5"" target=""_blank"">3 Bodies Recovered From Gandak River After Nepal Floods</a>&nbsp;&nbsp;<font color=""#6f6f6f"">Deccan Chronicle</font>",Monsoon,en
Bihar CM conducts aerial survey of flood-hit areas after Nepal disaster - The New Indian Express,https://news.google.com/rss/articles/CBMi2AFBVV95cUxQX0dFWW5mZzgwS25QNDR0VVh5X2pMNXVTTWFSdkdOWHlxOTYzWGlQdVhBN1FYbHhab2RNTWQtNV9MUEY5TUloam5zRVY3UjBEMVFBRnh5a25PZzZMRWd6YTJkajdlRExYblo2NGY0cmJuY0tYVVVURGNaV2tPNEZVdmpnbkpxdDlHbXpBX0ExSDFRWU54N0hvR002UkN6REc5NFhKNEJmQW1DQXhZbHJrRS1JbmE2dVFiazhCRWhaT3VtZnlhM1FVWTNUb0Q2M00zaWo1UnhkbzjSAdgBQVVfeXFMUF9HRVluZmc4MEtuUDQ0dFVYeV9qTDV1U01hUnZHTlh5cTk2M1hpUHVYQTdRWGx4Wm9kTU1kLTVfTFBGOU1JaGpuc0VWN1IwRDFRQUZ4eWtuT2c2TEVnemEyZGo3ZURMWG5aNjRmNHJibmNLWFVVVERjWldrTzRGVXZqZ25KcXQ5R216QV9BMUgxUVlOeDdIb0dNNlJDekRHOTRYSjRCZkFtQ0F4WWxya0UtSW5hNnVRYms4QkVoWk91bWZ5YTNRVVkzVG9ENjNNM2lqNVJ4ZG84?oc=5,2026-08-27 12:56:00,The New Indian Express,"<a href=""https://news.google.com/rss/articles/CBMi2AFBVV95cUxQX0dFWW5mZzgwS25QNDR0VVh5X2pMNXVTTWFSdkdOWHlxOTYzWGlQdVhBN1FYbHhab2RNTWQtNV9MUEY5TUloam5zRVY3UjBEMVFBRnh5a25PZzZMRWd6YTJkajdlRExYblo2NGY0cmJuY0tYVVVURGNaV2tPNEZVdmpnbkpxdDlHbXpBX0ExSDFRWU54N0hvR002UkN6REc5NFhKNEJmQW1DQXhZbHJrRS1JbmE2dVFiazhCRWhaT3VtZnlhM1FVWTNUb0Q2M00zaWo1UnhkbzjSAdgBQVVfeXFMUF9HRVluZmc4MEtuUDQ0dFVYeV9qTDV1U01hUnZHTlh5cTk2M1hpUHVYQTdRWGx4Wm9kTU1kLTVfTFBGOU1JaGpuc0VWN1IwRDFRQUZ4eWtuT2c2TEVnemEyZGo3ZURMWG5aNjRmNHJibmNLWFVVVERjWldrTzRGVXZqZ25KcXQ5R216QV9BMUgxUVlOeDdIb0dNNlJDekRHOTRYSjRCZkFtQ0F4WWxya0UtSW5hNnVRYms4QkVoWk91bWZ5YTNRVVkzVG9ENjNNM2lqNVJ4ZG84?oc=5"" target=""_blank"">Bihar CM conducts aerial survey of flood-hit areas after Nepal disaster</a>&nbsp;&nbsp;<font color=""#6f6f6f"">The New Indian Express</font>",Monsoon,en
"Nepal floods: 'UP embankments safe, water passed downstream without major impact', says Minister Swatantra Dev Singh - ANI News",https://news.google.com/rss/articles/CBMihgJBVV95cUxOdmpkX2QxMTNWbi14V2M3NS1fMy0wWWFvRVdDSWtmUmUtQlRiLTE4aVcyMDdMNXZVVlJVb1hLbDZzYVlKWktlYjRTNXFSVl9zbDRzQmFZN1dPYjVuYmNJY0Rmci1ycFJHMk5LRmEzRTdHZVJLUkZnaXh5V3hvV19rN2xvYXNGN0ZabG5PZnJtaG83VkFQWGg4b3ZydXE2SWQ5RjN0ZDRaTWZnSUxrRzRVR3Nfa1NYRFBEbmFYZzV0amZVWlJub1JqOW5QNUdacUxhd3RNV1dfX2xwWVdSdE1ZVFpxVDdrZk5EcVU0MTR6QngyQVpHakdzaEliTzR0TVh2UHVPVTFB?oc=5,2026-08-27 13:26:00,ANI News,"<a href=""https://news.google.com/rss/articles/CBMihgJBVV95cUxOdmpkX2QxMTNWbi14V2M3NS1fMy0wWWFvRVdDSWtmUmUtQlRiLTE4aVcyMDdMNXZVVlJVb1hLbDZzYVlKWktlYjRTNXFSVl9zbDRzQmFZN1dPYjVuYmNJY0Rmci1ycFJHMk5LRmEzRTdHZVJLUkZnaXh5V3hvV19rN2xvYXNGN0ZabG5PZnJtaG83VkFQWGg4b3ZydXE2SWQ5RjN0ZDRaTWZnSUxrRzRVR3Nfa1NYRFBEbmFYZzV0amZVWlJub1JqOW5QNUdacUxhd3RNV1dfX2xwWVdSdE1ZVFpxVDdrZk5EcVU0MTR6QngyQVpHakdzaEliTzR0TVh2UHVPVTFB?oc=5"" target=""_blank"">Nepal floods: 'UP embankments safe, water passed downstream without major impact', says Minister Swatantra Dev Singh</a>&nbsp;&nbsp;<font color=""#6f6f6f"">ANI News</font>",Monsoon,en
"Nepal Floods Kill 157, Over 400 Missing Including 133 Indians; Rescue Teams Race Against Time - Outlook Traveller",https://news.google.com/rss/articles/CBMitwFBVV95cUxNTUN6M3Y0QWs2ZDJLWncyVzZxdmZrXzNGS1NUWG9uU21zVzRidXhsaEJndTdkNld3QUY2VWhtbU15QW5NSjJkaEJINjM5aXNqSFFPRnM5UEpUM0NMakozZWJxT2E4cHFGaW1qdThOUmJtRGNmMERyMnRYLTFaYXlVdGJfSlJjeXE3OGp2blVqb3NESERELWd4a1Q5anEwOGFhQ3gzdWVTM1o5dUtnLWVBb1RNYnQxYkk?oc=5,2026-08-27 13:39:46,Outlook Traveller,"<a href=""https://news.google.com/rss/articles/CBMitwFBVV95cUxNTUN6M3Y0QWs2ZDJLWncyVzZxdmZrXzNGS1NUWG9uU21zVzRidXhsaEJndTdkNld3QUY2VWhtbU15QW5NSjJkaEJINjM5aXNqSFFPRnM5UEpUM0NMakozZWJxT2E4cHFGaW1qdThOUmJtRGNmMERyMnRYLTFaYXlVdGJfSlJjeXE3OGp2blVqb3NESERELWd4a1Q5anEwOGFhQ3gzdWVTM1o5dUtnLWVBb1RNYnQxYkk?oc=5"" target=""_blank"">Nepal Floods Kill 157, Over 400 Missing Including 133 Indians; Rescue Teams Race Against Time</a>&nbsp;&nbsp;<font color=""#6f6f6f"">Outlook Traveller</font>",Monsoon,en
Nepal Flash Flood Aftermath: Families Send SOS To Govt As MEA Says 288 Indians Missing - ETV Bharat,https://news.google.com/rss/articles/CBMi0gFBVV95cUxPdXdkRkl2dUtsdk9pSmlZZ0dIRUZUMmY0N1hteUt4NVlkbi1ocjNIVDhNLU9TbWVwd0hLVnVPV3RYZEY3dFlyVTVaOXkxdjZTbm1mSTRiOUcyZ3BVLW15QmVKdERReU5BWXFFR0c4MUc0WmxTYVlOVndDQ1pGUW1wTFlhRURrZXVXSXJXZGNFLWhHdVdHNHI5c0ZvdWZEc25zUWFxTks3d1RUN0xZbUdfaWV3THVtcEtuSVhkMDVtcmp3M1NZOUxtWWlVSWQ4UU44TWfSAdcBQVVfeXFMUHdENXBNeXlwQW45cFd2cE9uVUNURHZCX2ppT01JeVNhWndvZGJrNkFrcTBuUVplN3lZa3JpMzRwcWg0LXpicUgyMkF1WHo2M3M5NFE4dV9Ea2FoRmh4NXlQaVhiRmMzRGU5bWFCaVBJODlyVFBDZHhlbGR0QjE1S3dNNEtlRmw2MkVVWldLUkhUNl9ydG1za2lpRC1EMl9Ha1BjQVp4RklWUVNyZ0N1MDRxa2FiZTQwMlg4ZHNwVkg5RTI1Z2oxVmxfWFg2bXg4d1d1V0FsckU?oc=5,2026-08-27 19:09:04,ETV Bharat,"<a href=""https://news.google.com/rss/articles/CBMi0gFBVV95cUxPdXdkRkl2dUtsdk9pSmlZZ0dIRUZUMmY0N1hteUt4NVlkbi1ocjNIVDhNLU9TbWVwd0hLVnVPV3RYZEY3dFlyVTVaOXkxdjZTbm1mSTRiOUcyZ3BVLW15QmVKdERReU5BWXFFR0c4MUc0WmxTYVlOVndDQ1pGUW1wTFlhRURrZXVXSXJXZGNFLWhHdVdHNHI5c0ZvdWZEc25zUWFxTks3d1RUN0xZbUdfaWV3THVtcEtuSVhkMDVtcmp3M1NZOUxtWWlVSWQ4UU44TWfSAdcBQVVfeXFMUHdENXBNeXlwQW45cFd2cE9uVUNURHZCX2ppT01JeVNhWndvZGJrNkFrcTBuUVplN3lZa3JpMzRwcWg0LXpicUgyMkF1WHo2M3M5NFE4dV9Ea2FoRmh4NXlQaVhiRmMzRGU5bWFCaVBJODlyVFBDZHhlbGR0QjE1S3dNNEtlRmw2MkVVWldLUkhUNl9ydG1za2lpRC1EMl9Ha1BjQVp4RklWUVNyZ0N1MDRxa2FiZTQwMlg4ZHNwVkg5RTI1Z2oxVmxfWFg2bXg4d1d1V0FsckU?oc=5"" target=""_blank"">Nepal Flash Flood Aftermath: Families Send SOS To Govt As MEA Says 288 Indians Missing</a>&nbsp;&nbsp;<font color=""#6f6f6f"">ETV Bharat</font>",Monsoon,en
"Nepal-Tibet flash floods kill 168, over 1,300 missing - The New Indian Express",https://news.google.com/rss/articles/CBMisgFBVV95cUxPLV9jQjFIdk1JSW5EcURVa2IwVDQ1MF84b01WbkwzT0pIUElFREZwU0JlT29WaUlscnViR28wa1NzcVVQQWFFdzVEcTBWX0JXVm5FUVR2RXZsSHNoYVAwTThWa200Y3FtcUstNDJnV01EcXhxbkdpXzF5bFFJa05PTmtLaENIWVpFUi0yZzlyOXFSb1UtblU4Y0VnSFF1VVE4SGNneFBJU0Z0QnM3a28yOVJR0gGyAUFVX3lxTE8tX2NCMUh2TUlJbkRxRFVrYjBUNDUwXzhvTVZuTDNPSkhQSUVERnBTQmVPb1ZpSWxydWJHbzBrU3NxVVBBYUV3NURxMFZfQldWbkVRVHZFdmxIc2hhUDBNOFZrbTRjcW1xSy00MmdXTURxeHFuR2lfMXlsUUlrTk9Oa0toQ0hZWkVSLTJnOXI5cVJvVS1uVThjRWdIUXVVUThIY2d4UElTRnRCczdrbzI5UlE?oc=5,2026-08-27 12:37:09,The New Indian Express,"<a href=""https://news.google.com/rss/articles/CBMisgFBVV95cUxPLV9jQjFIdk1JSW5EcURVa2IwVDQ1MF84b01WbkwzT0pIUElFREZwU0JlT29WaUlscnViR28wa1NzcVVQQWFFdzVEcTBWX0JXVm5FUVR2RXZsSHNoYVAwTThWa200Y3FtcUstNDJnV01EcXhxbkdpXzF5bFFJa05PTmtLaENIWVpFUi0yZzlyOXFSb1UtblU4Y0VnSFF1VVE4SGNneFBJU0Z0QnM3a28yOVJR0gGyAUFVX3lxTE8tX2NCMUh2TUlJbkRxRFVrYjBUNDUwXzhvTVZuTDNPSkhQSUVERnBTQmVPb1ZpSWxydWJHbzBrU3NxVVBBYUV3NURxMFZfQldWbkVRVHZFdmxIc2hhUDBNOFZrbTRjcW1xSy00MmdXTURxeHFuR2lfMXlsUUlrTk9Oa0toQ0hZWkVSLTJnOXI5cVJvVS1uVThjRWdIUXVVUThIY2d4UElTRnRCczdrbzI5UlE?oc=5"" target=""_blank"">Nepal-Tibet flash floods kill 168, over 1,300 missing</a>&nbsp;&nbsp;<font color=""#6f6f6f"">The New Indian Express</font>",Monsoon,en
Flood alert at UP-Bihar border as Nepal flash floods disrupt roads - The News Mill,https://news.google.com/rss/articles/CBMioAFBVV95cUxNamFGTTlFR2x4dUdUUy1iXzE5NzRHQzhsQXNWeTRvNkEwcEtsMWFOU0ExNGxUSDNIUjVUSl9QZnJfRFFPcWVhS0R1eW5Ea3JCeFFNQkMtSEx1alRJYjRLOExhUlpuNWJJOVNYRWNVdXVjWFdwWGlkU2FETnU4Sll2RFRPYXJPdktwVVFTTS0zZl9yV2I4TGYwZXF5MjgtSERj?oc=5,2026-08-27 09:47:15,The News Mill,"<a href=""https://news.google.com/rss/articles/CBMioAFBVV95cUxNamFGTTlFR2x4dUdUUy1iXzE5NzRHQzhsQXNWeTRvNkEwcEtsMWFOU0ExNGxUSDNIUjVUSl9QZnJfRFFPcWVhS0R1eW5Ea3JCeFFNQkMtSEx1alRJYjRLOExhUlpuNWJJOVNYRWNVdXVjWFdwWGlkU2FETnU4Sll2RFRPYXJPdktwVVFTTS0zZl9yV2I4TGYwZXF5MjgtSERj?oc=5"" target=""_blank"">Flood alert at UP-Bihar border as Nepal flash floods disrupt roads</a>&nbsp;&nbsp;<font color=""#6f6f6f"">The News Mill</font>",Monsoon,en
"Uttar Pradesh embankments secure as Nepal floodwaters flow downstream, says Minister - The News Mill",https://news.google.com/rss/articles/CBMitwFBVV95cUxPLWljQ3ZjZk1CU3pOXzZJeGhZUTlzRS1LLVpBNDlVSnFOM29YdXdIZDhVSDR0WEs3d0dDYVhuNlNHaUFhNE5zZUNFdTRsX3c3LVVhX05obW53eHJpME1KUUZBNHQwQmc5c1EzcVhTYVNHSDE5RzBuUzhNM0tUaWdlc1otUWFTOUREYjVSTS05OG1sc1pTUmRRTmxLUkdwMndlNmZnREVNUkF4SDhfX05jUkZlTVpHNDA?oc=5,2026-08-27 13:32:58,The News Mill,"<a href=""https://news.google.com/rss/articles/CBMitwFBVV95cUxPLWljQ3ZjZk1CU3pOXzZJeGhZUTlzRS1LLVpBNDlVSnFOM29YdXdIZDhVSDR0WEs3d0dDYVhuNlNHaUFhNE5zZUNFdTRsX3c3LVVhX05obW53eHJpME1KUUZBNHQwQmc5c1EzcVhTYVNHSDE5RzBuUzhNM0tUaWdlc1otUWFTOUREYjVSTS05OG1sc1pTUmRRTmxLUkdwMndlNmZnREVNUkF4SDhfX05jUkZlTVpHNDA?oc=5"" target=""_blank"">Uttar Pradesh embankments secure as Nepal floodwaters flow downstream, says Minister</a>&nbsp;&nbsp;<font color=""#6f6f6f"">The News Mill</font>",Monsoon,en
"NDRF says no impact of Nepal flash floods in UP, Bihar till now; continuous vigil on - Press Trust of India",https://news.google.com/rss/articles/CBMiywFBVV95cUxNZHhCcUdNMEdGV3hDS2xkWWd1QV9TY0FtSU1ISktsdFI0am5fVWxlbUFnNjdEcnBPUloxWjZvZ2tzS3FtZlpkd1Y3TW1HdkVPTGNSMTNLUUh4Y1ZaWGd6TXphWkttUDJDbXVtdV81MUp0VDg1dko5RmlWLVNPS0pFdVdyeXp4TjdfOVpOZ0lBdzVQTHlQQ0lPNkxZbE90eWYxTTVfcmpSX0NGT3g2NXl4ZmVTTWJhWHliLUtTenpGNkowT3hLVlJHYVpRWQ?oc=5,2026-08-27 15:34:37,Press Trust of India,"<a href=""https://news.google.com/rss/articles/CBMiywFBVV95cUxNZHhCcUdNMEdGV3hDS2xkWWd1QV9TY0FtSU1ISktsdFI0am5fVWxlbUFnNjdEcnBPUloxWjZvZ2tzS3FtZlpkd1Y3TW1HdkVPTGNSMTNLUUh4Y1ZaWGd6TXphWkttUDJDbXVtdV81MUp0VDg1dko5RmlWLVNPS0pFdVdyeXp4TjdfOVpOZ0lBdzVQTHlQQ0lPNkxZbE90eWYxTTVfcmpSX0NGT3g2NXl4ZmVTTWJhWHliLUtTenpGNkowT3hLVlJHYVpRWQ?oc=5"" target=""_blank"">NDRF says no impact of Nepal flash floods in UP, Bihar till now; continuous vigil on</a>&nbsp;&nbsp;<font color=""#6f6f6f"">Press Trust of India</font>",Monsoon,en
"Over 300 Indians missing in flash floods, says Nepal Foreign Minister Shishir Khanal - The New Indian Express",https://news.google.com/rss/articles/CBMi3AFBVV95cUxPS1l0WkE3VDNrT3RkQUNndHdTSjhwMTRtb29JbDlkei0wZjNjWUxUOXlWcWp1RHpUVm5ERGd0MDBmaVpfR2s2dExRYnlNOWoybmZIZTFMd1FsdV9iTnQwOUxUSUdlV0NXSkVadGxkMWVTYjh6SjEweXJpc3JTZkxDYjVtWG5NTEN0VkxfZk04Z2ZKVzQxNFFjdHJsdk5BdkFHU2xaYkV2ZkR2OUlNRk44UWtwS3FRLTJpYjBWRlJLaGhUUzFnQ0kzenNpeUtKTXJUTmJWdHVNSVB1QmNt0gHcAUFVX3lxTE9LWXRaQTdUM2tPdGRBQ2d0d1NKOHAxNG1vb0lsOWR6LTBmM2NZTFQ5eVZxanVEelRWbkREZ3QwMGZpWl9HazZ0TFFieU05ajJuZkhlMUx3UWx1X2JOdDA5TFRJR2VXQ1dKRVp0bGQxZVNiOHpKMTB5cmlzclNmTENiNW1Ybk1MQ3RWTF9mTThnZkpXNDE0UWN0cmx2TkF2QUdTbFpiRXZmRHY5SU1GTjhRa3BLcVEtMmliMFZGUktoaFRTMWdDSTN6c2l5S0pNclROYlZ0dU1JUHVCY20?oc=5,2026-08-27 10:56:00,The New Indian Express,"<a href=""https://news.google.com/rss/articles/CBMi3AFBVV95cUxPS1l0WkE3VDNrT3RkQUNndHdTSjhwMTRtb29JbDlkei0wZjNjWUxUOXlWcWp1RHpUVm5ERGd0MDBmaVpfR2s2dExRYnlNOWoybmZIZTFMd1FsdV9iTnQwOUxUSUdlV0NXSkVadGxkMWVTYjh6SjEweXJpc3JTZkxDYjVtWG5NTEN0VkxfZk04Z2ZKVzQxNFFjdHJsdk5BdkFHU2xaYkV2ZkR2OUlNRk44UWtwS3FRLTJpYjBWRlJLaGhUUzFnQ0kzenNpeUtKTXJUTmJWdHVNSVB1QmNt0gHcAUFVX3lxTE9LWXRaQTdUM2tPdGRBQ2d0d1NKOHAxNG1vb0lsOWR6LTBmM2NZTFQ5eVZxanVEelRWbkREZ3QwMGZpWl9HazZ0TFFieU05ajJuZkhlMUx3UWx1X2JOdDA5TFRJR2VXQ1dKRVp0bGQxZVNiOHpKMTB5cmlzclNmTENiNW1Ybk1MQ3RWTF9mTThnZkpXNDE0UWN0cmx2TkF2QUdTbFpiRXZmRHY5SU1GTjhRa3BLcVEtMmliMFZGUktoaFRTMWdDSTN6c2l5S0pNclROYlZ0dU1JUHVCY20?oc=5"" target=""_blank"">Over 300 Indians missing in flash floods, says Nepal Foreign Minister Shishir Khanal</a>&nbsp;&nbsp;<font color=""#6f6f6f"">The New Indian Express</font>",Monsoon,en
"Karnataka seeks details of state residents stranded in Nepal, Tibet amid flash floods - The New Indian Express",https://news.google.com/rss/articles/CBMi7AFBVV95cUxPRTRKT2o4VnUzZzlmdFpWVDljX1hrWUlKOTlKSjY0WXlld3JocDZHQnlFd1FvTnp1SVN6TkFIWl9qeUtvZVJ5NWNja1k5UTdkZTM2dDh1anhJTE9ZTUNvbnVmZDFuemJCTTA1N3NVcWVJZUhodFdZRXYwaVAyMEh5cmFHYlF1Z2VYSXN6R2hOMFNtdjhSTURrVmVWT21EdV9ja1dHSVN1ZW9kOVkySy11XzZwTGMycmVlc0VuVndhZ3VqanFkaGprWU4zRHR3b1RZcW1rRUEzY1QwUzYzR3lqTDA5VXY2aWVHTUxUcNIB7AFBVV95cUxPRTRKT2o4VnUzZzlmdFpWVDljX1hrWUlKOTlKSjY0WXlld3JocDZHQnlFd1FvTnp1SVN6TkFIWl9qeUtvZVJ5NWNja1k5UTdkZTM2dDh1anhJTE9ZTUNvbnVmZDFuemJCTTA1N3NVcWVJZUhodFdZRXYwaVAyMEh5cmFHYlF1Z2VYSXN6R2hOMFNtdjhSTURrVmVWT21EdV9ja1dHSVN1ZW9kOVkySy11XzZwTGMycmVlc0VuVndhZ3VqanFkaGprWU4zRHR3b1RZcW1rRUEzY1QwUzYzR3lqTDA5VXY2aWVHTUxUcA?oc=5,2026-08-27 11:16:00,The New Indian Express,"<a href=""https://news.google.com/rss/articles/CBMi7AFBVV95cUxPRTRKT2o4VnUzZzlmdFpWVDljX1hrWUlKOTlKSjY0WXlld3JocDZHQnlFd1FvTnp1SVN6TkFIWl9qeUtvZVJ5NWNja1k5UTdkZTM2dDh1anhJTE9ZTUNvbnVmZDFuemJCTTA1N3NVcWVJZUhodFdZRXYwaVAyMEh5cmFHYlF1Z2VYSXN6R2hOMFNtdjhSTURrVmVWT21EdV9ja1dHSVN1ZW9kOVkySy11XzZwTGMycmVlc0VuVndhZ3VqanFkaGprWU4zRHR3b1RZcW1rRUEzY1QwUzYzR3lqTDA5VXY2aWVHTUxUcNIB7AFBVV95cUxPRTRKT2o4VnUzZzlmdFpWVDljX1hrWUlKOTlKSjY0WXlld3JocDZHQnlFd1FvTnp1SVN6TkFIWl9qeUtvZVJ5NWNja1k5UTdkZTM2dDh1anhJTE9ZTUNvbnVmZDFuemJCTTA1N3NVcWVJZUhodFdZRXYwaVAyMEh5cmFHYlF1Z2VYSXN6R2hOMFNtdjhSTURrVmVWT21EdV9ja1dHSVN1ZW9kOVkySy11XzZwTGMycmVlc0VuVndhZ3VqanFkaGprWU4zRHR3b1RZcW1rRUEzY1QwUzYzR3lqTDA5VXY2aWVHTUxUcA?oc=5"" target=""_blank"">Karnataka seeks details of state residents stranded in Nepal, Tibet amid flash floods</a>&nbsp;&nbsp;<font color=""#6f6f6f"">The New Indian Express</font>",Monsoon,en
"Bihar, Uttar Pradesh put border areas on alert after Nepal floods - The New Indian Express",https://news.google.com/rss/articles/CBMitgFBVV95cUxPa0tGamZFM2k3bUlVU1pNd3ZhUWNQM05XZTFHUWh0Skx2SjZmOWViQVdsUVFyelFqTXFxYWxkT0NpcGhBazZFMDhoMFdKcGRGeGFEbUdtVkZfOUx1cDBwRUJYWnh6c3I3MXB4R1dLOTZKZGRnRUkxM0dCbU02ampmZ0tmUDhLeU9Tb3NodVVfMlVaOXpWeE5VUjVaU1cweVdFbFgyazE0ZGRwb0s2NFFLbVZhbFdhUdIBwwFBVV95cUxPZE1Ccm14RGRXMEdzelRPd0tTSnhQSElrU2FISkZDUVVBRUpkYnVVTXpHekhveHhGM1dzR1hwMjloeFo5M3FOWXMxY09IZjdDalc2YjRRRU1kLVVRbXVkRjhzUkVfZWVUbGhHM2xsUFBoSmpGWDdHeWZWU2tjM3JXOHpRMV9PMUp2RlFGZGxwQ0ljUFMxaUtvSDZNRVZ1ejlpOHVTN1R6NnZrRXRTcm5KaXhoNTJCWnhiU3hSckdUTHFyUFU?oc=5,2026-08-27 08:25:10,The New Indian Express,"<a href=""https://news.google.com/rss/articles/CBMitgFBVV95cUxPa0tGamZFM2k3bUlVU1pNd3ZhUWNQM05XZTFHUWh0Skx2SjZmOWViQVdsUVFyelFqTXFxYWxkT0NpcGhBazZFMDhoMFdKcGRGeGFEbUdtVkZfOUx1cDBwRUJYWnh6c3I3MXB4R1dLOTZKZGRnRUkxM0dCbU02ampmZ0tmUDhLeU9Tb3NodVVfMlVaOXpWeE5VUjVaU1cweVdFbFgyazE0ZGRwb0s2NFFLbVZhbFdhUdIBwwFBVV95cUxPZE1Ccm14RGRXMEdzelRPd0tTSnhQSElrU2FISkZDUVVBRUpkYnVVTXpHekhveHhGM1dzR1hwMjloeFo5M3FOWXMxY09IZjdDalc2YjRRRU1kLVVRbXVkRjhzUkVfZWVUbGhHM2xsUFBoSmpGWDdHeWZWU2tjM3JXOHpRMV9PMUp2RlFGZGxwQ0ljUFMxaUtvSDZNRVZ1ejlpOHVTN1R6NnZrRXRTcm5KaXhoNTJCWnhiU3hSckdUTHFyUFU?oc=5"" target=""_blank"">Bihar, Uttar Pradesh put border areas on alert after Nepal floods</a>&nbsp;&nbsp;<font color=""#6f6f6f"">The New Indian Express</font>",Monsoon,en
"Nepal flash floods: PM Modi dials in aid, alert sounded in Bihar, Uttar Pradesh - Telegraph India",https://news.google.com/rss/articles/CBMi1AFBVV95cUxOUnNza2g5aDlHUGswUHVFWWRTZ2JaVE1iMGZsaU5wMldNZDZPT2lxNmtoMGRoNnZ3ZHdDN2FtUUdRSXNGWmlWczJZMTlXZTZzQVBfS2dBbzhrenZoemVyTk9WNkRSS25tQXgzZXFzSlkweFA2aXFSUmJaVEJyUGRVU3ZUcUgtbGtHMVZzVFlmTVFaczBOcE5vWTBuWlRTSjJTLWw0endmbnB0MGJqa0E5aEhhTlMwLXdEQUZ0SVlncUpodC1NSTY3elQ5SXRpOHB4TjlVMdIB2gFBVV95cUxPTkhjTnZXa1pucXpiOWZEc1R5OHJxRzZST3l2NW9Jejg4Q3RIU010RXh6YWt4ckRJaTBCUHRXbm5FSkFBMjc4b09nNUQybE1xY1BoaHJ4LXhIVXdCWTY5M0FJVXg0endoMDF3aWJ6NS1Wc00xaFhLTVp3SXM1a0NuRjQycGRkU0lCVDBDSlRFd2RQYWF5RzFLYk0xeEVlcVIyNUxnZjBmc3V6a1BxbFhUMXdWcDkybjJNSlR1ZENZXzFzNnR3Y0ZGTmxuU2czUlVOZXlWT2lMZGg0dw?oc=5,2026-08-27 06:10:30,Telegraph India,"<a href=""https://news.google.com/rss/articles/CBMi1AFBVV95cUxOUnNza2g5aDlHUGswUHVFWWRTZ2JaVE1iMGZsaU5wMldNZDZPT2lxNmtoMGRoNnZ3ZHdDN2FtUUdRSXNGWmlWczJZMTlXZTZzQVBfS2dBbzhrenZoemVyTk9WNkRSS25tQXgzZXFzSlkweFA2aXFSUmJaVEJyUGRVU3ZUcUgtbGtHMVZzVFlmTVFaczBOcE5vWTBuWlRTSjJTLWw0endmbnB0MGJqa0E5aEhhTlMwLXdEQUZ0SVlncUpodC1NSTY3elQ5SXRpOHB4TjlVMdIB2gFBVV95cUxPTkhjTnZXa1pucXpiOWZEc1R5OHJxRzZST3l2NW9Jejg4Q3RIU010RXh6YWt4ckRJaTBCUHRXbm5FSkFBMjc4b09nNUQybE1xY1BoaHJ4LXhIVXdCWTY5M0FJVXg0endoMDF3aWJ6NS1Wc00xaFhLTVp3SXM1a0NuRjQycGRkU0lCVDBDSlRFd2RQYWF5RzFLYk0xeEVlcVIyNUxnZjBmc3V6a1BxbFhUMXdWcDkybjJNSlR1ZENZXzFzNnR3Y0ZGTmxuU2czUlVOZXlWT2lMZGg0dw?oc=5"" target=""_blank"">Nepal flash floods: PM Modi dials in aid, alert sounded in Bihar, Uttar Pradesh</a>&nbsp;&nbsp;<font color=""#6f6f6f"">Telegraph India</font>",Monsoon,en
"India braces for Nepal flood impact as Bihar, UP, Uttarakhand step up vigil - newsdrum.in",https://news.google.com/rss/articles/CBMitgFBVV95cUxQSGJSZUswSS1kS0dWcjRTUDZMbDI2aHZLSWRvWi1CTmxhaWdzOVVxenlURGNpek5yd2k3cWVpZTFEeTdOUmtraW5iVkhkc2E0bDhCbnFLLVZKWUNjZzhDV1NpUmhRNEkxa3ZkeXRUaURfZ2VPZlJfbjUwZ2lkNWJtS21fVFdKRFhCdFV1LVFiXzA5UWFtTEdiWTlFSE45OUNQclZzNzhieFd0end4UU9iTklmSm5td9IBtgFBVV95cUxQSGJSZUswSS1kS0dWcjRTUDZMbDI2aHZLSWRvWi1CTmxhaWdzOVVxenlURGNpek5yd2k3cWVpZTFEeTdOUmtraW5iVkhkc2E0bDhCbnFLLVZKWUNjZzhDV1NpUmhRNEkxa3ZkeXRUaURfZ2VPZlJfbjUwZ2lkNWJtS21fVFdKRFhCdFV1LVFiXzA5UWFtTEdiWTlFSE45OUNQclZzNzhieFd0end4UU9iTklmSm5tdw?oc=5,2026-08-27 12:06:04,newsdrum.in,"<a href=""https://news.google.com/rss/articles/CBMitgFBVV95cUxQSGJSZUswSS1kS0dWcjRTUDZMbDI2aHZLSWRvWi1CTmxhaWdzOVVxenlURGNpek5yd2k3cWVpZTFEeTdOUmtraW5iVkhkc2E0bDhCbnFLLVZKWUNjZzhDV1NpUmhRNEkxa3ZkeXRUaURfZ2VPZlJfbjUwZ2lkNWJtS21fVFdKRFhCdFV1LVFiXzA5UWFtTEdiWTlFSE45OUNQclZzNzhieFd0end4UU9iTklmSm5td9IBtgFBVV95cUxQSGJSZUswSS1kS0dWcjRTUDZMbDI2aHZLSWRvWi1CTmxhaWdzOVVxenlURGNpek5yd2k3cWVpZTFEeTdOUmtraW5iVkhkc2E0bDhCbnFLLVZKWUNjZzhDV1NpUmhRNEkxa3ZkeXRUaURfZ2VPZlJfbjUwZ2lkNWJtS21fVFdKRFhCdFV1LVFiXzA5UWFtTEdiWTlFSE45OUNQclZzNzhieFd0end4UU9iTklmSm5tdw?oc=5"" target=""_blank"">India braces for Nepal flood impact as Bihar, UP, Uttarakhand step up vigil</a>&nbsp;&nbsp;<font color=""#6f6f6f"">newsdrum.in</font>",Monsoon,en
"Nepal floods trigger alert in UP, Bihar, Uttarakhand - KalingaTV",https://news.google.com/rss/articles/CBMihwFBVV95cUxNYjJ6S3c2OWRaVF9NSmZmVi1HQWxrLU5mY1Z6YkVGUFY0dDNjQjNMMFZNNGJsWVhORzROYUlsS2pCZy1NM0p6azZvVWR4RV96T1FjazJDd052V2tMV0l3WVpEZ2p0QmE1LUxGX0dfc1djRUZxa1NTZzhYc1U1ZDRxY0VVVXdXNDg?oc=5,2026-08-27 11:15:03,KalingaTV,"<a href=""https://news.google.com/rss/articles/CBMihwFBVV95cUxNYjJ6S3c2OWRaVF9NSmZmVi1HQWxrLU5mY1Z6YkVGUFY0dDNjQjNMMFZNNGJsWVhORzROYUlsS2pCZy1NM0p6azZvVWR4RV96T1FjazJDd052V2tMV0l3WVpEZ2p0QmE1LUxGX0dfc1djRUZxa1NTZzhYc1U1ZDRxY0VVVXdXNDg?oc=5"" target=""_blank"">Nepal floods trigger alert in UP, Bihar, Uttarakhand</a>&nbsp;&nbsp;<font color=""#6f6f6f"">KalingaTV</font>",Monsoon,en
"Nepal Flood Fury: Water Threat Reaches India, Bihar & UP Put on High Alert - Dynamite News",https://news.google.com/rss/articles/CBMikgFBVV95cUxPRVE2Y1hvNG82NDQ4NFJNbUdsQ1hUN0dSTWdYcUxZSGJ6N3E3OWZtbXI0YTE1M2ZBT3NjZUttckU2emI0NHJBWTh4VnNGdDJKczZUQ0cwRlg5TmF4OUxQZEJTa3FYdXBzTXJBcjFhZmIxb2c0OU1EcVI2aFY0ZGtvV0oyd1NCM05PZExHU2RyaUFDd9IBlwFBVV95cUxPRUczdDdGOWdFamg1eHBTOFJvaHVnMzltLVhvdS1ZeU15d0thZ0ZLSWY3T3BnT0kydGZQUVdBZ3lnYzBReHRvT3M5a0pHdXJDWFNJTDVJNnFRRER2TW5mUjBqV3I1NjRJcjFBTC1oM1V2WmRGQ1pmY2xBWXNTM2ZxV3pXTFcyRHZqVkJ1eWtQb1VYTmFTbVVj?oc=5,2026-08-27 09:55:00,Dynamite News,"<a href=""https://news.google.com/rss/articles/CBMikgFBVV95cUxPRVE2Y1hvNG82NDQ4NFJNbUdsQ1hUN0dSTWdYcUxZSGJ6N3E3OWZtbXI0YTE1M2ZBT3NjZUttckU2emI0NHJBWTh4VnNGdDJKczZUQ0cwRlg5TmF4OUxQZEJTa3FYdXBzTXJBcjFhZmIxb2c0OU1EcVI2aFY0ZGtvV0oyd1NCM05PZExHU2RyaUFDd9IBlwFBVV95cUxPRUczdDdGOWdFamg1eHBTOFJvaHVnMzltLVhvdS1ZeU15d0thZ0ZLSWY3T3BnT0kydGZQUVdBZ3lnYzBReHRvT3M5a0pHdXJDWFNJTDVJNnFRRER2TW5mUjBqV3I1NjRJcjFBTC1oM1V2WmRGQ1pmY2xBWXNTM2ZxV3pXTFcyRHZqVkJ1eWtQb1VYTmFTbVVj?oc=5"" target=""_blank"">Nepal Flood Fury: Water Threat Reaches India, Bihar & UP Put on High Alert</a>&nbsp;&nbsp;<font color=""#6f6f6f"">Dynamite News</font>",Monsoon,en
Flood Warning: Nepal Floods Raise Flood Threat in UP and Bihar - ABP Live English,https://news.google.com/rss/articles/CBMitwFBVV95cUxQcGU4OV9HQmFQMWQ3dXRNNDRWWXdiMmpJanpGMHc5d1JYcDRJRzdHR1BtbXB2UHlMbHJsLTRmOWY0NmdKWno5ei1uVGNVVW14MVgwVEhKOWFwT0NoWDZId0twZmNXa1h1REFIMHk4VTk0V1ZHOGpwSEVUdGJRd1V1U1ZXNzRhSXFaUWlyc0Rhd1Y3Q2daNGh1VWZwYUF2aXlhVEc3a2RoOXNFYU0zb1psOHN3d0JzMkXSAbcBQVVfeXFMUHBlODlfR0JhUDFkN3V0TTQ0Vll3YjJqSWp6RjB3OXdSWHA0SUc3R0dQbW1wdlB5TGxybC00ZjlmNDZnSlp6OXotblRjVVVteDFYMFRISjlhcE9DaFg2SHdLcGZjV2tYdURBSDB5OFU5NFdWRzhqcEhFVHRiUXdVdVNWVzc0YUlxWlFpcnNEYXdWN0NnWjRodVVmcGFBdml5YVRHN2tkaDlzRWFNM29abDhzd3dCczJF?oc=5,2026-08-27 09:42:03,ABP Live English,"<a href=""https://news.google.com/rss/articles/CBMitwFBVV95cUxQcGU4OV9HQmFQMWQ3dXRNNDRWWXdiMmpJanpGMHc5d1JYcDRJRzdHR1BtbXB2UHlMbHJsLTRmOWY0NmdKWno5ei1uVGNVVW14MVgwVEhKOWFwT0NoWDZId0twZmNXa1h1REFIMHk4VTk0V1ZHOGpwSEVUdGJRd1V1U1ZXNzRhSXFaUWlyc0Rhd1Y3Q2daNGh1VWZwYUF2aXlhVEc3a2RoOXNFYU0zb1psOHN3d0JzMkXSAbcBQVVfeXFMUHBlODlfR0JhUDFkN3V0TTQ0Vll3YjJqSWp6RjB3OXdSWHA0SUc3R0dQbW1wdlB5TGxybC00ZjlmNDZnSlp6OXotblRjVVVteDFYMFRISjlhcE9DaFg2SHdLcGZjV2tYdURBSDB5OFU5NFdWRzhqcEhFVHRiUXdVdVNWVzc0YUlxWlFpcnNEYXdWN0NnWjRodVVmcGFBdml5YVRHN2tkaDlzRWFNM29abDhzd3dCczJF?oc=5"" target=""_blank"">Flood Warning: Nepal Floods Raise Flood Threat in UP and Bihar</a>&nbsp;&nbsp;<font color=""#6f6f6f"">ABP Live English</font>",Monsoon,en
Flood Warning: Nepal Flood Raises Major Flood Threat in UP and Bihar - ABP Live English,https://news.google.com/rss/articles/CBMivwFBVV95cUxOYVQ4OGVZYURqT0dpa3RMenBERDB5WkxxLVhtc0M5NV9DdGlSODNvVVVRTWVQOWdNb2JGa3UteFZXV1EyOGFqTTBjekJ4V1Ffb0J3R0lYcVZtVEwyeGVFQWZFMEtVd09rTGpQWWloZlNUQVVaZnFKVFJ1SWhfbTM0MXA0RHNtOG9BeW9RMEV5dFNKQklXYkdPMXRIbGZ6cG4zY1dfbnBlUWs0QnpyWG1FWlZPaXNEbURWcThsUWFfY9IBvwFBVV95cUxOYVQ4OGVZYURqT0dpa3RMenBERDB5WkxxLVhtc0M5NV9DdGlSODNvVVVRTWVQOWdNb2JGa3UteFZXV1EyOGFqTTBjekJ4V1Ffb0J3R0lYcVZtVEwyeGVFQWZFMEtVd09rTGpQWWloZlNUQVVaZnFKVFJ1SWhfbTM0MXA0RHNtOG9BeW9RMEV5dFNKQklXYkdPMXRIbGZ6cG4zY1dfbnBlUWs0QnpyWG1FWlZPaXNEbURWcThsUWFfYw?oc=5,2026-08-27 09:36:10,ABP Live English,"<a href=""https://news.google.com/rss/articles/CBMivwFBVV95cUxOYVQ4OGVZYURqT0dpa3RMenBERDB5WkxxLVhtc0M5NV9DdGlSODNvVVVRTWVQOWdNb2JGa3UteFZXV1EyOGFqTTBjekJ4V1Ffb0J3R0lYcVZtVEwyeGVFQWZFMEtVd09rTGpQWWloZlNUQVVaZnFKVFJ1SWhfbTM0MXA0RHNtOG9BeW9RMEV5dFNKQklXYkdPMXRIbGZ6cG4zY1dfbnBlUWs0QnpyWG1FWlZPaXNEbURWcThsUWFfY9IBvwFBVV95cUxOYVQ4OGVZYURqT0dpa3RMenBERDB5WkxxLVhtc0M5NV9DdGlSODNvVVVRTWVQOWdNb2JGa3UteFZXV1EyOGFqTTBjekJ4V1Ffb0J3R0lYcVZtVEwyeGVFQWZFMEtVd09rTGpQWWloZlNUQVVaZnFKVFJ1SWhfbTM0MXA0RHNtOG9BeW9RMEV5dFNKQklXYkdPMXRIbGZ6cG4zY1dfbnBlUWs0QnpyWG1FWlZPaXNEbURWcThsUWFfYw?oc=5"" target=""_blank"">Flood Warning: Nepal Flood Raises Major Flood Threat in UP and Bihar</a>&nbsp;&nbsp;<font color=""#6f6f6f"">ABP Live English</font>",Monsoon,en
"Nepal Flood Crisis Puts UP Border Districts on Alert, States Open Helplines for Stranded Citizens - The Impressive Times",https://news.google.com/rss/articles/CBMihgFBVV95cUxOZ01BRzlacXRRSGtUSUFTT0JWeXF5NUZRbWwyWWY5WWJ3NkhQU050c2R2M1hLZjdfdktVWXN2b1k0YzJNQk1aQi1EWEVRNWUzZEdrckVwa2NGUHZhWllqQjhnb3l4dG5PNVNHeUNTRm0wbG1SRHJkY0RIMnI0VXg4WkZmd1RUQQ?oc=5,2026-08-27 12:08:41,The Impressive Times,"<a href=""https://news.google.com/rss/articles/CBMihgFBVV95cUxOZ01BRzlacXRRSGtUSUFTT0JWeXF5NUZRbWwyWWY5WWJ3NkhQU050c2R2M1hLZjdfdktVWXN2b1k0YzJNQk1aQi1EWEVRNWUzZEdrckVwa2NGUHZhWllqQjhnb3l4dG5PNVNHeUNTRm0wbG1SRHJkY0RIMnI0VXg4WkZmd1RUQQ?oc=5"" target=""_blank"">Nepal Flood Crisis Puts UP Border Districts on Alert, States Open Helplines for Stranded Citizens</a>&nbsp;&nbsp;<font color=""#6f6f6f"">The Impressive Times</font>",Monsoon,en
"Nepal flash flood, GLOF trigger alert in Bihar, UP; NDRF deployed - Asianet Newsable",https://news.google.com/rss/articles/CBMiwwFBVV95cUxPU3hpQng3T0dzZEczWmxXQ3UxLUQ2NDhtWDJ5QzBSd21xRHZ1MEMwMUo5MzVpaVdfbTEzRlgwMy01dHc2LTlWOFpCWm1SbldRa1lPTXRENElCNExoNXJDdlU1UTQ5X3FIbDVrWjU1VUdZTGFLOW8xWlZQSEZKY0Y3U0oxN0NXWWV5aUxGQzNmRmxCRExWWS02NkE0MmlLdVJvT1I1Rl9hcmlSUGxwNklvVlVRelBHc1F1cVFJdlF4R0RBUUHSAcMBQVVfeXFMT1N4aUJ4N09Hc2RHM1psV0N1MS1ENjQ4bVgyeUMwUndtcUR2dTBDMDFKOTM1aWlXX20xM0ZYMDMtNXR3Ni05VjhaQlptUm5XUWtZT010RDRJQjRMaDVyQ3ZVNVE0OV9xSGw1a1o1NVVHWUxhSzlvMVpWUEhGSmNGN1NKMTdDV1lleWlMRkMzZkZsQkRMVlktNjZBNDJpS3VSb09SNUZfYXJpUlBscDZJb1ZVUXpQR3NRdXFRSXZReEdEQVFB?oc=5,2026-08-27 04:00:37,Asianet Newsable,"<a href=""https://news.google.com/rss/articles/CBMiwwFBVV95cUxPU3hpQng3T0dzZEczWmxXQ3UxLUQ2NDhtWDJ5QzBSd21xRHZ1MEMwMUo5MzVpaVdfbTEzRlgwMy01dHc2LTlWOFpCWm1SbldRa1lPTXRENElCNExoNXJDdlU1UTQ5X3FIbDVrWjU1VUdZTGFLOW8xWlZQSEZKY0Y3U0oxN0NXWWV5aUxGQzNmRmxCRExWWS02NkE0MmlLdVJvT1I1Rl9hcmlSUGxwNklvVlVRelBHc1F1cVFJdlF4R0RBUUHSAcMBQVVfeXFMT1N4aUJ4N09Hc2RHM1psV0N1MS1ENjQ4bVgyeUMwUndtcUR2dTBDMDFKOTM1aWlXX20xM0ZYMDMtNXR3Ni05VjhaQlptUm5XUWtZT010RDRJQjRMaDVyQ3ZVNVE0OV9xSGw1a1o1NVVHWUxhSzlvMVpWUEhGSmNGN1NKMTdDV1lleWlMRkMzZkZsQkRMVlktNjZBNDJpS3VSb09SNUZfYXJpUlBscDZJb1ZVUXpQR3NRdXFRSXZReEdEQVFB?oc=5"" target=""_blank"">Nepal flash flood, GLOF trigger alert in Bihar, UP; NDRF deployed</a>&nbsp;&nbsp;<font color=""#6f6f6f"">Asianet Newsable</font>",Monsoon,en
"UP Weather Alert: यूपी वालों सावधान: 27 अगस्त को इन जिलों में बरसेंगे बादल, भारी बारिश का अलर्ट, देखें पूरी लिस्ट - Prabhat Khabar",https://news.google.com/rss/articles/CBMisAFBVV95cUxQM0EyLTJTckRGTjhCT2hHcEhTZldYWWtMWVZYZF9yb2N0RnB6ZTNOXzc1Z3FEal9PWnA2a1VNZkhNMzVzU19vc2E2REdJTWgyeE1WUXFiRW1iTWhzclIzLWR4REhxejl2OWdwUGpJSHpjS05RcUpZSEtzR1M2a0dsUy13Qm1JWHlwb1JYTE5qVDhiN0h4SDBZRWl2R18yc19yQWlqWWhrRzVtTF9PYzNWaNIBsAFBVV95cUxQM0EyLTJTckRGTjhCT2hHcEhTZldYWWtMWVZYZF9yb2N0RnB6ZTNOXzc1Z3FEal9PWnA2a1VNZkhNMzVzU19vc2E2REdJTWgyeE1WUXFiRW1iTWhzclIzLWR4REhxejl2OWdwUGpJSHpjS05RcUpZSEtzR1M2a0dsUy13Qm1JWHlwb1JYTE5qVDhiN0h4SDBZRWl2R18yc19yQWlqWWhrRzVtTF9PYzNWaA?oc=5,2026-08-27 07:47:38,Prabhat Khabar,"<a href=""https://news.google.com/rss/articles/CBMisAFBVV95cUxQM0EyLTJTckRGTjhCT2hHcEhTZldYWWtMWVZYZF9yb2N0RnB6ZTNOXzc1Z3FEal9PWnA2a1VNZkhNMzVzU19vc2E2REdJTWgyeE1WUXFiRW1iTWhzclIzLWR4REhxejl2OWdwUGpJSHpjS05RcUpZSEtzR1M2a0dsUy13Qm1JWHlwb1JYTE5qVDhiN0h4SDBZRWl2R18yc19yQWlqWWhrRzVtTF9PYzNWaNIBsAFBVV95cUxQM0EyLTJTckRGTjhCT2hHcEhTZldYWWtMWVZYZF9yb2N0RnB6ZTNOXzc1Z3FEal9PWnA2a1VNZkhNMzVzU19vc2E2REdJTWgyeE1WUXFiRW1iTWhzclIzLWR4REhxejl2OWdwUGpJSHpjS05RcUpZSEtzR1M2a0dsUy13Qm1JWHlwb1JYTE5qVDhiN0h4SDBZRWl2R18yc19yQWlqWWhrRzVtTF9PYzNWaA?oc=5"" target=""_blank"">UP Weather Alert: यूपी वालों सावधान: 27 अगस्त को इन जिलों में बरसेंगे बादल, भारी बारिश का अलर्ट, देखें पूरी लिस्ट</a>&nbsp;&nbsp;<font color=""#6f6f6f"">Prabhat Khabar</font>",Monsoon,ur
"UP Rain Alert: पूर्वांचल से बुंदेलखंड तक जमकर बरसेंगे बादल; पश्चिमी यूपी में बढ़ेगी उमस, जानिए IMD का ताजा अपडेट - Zee News",https://news.google.com/rss/articles/CBMinAJBVV95cUxQdG5FMk1wRl9DN3NGdHlIbU9RZk12a2IxcjVBWkNrSEpiTlBUa2NKVXRlV0Z0SnZpUUE0a3hTcGdmZExhaUV5VF95NFp6NzNKMkk0U0VEVzBQME1FeUJPWk9YVDBGeFdLQXRCcVJjazNadEZKZ3FVSWpqY0liZ3VSOW91bF9aWnhBNzc5YXEta05MREF5dC1CVHhKM0hWTDFEcHBYT0NsTXI3dXZ5WDdLVUNKRVFJU2Ytd1ZGenRVaUhWeVZvMGJxZURObWFhT080MUNJRUM1SXVDWFlpc1lMTEZHRm15TDdTaklZM0RWVjZjTTE1cG1xa21HMmxfbXk0WGRRNWdXaThjSkxZMlVCTm83TnUtQVJwSVI5OA?oc=5,2026-08-27 05:57:27,Zee News,"<a href=""https://news.google.com/rss/articles/CBMinAJBVV95cUxQdG5FMk1wRl9DN3NGdHlIbU9RZk12a2IxcjVBWkNrSEpiTlBUa2NKVXRlV0Z0SnZpUUE0a3hTcGdmZExhaUV5VF95NFp6NzNKMkk0U0VEVzBQME1FeUJPWk9YVDBGeFdLQXRCcVJjazNadEZKZ3FVSWpqY0liZ3VSOW91bF9aWnhBNzc5YXEta05MREF5dC1CVHhKM0hWTDFEcHBYT0NsTXI3dXZ5WDdLVUNKRVFJU2Ytd1ZGenRVaUhWeVZvMGJxZURObWFhT080MUNJRUM1SXVDWFlpc1lMTEZHRm15TDdTaklZM0RWVjZjTTE1cG1xa21HMmxfbXk0WGRRNWdXaThjSkxZMlVCTm83TnUtQVJwSVI5OA?oc=5"" target=""_blank"">UP Rain Alert: पूर्वांचल से बुंदेलखंड तक जमकर बरसेंगे बादल; पश्चिमी यूपी में बढ़ेगी उमस, जानिए IMD का ताजा अपडेट</a>&nbsp;&nbsp;<font color=""#6f6f6f"">Zee News</font>",Monsoon,ur
"UP Weather Today: लखनऊ सहित 30 जिलों में झमाझम बारिश के बाद अब कमजोर पड़ेगा मानसून, थमेगा वर्षा का दौर - up monsoon weakens rain to subside after heavy showers - Head Topics",https://news.google.com/rss/articles/CBMibEFVX3lxTE5PRlA2eFIxajNiaFMwMy1ZZEVzRlVPaEFUWUhMRGpCMzdWdEpuUFpEcjN5ZWtMNFhrdzctbDNkTGtDbnhJTnFUaDRtY0M2NTdfV2FoTVM2d3pva1hkMklRTVNCV3p1OERsWjkzUQ?oc=5,2026-08-27 07:21:00,Head Topics,"<a href=""https://news.google.com/rss/articles/CBMibEFVX3lxTE5PRlA2eFIxajNiaFMwMy1ZZEVzRlVPaEFUWUhMRGpCMzdWdEpuUFpEcjN5ZWtMNFhrdzctbDNkTGtDbnhJTnFUaDRtY0M2NTdfV2FoTVM2d3pva1hkMklRTVNCV3p1OERsWjkzUQ?oc=5"" target=""_blank"">UP Weather Today: लखनऊ सहित 30 जिलों में झमाझम बारिश के बाद अब कमजोर पड़ेगा मानसून, थमेगा वर्षा का दौर - up monsoon weakens rain to subside after heavy showers</a>&nbsp;&nbsp;<font color=""#6f6f6f"">Head Topics</font>",Monsoon,ur
"28 August Ka Mausam: पूर्वी यूपी में भारी बारिश का अलर्ट, कई जिलों में बाढ़ की चेतावनी - up rain alert heavy downpour flash flood warning issued - Head Topics",https://news.google.com/rss/articles/CBMibEFVX3lxTFAzRzBueGxYazRSMDhGbnFPeHFURWVmOUFFS2cyaUlZM2liWnBWOFRkMWpGWTNWVFpaLUNnQk1qeGpOZkhhNEhWQTlIdXpFVTVFNFE5VDJwZ1o0dC1iUEM2c0owWW83aUNKemNzVg?oc=5,2026-08-27 15:30:00,Head Topics,"<a href=""https://news.google.com/rss/articles/CBMibEFVX3lxTFAzRzBueGxYazRSMDhGbnFPeHFURWVmOUFFS2cyaUlZM2liWnBWOFRkMWpGWTNWVFpaLUNnQk1qeGpOZkhhNEhWQTlIdXpFVTVFNFE5VDJwZ1o0dC1iUEM2c0owWW83aUNKemNzVg?oc=5"" target=""_blank"">28 August Ka Mausam: पूर्वी यूपी में भारी बारिश का अलर्ट, कई जिलों में बाढ़ की चेतावनी - up rain alert heavy downpour flash flood warning issued</a>&nbsp;&nbsp;<font color=""#6f6f6f"">Head Topics</font>",Monsoon,ur
"UP Flood Alert: कानपुर, फर्रुखाबाद सहित 9 जिलों में उफान पर नदियां, मकान गंगा में समाए, 7 की मौत - Jagran",https://news.google.com/rss/articles/CBMizAJBVV95cUxPaDRDbmd1X1VIRWtiMVFyOFRWRVp6Tk9FeWZjNFprZTd4QlpTN3VOSjNwdHRRVGlocnpZSHh3X2U1TnprME1ORzlzQnZRQl9TOS15dlRrSE1YUEhyYURYWXA1dWpqdm5ZMHc1VzRKTUFHcjdkVDQzLWpuTjlZeEhYUy16TnQ2MU9xLUx5WmZMS0xZQzZCcnVYcWJYV1JkSDNsc3g3N21QRkpZNGlfbmg2ZkpSZlJ2OEhOSDNxRlFGSHZ6UEFHOGFDMk9WeTJic3ctbVZ0ZEZZQlB1N1NhSG1RMlJVZEJvdlpIakRVZU5YQXg4ZTB6OW5ieHRfNXVlZ2FxQ1N0ZVNPTTJWOU5FVWhndFhaVldlR21qQUpZaVIwUl81dHRVSEJPYnZ5VEd2M3YwLUFPNkZ0WGgtU3M3SjhrZHVqZG9HMWZTVDVHYQ?oc=5,2026-08-27 00:02:32,Jagran,"<a href=""https://news.google.com/rss/articles/CBMizAJBVV95cUxPaDRDbmd1X1VIRWtiMVFyOFRWRVp6Tk9FeWZjNFprZTd4QlpTN3VOSjNwdHRRVGlocnpZSHh3X2U1TnprME1ORzlzQnZRQl9TOS15dlRrSE1YUEhyYURYWXA1dWpqdm5ZMHc1VzRKTUFHcjdkVDQzLWpuTjlZeEhYUy16TnQ2MU9xLUx5WmZMS0xZQzZCcnVYcWJYV1JkSDNsc3g3N21QRkpZNGlfbmg2ZkpSZlJ2OEhOSDNxRlFGSHZ6UEFHOGFDMk9WeTJic3ctbVZ0ZEZZQlB1N1NhSG1RMlJVZEJvdlpIakRVZU5YQXg4ZTB6OW5ieHRfNXVlZ2FxQ1N0ZVNPTTJWOU5FVWhndFhaVldlR21qQUpZaVIwUl81dHRVSEJPYnZ5VEd2M3YwLUFPNkZ0WGgtU3M3SjhrZHVqZG9HMWZTVDVHYQ?oc=5"" target=""_blank"">UP Flood Alert: कानपुर, फर्रुखाबाद सहित 9 जिलों में उफान पर नदियां, मकान गंगा में समाए, 7 की मौत</a>&nbsp;&nbsp;<font color=""#6f6f6f"">Jagran</font>",Monsoon,ur
"हर घंटे गंडक में बढ़ रहा है 10 हजार क्यूसेक पानी, UP में बढ़ा खतरा - gandak river swells nepal floodwater enters uttar pradesh - Jagran",https://news.google.com/rss/articles/CBMinAJBVV95cUxNam8zeXNfQU1kSWs3WnNUY3c2YUpicmw3RjhVdnllV2tZLWtDeUd3REhXckNRa3oyRUZ3MXBwMDRSWVNXZFhsOVpDLVRvdDl5cVlBZVgwd0hRMl95aExlakdVOWFVN2pXRnlYT2I3aGFQcjBUMk5kaGhpZ1FIMU9OUG9hSHBwMHRVRmtsSDdDT2QwYTE0cjBEVGtwanNYelh3X3lpTlRTNEh6dnFRQTFLX1hxRFNMZ3prSGNROE9tS0luRGt6al9uWWdKTjVKalZKT3FObU9zZGZmNWkxRmxnd1dlNEhLWUdhVXByM3JWU0NHUnNzS1RJSWV0Q2VoRDNsSnd5RnYybDllLTlabDA5ZENVWVRFN3RfbUFERw?oc=5,2026-08-27 11:30:00,Jagran,"<a href=""https://news.google.com/rss/articles/CBMinAJBVV95cUxNam8zeXNfQU1kSWs3WnNUY3c2YUpicmw3RjhVdnllV2tZLWtDeUd3REhXckNRa3oyRUZ3MXBwMDRSWVNXZFhsOVpDLVRvdDl5cVlBZVgwd0hRMl95aExlakdVOWFVN2pXRnlYT2I3aGFQcjBUMk5kaGhpZ1FIMU9OUG9hSHBwMHRVRmtsSDdDT2QwYTE0cjBEVGtwanNYelh3X3lpTlRTNEh6dnFRQTFLX1hxRFNMZ3prSGNROE9tS0luRGt6al9uWWdKTjVKalZKT3FObU9zZGZmNWkxRmxnd1dlNEhLWUdhVXByM3JWU0NHUnNzS1RJSWV0Q2VoRDNsSnd5RnYybDllLTlabDA5ZENVWVRFN3RfbUFERw?oc=5"" target=""_blank"">हर घंटे गंडक में बढ़ रहा है 10 हजार क्यूसेक पानी, UP में बढ़ा खतरा - gandak river swells nepal floodwater enters uttar pradesh</a>&nbsp;&nbsp;<font color=""#6f6f6f"">Jagran</font>",Monsoon,ur
"नेपाल में फंसे उत्तर प्रदेश के नागरिकों को लेकर सीएम योगी आदित्यनाथ बेहद गंभीर, सरकार ने संभाला मोर्चा - cm yogi adityanath is serious for people of up in nepal operation for rescue from flood in nepal helpline number is - Jagran",https://news.google.com/rss/articles/CBMikAJBVV95cUxQOElPYzlDX0QycjJUMVJOVDhUenhGQkhKWjdBb2w2YXlvUjR1Y004ZkRxdjJoUFRabjVxckV6cktzcFdUWmtiNFd3X2JrT0hCQ25EYUxHcFdLVTVUUFQ4M2NTS0ZnY3RFaTZTM0pUTnNQQms2S09tMFNkSW16ajdSdGF4ZWNiTlRtRWU4YVU5bnlqOVY0YmNjcm1EY3paa3JYdEttMGM0T3ZGOVZFVFpKTTRpN19hSjh0WVRmS09hbHVtS2I0VWZ3VW9xTVkxMFZFa2xaam10VjE2WkZqeFhFd3o1TTFWOXZWTDhweVh2Z1lQTnJQWEdpQ0xPU0xZbHlTYk84anUxbmJTXzRtUUEzSw?oc=5,2026-08-27 20:00:00,Jagran,"<a href=""https://news.google.com/rss/articles/CBMikAJBVV95cUxQOElPYzlDX0QycjJUMVJOVDhUenhGQkhKWjdBb2w2YXlvUjR1Y004ZkRxdjJoUFRabjVxckV6cktzcFdUWmtiNFd3X2JrT0hCQ25EYUxHcFdLVTVUUFQ4M2NTS0ZnY3RFaTZTM0pUTnNQQms2S09tMFNkSW16ajdSdGF4ZWNiTlRtRWU4YVU5bnlqOVY0YmNjcm1EY3paa3JYdEttMGM0T3ZGOVZFVFpKTTRpN19hSjh0WVRmS09hbHVtS2I0VWZ3VW9xTVkxMFZFa2xaam10VjE2WkZqeFhFd3o1TTFWOXZWTDhweVh2Z1lQTnJQWEdpQ0xPU0xZbHlTYk84anUxbmJTXzRtUUEzSw?oc=5"" target=""_blank"">नेपाल में फंसे उत्तर प्रदेश के नागरिकों को लेकर सीएम योगी आदित्यनाथ बेहद गंभीर, सरकार ने संभाला मोर्चा - cm yogi adityanath is serious for people of up in nepal operation for rescue from flood in nepal helpline number is</a>&nbsp;&nbsp;<font color=""#6f6f6f"">Jagran</font>",Monsoon,ur
"No rain, but massive deluge: What really triggered Nepal's sudden, destructive flash floods? EXPLAINED - Zee News",https://news.google.com/rss/articles/CBMingFBVV95cUxNd28wckxiMVNhQTFWd2htbTFBRmN3ZmpjZ1YtWW1va2pwa21XbGxEengzOWdRZzlxTXNuNU45eHl0WDJfVTRUWVcxelBFMDBWNjZtRHg5N0V3RDZySlhGX0pEU3dYVU1IRzVxMUJLZHpPVUl6UzJiRzdmSlV1WFF4SGJPWEw0dzcyTUZ6aWVzamI4T0xmMDRYUElmLVpwQdIBowFBVV95cUxOWUs5OUFNX0ZUQ3QwVlBjZWY0SXMtS29WM2E3UFpfdm9TVkxtSl9iRmNfR0FQQWRxakpaZ29YUXJxTWJPTm1fLUIyOXhfaS1CbnMyLXd6TWdDX2E3NE1Ec2FXbjczOTBTWFFmTXFvRVBTQWdkOU90dE0xN2Q4Z1Z6QVQ5Um9RQkp5Nk5KVzM2c1dyRldnSG95WnFRbk5lWU5VeGI0?oc=5,2026-08-27 08:14:36,Zee News,"<a href=""https://news.google.com/rss/articles/CBMingFBVV95cUxNd28wckxiMVNhQTFWd2htbTFBRmN3ZmpjZ1YtWW1va2pwa21XbGxEengzOWdRZzlxTXNuNU45eHl0WDJfVTRUWVcxelBFMDBWNjZtRHg5N0V3RDZySlhGX0pEU3dYVU1IRzVxMUJLZHpPVUl6UzJiRzdmSlV1WFF4SGJPWEw0dzcyTUZ6aWVzamI4T0xmMDRYUElmLVpwQdIBowFBVV95cUxOWUs5OUFNX0ZUQ3QwVlBjZWY0SXMtS29WM2E3UFpfdm9TVkxtSl9iRmNfR0FQQWRxakpaZ29YUXJxTWJPTm1fLUIyOXhfaS1CbnMyLXd6TWdDX2E3NE1Ec2FXbjczOTBTWFFmTXFvRVBTQWdkOU90dE0xN2Q4Z1Z6QVQ5Um9RQkp5Nk5KVzM2c1dyRldnSG95WnFRbk5lWU5VeGI0?oc=5"" target=""_blank"">No rain, but massive deluge: What really triggered Nepal's sudden, destructive flash floods? EXPLAINED</a>&nbsp;&nbsp;<font color=""#6f6f6f"">Zee News</font>",Monsoon,ur
Nepal Flood UP Help: नेपाल में फंसे यूपी के नागरिकों के लिए 1070 हेल्पलाइन जारी; योगी सरकार ने शुरू की मदद की बड़ी पहल - Haribhoomi,https://news.google.com/rss/articles/CBMi2wFBVV95cUxQM2RXbWhqcmRHalFNQ250MWVYdloyZTBENmtUenpOS2UxRHVSelhiU0VuZ21jb0JYNTVBUk9XNkl1M1JYbDFtQVFQSHFXWnpJLWdlVGtGVWxkUzhtal9MZlIwdGt0Wmh1QnpYQldlWEY0ZHlFVVNJWVU2RUdGbzJQUURWWUxiUHZ6cUxoVGl3MmtqRWQ1LVYtTlhNTHpxczlVMVBGSlQ2a010OWt0R0RhdXdOVTkybFp2b2xsZ2FjZ21nX3pPUHljckxaWUVfcWRGUjBvWWFhMEFwTGs?oc=5,2026-08-27 14:29:00,Haribhoomi,"<a href=""https://news.google.com/rss/articles/CBMi2wFBVV95cUxQM2RXbWhqcmRHalFNQ250MWVYdloyZTBENmtUenpOS2UxRHVSelhiU0VuZ21jb0JYNTVBUk9XNkl1M1JYbDFtQVFQSHFXWnpJLWdlVGtGVWxkUzhtal9MZlIwdGt0Wmh1QnpYQldlWEY0ZHlFVVNJWVU2RUdGbzJQUURWWUxiUHZ6cUxoVGl3MmtqRWQ1LVYtTlhNTHpxczlVMVBGSlQ2a010OWt0R0RhdXdOVTkybFp2b2xsZ2FjZ21nX3pPUHljckxaWUVfcWRGUjBvWWFhMEFwTGs?oc=5"" target=""_blank"">Nepal Flood UP Help: नेपाल में फंसे यूपी के नागरिकों के लिए 1070 हेल्पलाइन जारी; योगी सरकार ने शुरू की मदद की बड़ी पहल</a>&nbsp;&nbsp;<font color=""#6f6f6f"">Haribhoomi</font>",Monsoon,ur
"नेपाल में फंसे उत्तर प्रदेश के नागरिकों को लेकर सीएम योगी आदित्यनाथ बेहद गंभीर, सरकार ने संभाला मोर्चा - cm yogi adityanath is serious for people of up in nepal operation for rescue from flood in nepal helpline number is - Jagran",https://news.google.com/rss/articles/CBMi7AJBVV95cUxQbEZBbGZPc2dCeWgzRGZMZWhuLU1qQnZiMzVtcENnOUpBTGxKZlFvZ2VzRGVUSndxR3BKclFSUk9qaUNWb3RyQk1rd1p5dUlmUk5VM3hNQWQtRkZGOWtoeHhpcmZHUWNrVWlubU9JcEcyc1pJSENvYU5tU0J4YXd2aTE4OTRmVjUxTndzaW8zSGcxbm9YWmJNZXBLc2hKbmp6WGFFM2RVQ1ltc0tzeG9VUDI0MkEzTGxPWWhLOVdiMTdQN1FsaFFxNjlCa1NOSFg0eGF1d1V3OGJBUl9ZZk5ubzFOZURzQXNPOWdPY1dOS3d4Y0lTTGJPbUNtU201eHd3eGlleW1rSjJBRUk2Z1o2YTRKTmVONEcyTHpNY2pZQllKcHdPVXI4MWpsOFdjRXMyYjFLNXhlQkhUWDU2RlBRUXN5VXZuREtNMWhpRE01SWh2ZG96eGEwUE5VcWE4a3JKS0pDNm4wQlFQdElC?oc=5,2026-08-27 20:00:00,Jagran,"<a href=""https://news.google.com/rss/articles/CBMi7AJBVV95cUxQbEZBbGZPc2dCeWgzRGZMZWhuLU1qQnZiMzVtcENnOUpBTGxKZlFvZ2VzRGVUSndxR3BKclFSUk9qaUNWb3RyQk1rd1p5dUlmUk5VM3hNQWQtRkZGOWtoeHhpcmZHUWNrVWlubU9JcEcyc1pJSENvYU5tU0J4YXd2aTE4OTRmVjUxTndzaW8zSGcxbm9YWmJNZXBLc2hKbmp6WGFFM2RVQ1ltc0tzeG9VUDI0MkEzTGxPWWhLOVdiMTdQN1FsaFFxNjlCa1NOSFg0eGF1d1V3OGJBUl9ZZk5ubzFOZURzQXNPOWdPY1dOS3d4Y0lTTGJPbUNtU201eHd3eGlleW1rSjJBRUk2Z1o2YTRKTmVONEcyTHpNY2pZQllKcHdPVXI4MWpsOFdjRXMyYjFLNXhlQkhUWDU2RlBRUXN5VXZuREtNMWhpRE01SWh2ZG96eGEwUE5VcWE4a3JKS0pDNm4wQlFQdElC?oc=5"" target=""_blank"">नेपाल में फंसे उत्तर प्रदेश के नागरिकों को लेकर सीएम योगी आदित्यनाथ बेहद गंभीर, सरकार ने संभाला मोर्चा - cm yogi adityanath is serious for people of up in nepal operation for rescue from flood in nepal helpline number is</a>&nbsp;&nbsp;<font color=""#6f6f6f"">Jagran</font>",Monsoon,ur
