Title,Link,Date,Source,Summary,Term,LanguageQueried
സംസ്ഥാനത്ത് കനത്ത മഴ തുടരുന്നു: ഇന്ന് 8 ജില്ലകളിൽ യെല്ലോ അലർട്ട് പ്രഖ്യാപിച്ച് കാലാവസ്ഥാ വകുപ്പ് | Kerala Weather Forecast - Times Kerala,https://news.google.com/rss/articles/CBMivgFBVV95cUxNUjJWaWlBaENvejE4TC1KekhCSVJhVk9BOWZUTEJhWmM5NDZOX1VjYjVHV3FhNWJGakdNejQ1TzRFcWg3bGhobVlTLWpOXzhMNFZRSDVNdFE0dkpGWWlDMnpENjJSRFFFQXA4SXA1WHc0ZG9iT19rSlZxY0J5MzRjVmdiXzQ2MnNNWFgtM3l1YUZvempadVE0TU00M0FIUGJBdHQwcy1CVFhheTVNb1B4RUpJTy1GR3NJSHVETnBR?oc=5,2026-09-21 12:24:16,Times Kerala,"<a href=""https://news.google.com/rss/articles/CBMivgFBVV95cUxNUjJWaWlBaENvejE4TC1KekhCSVJhVk9BOWZUTEJhWmM5NDZOX1VjYjVHV3FhNWJGakdNejQ1TzRFcWg3bGhobVlTLWpOXzhMNFZRSDVNdFE0dkpGWWlDMnpENjJSRFFFQXA4SXA1WHc0ZG9iT19rSlZxY0J5MzRjVmdiXzQ2MnNNWFgtM3l1YUZvempadVE0TU00M0FIUGJBdHQwcy1CVFhheTVNb1B4RUpJTy1GR3NJSHVETnBR?oc=5"" target=""_blank"">സംസ്ഥാനത്ത് കനത്ത മഴ തുടരുന്നു: ഇന്ന് 8 ജില്ലകളിൽ യെല്ലോ അലർട്ട് പ്രഖ്യാപിച്ച് കാലാവസ്ഥാ വകുപ്പ് | Kerala Weather Forecast</a>&nbsp;&nbsp;<font color=""#6f6f6f"">Times Kerala</font>",Monsoon,ml
"കനത്ത മഴ മുന്നറിയിപ്പ്: മലയോര മേഖലകളിൽ രാത്രിയാത്ര നിരോധിച്ചു | Kerala Heavy rain warning And Alerts, Night travel banned in hilly areas Include Idukki - Malayalam TV9",https://news.google.com/rss/articles/CBMi0AFBVV95cUxQbUM4ZDNiQnVIb2Z5azBXTk1HY003ZUx1bU1FNW1WalJqalFpQk9mRnd0Y0FGYmJQMDNpZG5nWjZSdGpuelZuMTRJbV9jd3c0Rm5od2FEYUVFalFwSFN4a0VsNlRqOXloblFWSTJURklXY1oyYW1kbUNETXlUTVVLeF8yeHNaMnpMUTN6WDZra0VWZ1Blcm55NFZpenRyOEJrZGtBR3lZYXJBRVFURVpRTmN4VWdKb05QZGFIUlBPczAyQUh3dldoNFhKbTJaNGFp0gHWAUFVX3lxTE5rWjJvdGp6aTNvX0MwczgyNF92aGN1cHI0TXBrWk9wSGlfSTlrWmxvSVVYdkN3TUNHeVphbXI0ckhNUmczRmpacG02QXhscy1IY2lZTUcyUUlLVXU5WnJXX2lUNkQ2Vlo1Zk9vR0t4Tnk3UktKUUZtLUhVcERuUWgwRUl4eEtiOGY5RjVrd3A4ek5YT0p3ZW9Nc3VHb3ZnVFNkc0Y3UEJWdi11QTFUM3RBekNDNTY5aWl4Y3dQOHJzM1hESHVIM2VzS3Z5c0FCODFxSk80VkE?oc=5,2026-09-21 13:14:29,Malayalam TV9,"<a href=""https://news.google.com/rss/articles/CBMi0AFBVV95cUxQbUM4ZDNiQnVIb2Z5azBXTk1HY003ZUx1bU1FNW1WalJqalFpQk9mRnd0Y0FGYmJQMDNpZG5nWjZSdGpuelZuMTRJbV9jd3c0Rm5od2FEYUVFalFwSFN4a0VsNlRqOXloblFWSTJURklXY1oyYW1kbUNETXlUTVVLeF8yeHNaMnpMUTN6WDZra0VWZ1Blcm55NFZpenRyOEJrZGtBR3lZYXJBRVFURVpRTmN4VWdKb05QZGFIUlBPczAyQUh3dldoNFhKbTJaNGFp0gHWAUFVX3lxTE5rWjJvdGp6aTNvX0MwczgyNF92aGN1cHI0TXBrWk9wSGlfSTlrWmxvSVVYdkN3TUNHeVphbXI0ckhNUmczRmpacG02QXhscy1IY2lZTUcyUUlLVXU5WnJXX2lUNkQ2Vlo1Zk9vR0t4Tnk3UktKUUZtLUhVcERuUWgwRUl4eEtiOGY5RjVrd3A4ek5YT0p3ZW9Nc3VHb3ZnVFNkc0Y3UEJWdi11QTFUM3RBekNDNTY5aWl4Y3dQOHJzM1hESHVIM2VzS3Z5c0FCODFxSk80VkE?oc=5"" target=""_blank"">കനത്ത മഴ മുന്നറിയിപ്പ്: മലയോര മേഖലകളിൽ രാത്രിയാത്ര നിരോധിച്ചു | Kerala Heavy rain warning And Alerts, Night travel banned in hilly areas Include Idukki</a>&nbsp;&nbsp;<font color=""#6f6f6f"">Malayalam TV9</font>",Monsoon,ml
Kerala Rain Alert Today: കനത്ത മഴ തുടരും ; ഇന്ന് 6 ജില്ലകളില്‍ യെല്ലോ അലര്‍ട്ട് - Times Now Malayalam,https://news.google.com/rss/articles/CBMijwJBVV95cUxNQWtuV1haM0w3b0ZnWUJmeEpqT29MX3JyZjNGazBIbHQ5TktjbERkazk1cWF2Y1JSSnJicEJqVEpjOC00RjJPaEhKdGFTZDhZeExXek9rQTRrOFl6S002WVAzbEhpQjdqVGVObmJ1cDZKRUpsWWQ5Rk5rOXMyRHRNNUdIb1BCdm5feUJSMTJPUjJUMzVCT0NCbTE4Z2lsSGZ4UFo4eHZ3TmdGdkplQllpZkJ4ZXVRY3d3eHdSQXo0Unl3M1RZZzNLNjhVUERKU1Q3UW1OV3B1MGtzdEhlYndCR3g2YWpMMV9iRGxaM3FuS0RFUm5rMlpfc1A0WmxqTXNDT0F3ME8wZHZrdHNXVi1R0gGUAkFVX3lxTE1ST1JBWVRzWnBRWmVXRGNWbHNDOWNhUkVkZjdWOUJRNW5iQnNpQVJOcFFmZmF5RkxLeWpnazNodTc4a0pza0g2RmdjQllpNTZMTDBZcnNPLTZoTTAxWnZLN2ZoQzZYZ3VYVUUyNVVOVl85b1lVVmMxWmZ1a1VjUnpRWXBzWTZ5N0NuVEUwdllGWUItc0tXaDJuQ0thTWZKbTNvRXY0X2JqVWhSRnBGTzkzU2RVSXJZd2dHR3F3d1Z2Y3FBOFI1bDZvZ3A1cjJoS3lBdzlkeUFHT0s5V1ZLT3gyb0k3M3ZiWmhYUlBsNlJrLWowVU5DSE9IaS05V3dSY2NYTVdhSlgzbUN3TkdBMGpQTGt2Sg?oc=5,2026-09-21 09:48:19,Times Now Malayalam,"<a href=""https://news.google.com/rss/articles/CBMijwJBVV95cUxNQWtuV1haM0w3b0ZnWUJmeEpqT29MX3JyZjNGazBIbHQ5TktjbERkazk1cWF2Y1JSSnJicEJqVEpjOC00RjJPaEhKdGFTZDhZeExXek9rQTRrOFl6S002WVAzbEhpQjdqVGVObmJ1cDZKRUpsWWQ5Rk5rOXMyRHRNNUdIb1BCdm5feUJSMTJPUjJUMzVCT0NCbTE4Z2lsSGZ4UFo4eHZ3TmdGdkplQllpZkJ4ZXVRY3d3eHdSQXo0Unl3M1RZZzNLNjhVUERKU1Q3UW1OV3B1MGtzdEhlYndCR3g2YWpMMV9iRGxaM3FuS0RFUm5rMlpfc1A0WmxqTXNDT0F3ME8wZHZrdHNXVi1R0gGUAkFVX3lxTE1ST1JBWVRzWnBRWmVXRGNWbHNDOWNhUkVkZjdWOUJRNW5iQnNpQVJOcFFmZmF5RkxLeWpnazNodTc4a0pza0g2RmdjQllpNTZMTDBZcnNPLTZoTTAxWnZLN2ZoQzZYZ3VYVUUyNVVOVl85b1lVVmMxWmZ1a1VjUnpRWXBzWTZ5N0NuVEUwdllGWUItc0tXaDJuQ0thTWZKbTNvRXY0X2JqVWhSRnBGTzkzU2RVSXJZd2dHR3F3d1Z2Y3FBOFI1bDZvZ3A1cjJoS3lBdzlkeUFHT0s5V1ZLT3gyb0k3M3ZiWmhYUlBsNlJrLWowVU5DSE9IaS05V3dSY2NYTVdhSlgzbUN3TkdBMGpQTGt2Sg?oc=5"" target=""_blank"">Kerala Rain Alert Today: കനത്ത മഴ തുടരും ; ഇന്ന് 6 ജില്ലകളില്‍ യെല്ലോ അലര്‍ട്ട്</a>&nbsp;&nbsp;<font color=""#6f6f6f"">Times Now Malayalam</font>",Monsoon,ml
അർണബ് ചുഴലിക്കാറ്റ് വരുന്നു: കേരളത്തിലും കനത്ത ജാഗ്രത! Cyclone Arnab Kerala Weather Alert - Malayalam Media Live,https://news.google.com/rss/articles/CBMi1gFBVV95cUxNT2J5T0JnZXZfMnBxc0p5elZoSHdSd09tUXJFZmJ6T1dVNDN0MS1GeG4wcGF1anRkdmFGM3hwd3BBM3V6OUVua3k5MHE2OXM2U0tFSVBVbmFuY08tcUJfdkJvTGhOTGFMbXljdk5QdHBpTnVDV0dwemVvV2h1NFZ2bnJ5d3JTcnZkYUQxQ005LTF3Ynd2VHZmY0VPUjctVzVFRmFSN3pyTnlVZUJHTW5LRlg1Y1JlTkZZSmQzQnBpZWQxZ2dQbWlqeURCTlhYT0xEeGhWQTVn?oc=5,2026-09-21 11:18:45,Malayalam Media Live,"<a href=""https://news.google.com/rss/articles/CBMi1gFBVV95cUxNT2J5T0JnZXZfMnBxc0p5elZoSHdSd09tUXJFZmJ6T1dVNDN0MS1GeG4wcGF1anRkdmFGM3hwd3BBM3V6OUVua3k5MHE2OXM2U0tFSVBVbmFuY08tcUJfdkJvTGhOTGFMbXljdk5QdHBpTnVDV0dwemVvV2h1NFZ2bnJ5d3JTcnZkYUQxQ005LTF3Ynd2VHZmY0VPUjctVzVFRmFSN3pyTnlVZUJHTW5LRlg1Y1JlTkZZSmQzQnBpZWQxZ2dQbWlqeURCTlhYT0xEeGhWQTVn?oc=5"" target=""_blank"">അർണബ് ചുഴലിക്കാറ്റ് വരുന്നു: കേരളത്തിലും കനത്ത ജാഗ്രത! Cyclone Arnab Kerala Weather Alert</a>&nbsp;&nbsp;<font color=""#6f6f6f"">Malayalam Media Live</font>",Monsoon,ml
Monsoon revival brings relief to Keralam; more rain likely from September 23 - The Hindu,https://news.google.com/rss/articles/CBMi2AFBVV95cUxNWVVJS1BQb3gzeTFjNEZ6SjBtcE1fcVhObDBHOVVnRkNKWExqRGxGWHo0OXhZNFNtZVlENjhlM0pFSW9DTGw5ZmpwYjFRSHg2VUszTU0tWnlwdmh6WjhoY1hQWkMzOE5UNkRkY0FVa0xvbjRuX09RZW9aMm14OTVEOWxpRE9xYlpYR3MtU1lmUzVJS01vTlE1SU9aVTA1VjNzNlJ4UFRpRGdhSzZBWFJxTDlPdXJSRXlSTV9jM3BvcHlMOTE4dXlyUjR1M01iNkJHZGY5bXRDUnPSAd8BQVVfeXFMT081X3VrRHVTam5wdEJ2aXhkZ1pybWJyUTFLSG1fS2dSV3ljRFdETjF1U2pNVU02MHRod09IS19xY0NuMWRSbGtLZ2RDTkVxaTlZLW80ZzFpMmVtUWM5YmFybmc3U29kUXBKc1hXM1gyeV93dF92dW50dndGM0ttV3ZYVVlwaWY2aGVNaURSRkh3LUJhOVF5M2tyUUFrcjNrRTBjbFdoeUs5Q0tsbXJlTFVrcXNlUzlLNWkwZWNfSTByWHFmNWFfcUlRZFlYRmJqQzUwX21UNVM1UFpPdVZPWQ?oc=5,2026-09-21 15:27:19,The Hindu,"<a href=""https://news.google.com/rss/articles/CBMi2AFBVV95cUxNWVVJS1BQb3gzeTFjNEZ6SjBtcE1fcVhObDBHOVVnRkNKWExqRGxGWHo0OXhZNFNtZVlENjhlM0pFSW9DTGw5ZmpwYjFRSHg2VUszTU0tWnlwdmh6WjhoY1hQWkMzOE5UNkRkY0FVa0xvbjRuX09RZW9aMm14OTVEOWxpRE9xYlpYR3MtU1lmUzVJS01vTlE1SU9aVTA1VjNzNlJ4UFRpRGdhSzZBWFJxTDlPdXJSRXlSTV9jM3BvcHlMOTE4dXlyUjR1M01iNkJHZGY5bXRDUnPSAd8BQVVfeXFMT081X3VrRHVTam5wdEJ2aXhkZ1pybWJyUTFLSG1fS2dSV3ljRFdETjF1U2pNVU02MHRod09IS19xY0NuMWRSbGtLZ2RDTkVxaTlZLW80ZzFpMmVtUWM5YmFybmc3U29kUXBKc1hXM1gyeV93dF92dW50dndGM0ttV3ZYVVlwaWY2aGVNaURSRkh3LUJhOVF5M2tyUUFrcjNrRTBjbFdoeUs5Q0tsbXJlTFVrcXNlUzlLNWkwZWNfSTByWHFmNWFfcUlRZFlYRmJqQzUwX21UNVM1UFpPdVZPWQ?oc=5"" target=""_blank"">Monsoon revival brings relief to Keralam; more rain likely from September 23</a>&nbsp;&nbsp;<font color=""#6f6f6f"">The Hindu</font>",Monsoon,en
"Weather tomorrow: IMD forecasts heavy to very heavy rain in Kerala, red alert in Odisha; Delhi-NCR likely - The Times of India",https://news.google.com/rss/articles/CBMimwJBVV95cUxQTzFfOEF5X05zVDgxQV9naUlvUWtOY2h5UWNpVVZvenJzTXlUWUlZZnV2VWZ1bzlubVp2dWh6bzYyZ1o2VVg1TVpSdGlHblh0dGtTN0pjbVFBdDdJSWs0ZktqV3FrazRwaTZ1LVZ4eE82cmttZEYzNFRMTG9Xelpwb2F1N19rTUgxV0dMWWljcV8zNjZsU2VkV3k1b0dyYU03NEg4ZEVtNllTaWp6d25Qa19ZY042VnNpaVhzcGF5U09PYXhVNnFodUszUFo5cjVHVXl3RjdxcEpHUnlIWWs3cW9xSzRQb0NVb1VTd2E1RG0tc3JuX3hFbkY1MUJFNUFxejJGT0VqR1BFWUgtQ0w2NFRaWHU2c1F2QlBz0gGbAkFVX3lxTFBPMV84QXlfTnNUODFBX2dpSW9Ra05jaHlRY2lVVm96cnNNeVRZSVlmdXZVZnVvOW5tWnZ1aHpvNjJnWjZVWDVNWlJ0aUduWHR0a1M3SmNtUUF0N0lJazRmS2pXcWtrNHBpNnUtVnh4TzZya21kRjM0VExMb1d6WnBvYXU3X2tNSDFXR0xZaWNxXzM2NmxTZWRXeTVvR3JhTTc0SDhkRW02WVNpanp3blBrX1ljTjZWc2lpWHNwYXlTT09heFU2cWh1SzNQWjlyNUdVeXdGN3FwSkdSeUhZazdxb3FLNFBvQ1VvVVN3YTVEbS1zcm5feEVuRjUxQkU1QXF6MkZPRWpHUEVZSC1DTDY0VFpYdTZzUXZCUHM?oc=5,2026-09-21 12:31:00,The Times of India,"<a href=""https://news.google.com/rss/articles/CBMimwJBVV95cUxQTzFfOEF5X05zVDgxQV9naUlvUWtOY2h5UWNpVVZvenJzTXlUWUlZZnV2VWZ1bzlubVp2dWh6bzYyZ1o2VVg1TVpSdGlHblh0dGtTN0pjbVFBdDdJSWs0ZktqV3FrazRwaTZ1LVZ4eE82cmttZEYzNFRMTG9Xelpwb2F1N19rTUgxV0dMWWljcV8zNjZsU2VkV3k1b0dyYU03NEg4ZEVtNllTaWp6d25Qa19ZY042VnNpaVhzcGF5U09PYXhVNnFodUszUFo5cjVHVXl3RjdxcEpHUnlIWWs3cW9xSzRQb0NVb1VTd2E1RG0tc3JuX3hFbkY1MUJFNUFxejJGT0VqR1BFWUgtQ0w2NFRaWHU2c1F2QlBz0gGbAkFVX3lxTFBPMV84QXlfTnNUODFBX2dpSW9Ra05jaHlRY2lVVm96cnNNeVRZSVlmdXZVZnVvOW5tWnZ1aHpvNjJnWjZVWDVNWlJ0aUduWHR0a1M3SmNtUUF0N0lJazRmS2pXcWtrNHBpNnUtVnh4TzZya21kRjM0VExMb1d6WnBvYXU3X2tNSDFXR0xZaWNxXzM2NmxTZWRXeTVvR3JhTTc0SDhkRW02WVNpanp3blBrX1ljTjZWc2lpWHNwYXlTT09heFU2cWh1SzNQWjlyNUdVeXdGN3FwSkdSeUhZazdxb3FLNFBvQ1VvVVN3YTVEbS1zcm5feEVuRjUxQkU1QXF6MkZPRWpHUEVZSC1DTDY0VFpYdTZzUXZCUHM?oc=5"" target=""_blank"">Weather tomorrow: IMD forecasts heavy to very heavy rain in Kerala, red alert in Odisha; Delhi-NCR likely</a>&nbsp;&nbsp;<font color=""#6f6f6f"">The Times of India</font>",Monsoon,en
Kerala rains intensify: IMD updates alerts as CM Satheesan orders hourly assessment - Moneycontrol.com,https://news.google.com/rss/articles/CBMi2gFBVV95cUxPbG9lQTNpSjV0akx2NmcwNWNXMmhtc25aRFdKYzF3TXpOVFpEREd6S3ZfOHNoeEp3dFk5M3JVajhzTkRzTFNRVF9IUG1XVG1hN0JVbGlteU0zZ1hnSTZqV0VrYXByYkRZQ2prdHJ1V0pfYzdxOGVPQ2lXTFI0cnFFeUQ1VEk0dVk5d1h2RWRKbkF4Yk5pNHo0WVVaZUQ5c0t4LTFYdHN1bmYtZ0l1OHFVSEpfbTZKU1FNbW5BMGgtVnFGbTJiRC0tTmdiTDdTVkRlMjhuU3laVVZ1UdIB2gFBVV95cUxPbG9lQTNpSjV0akx2NmcwNWNXMmhtc25aRFdKYzF3TXpOVFpEREd6S3ZfOHNoeEp3dFk5M3JVajhzTkRzTFNRVF9IUG1XVG1hN0JVbGlteU0zZ1hnSTZqV0VrYXByYkRZQ2prdHJ1V0pfYzdxOGVPQ2lXTFI0cnFFeUQ1VEk0dVk5d1h2RWRKbkF4Yk5pNHo0WVVaZUQ5c0t4LTFYdHN1bmYtZ0l1OHFVSEpfbTZKU1FNbW5BMGgtVnFGbTJiRC0tTmdiTDdTVkRlMjhuU3laVVZ1UQ?oc=5,2026-09-21 07:16:11,Moneycontrol.com,"<a href=""https://news.google.com/rss/articles/CBMi2gFBVV95cUxPbG9lQTNpSjV0akx2NmcwNWNXMmhtc25aRFdKYzF3TXpOVFpEREd6S3ZfOHNoeEp3dFk5M3JVajhzTkRzTFNRVF9IUG1XVG1hN0JVbGlteU0zZ1hnSTZqV0VrYXByYkRZQ2prdHJ1V0pfYzdxOGVPQ2lXTFI0cnFFeUQ1VEk0dVk5d1h2RWRKbkF4Yk5pNHo0WVVaZUQ5c0t4LTFYdHN1bmYtZ0l1OHFVSEpfbTZKU1FNbW5BMGgtVnFGbTJiRC0tTmdiTDdTVkRlMjhuU3laVVZ1UdIB2gFBVV95cUxPbG9lQTNpSjV0akx2NmcwNWNXMmhtc25aRFdKYzF3TXpOVFpEREd6S3ZfOHNoeEp3dFk5M3JVajhzTkRzTFNRVF9IUG1XVG1hN0JVbGlteU0zZ1hnSTZqV0VrYXByYkRZQ2prdHJ1V0pfYzdxOGVPQ2lXTFI0cnFFeUQ1VEk0dVk5d1h2RWRKbkF4Yk5pNHo0WVVaZUQ5c0t4LTFYdHN1bmYtZ0l1OHFVSEpfbTZKU1FNbW5BMGgtVnFGbTJiRC0tTmdiTDdTVkRlMjhuU3laVVZ1UQ?oc=5"" target=""_blank"">Kerala rains intensify: IMD updates alerts as CM Satheesan orders hourly assessment</a>&nbsp;&nbsp;<font color=""#6f6f6f"">Moneycontrol.com</font>",Monsoon,en
"Keralam rain kills 5, triggers landslides and floods; orange alert in 2 districts - India Today",https://news.google.com/rss/articles/CBMi6AFBVV95cUxQbjhQdHFZVlhfUnhReWZLYmxqMDJQb0dLQW5jSm13cDRiUDAtcUU4ZWQxLW93OXEwMExNY1RidXlWTWwwUXZEQnhqWWFJamZSZFc2Z3l6VHJITll1UjRXRW0ya25YY2l1cHFuQW1Hejc1NS11emJma3hlYkZyVjRjcTJGdzllRUF1eGtJZjBJT19xZ29TZ0xON0RiNkQyUEh4cVliUk93bGJVNE5DREREYkJtOVlmM3V6VHRlU0VDQmdhbWJ1Z1RTNzVrakI5QzFGell2bEtJYmNUMlhuN1EtOGxzaEhkeGVu0gHuAUFVX3lxTE5WNll2OTJyZUxNcnJrclVqdlJOSGlSX0I4N3BlaTU5YWtTTEY0ekNpNlhQeVQxNzd4TjltV3ZQUFByZ3Jmamw0RkRYVjRDYzVaODZHczZtSEJVUnZPanI5TWJTMjdOSEZYTEs4d20wZlNSZU5JaWdHTVhldzlFZS1VeG9UUm1KekVneFpuRk9Bc0RDbzBaa0ZVOEh6YWVnMjg1N1RDXzZnc0FhaTAyVjFUU1JqS3cwZTdBYm8wY3FYMUhSR3RHTGZKS1ZINWIzQUh6Z3Z0eFM2NEJyOWk3RXZpLUs2RmVFNWw4c19MTFE?oc=5,2026-09-21 06:47:15,India Today,"<a href=""https://news.google.com/rss/articles/CBMi6AFBVV95cUxQbjhQdHFZVlhfUnhReWZLYmxqMDJQb0dLQW5jSm13cDRiUDAtcUU4ZWQxLW93OXEwMExNY1RidXlWTWwwUXZEQnhqWWFJamZSZFc2Z3l6VHJITll1UjRXRW0ya25YY2l1cHFuQW1Hejc1NS11emJma3hlYkZyVjRjcTJGdzllRUF1eGtJZjBJT19xZ29TZ0xON0RiNkQyUEh4cVliUk93bGJVNE5DREREYkJtOVlmM3V6VHRlU0VDQmdhbWJ1Z1RTNzVrakI5QzFGell2bEtJYmNUMlhuN1EtOGxzaEhkeGVu0gHuAUFVX3lxTE5WNll2OTJyZUxNcnJrclVqdlJOSGlSX0I4N3BlaTU5YWtTTEY0ekNpNlhQeVQxNzd4TjltV3ZQUFByZ3Jmamw0RkRYVjRDYzVaODZHczZtSEJVUnZPanI5TWJTMjdOSEZYTEs4d20wZlNSZU5JaWdHTVhldzlFZS1VeG9UUm1KekVneFpuRk9Bc0RDbzBaa0ZVOEh6YWVnMjg1N1RDXzZnc0FhaTAyVjFUU1JqS3cwZTdBYm8wY3FYMUhSR3RHTGZKS1ZINWIzQUh6Z3Z0eFM2NEJyOWk3RXZpLUs2RmVFNWw4c19MTFE?oc=5"" target=""_blank"">Keralam rain kills 5, triggers landslides and floods; orange alert in 2 districts</a>&nbsp;&nbsp;<font color=""#6f6f6f"">India Today</font>",Monsoon,en
"Keralam: 5 dead, 2 missing as heavy rain triggers landslides and flash floods - National Herald",https://news.google.com/rss/articles/CBMixwFBVV95cUxNVDVLYnFtWXJoVlNjZERzNEZEYi00WEFpNi1jd2thSzRWR1dmMGx2WDhxRC0tNElwUzBiRklCTk9xazBHX1RneTh5YUFVRFVvUFN3anM3bXhRWEhyZ3duQnlGX1hPcnB6SUZyTWNsZElOTFVEbWliaVRRbDNfbUxGYzd4UU1jUnNPb3JPUktvLWRTY3JQUXVESWpONXJuaGE4Z2ZSeTJWQmdzRWNsWjJsLUtENlZZaDBDRE5SMXZ2V29TVFpDcGlR0gHUAUFVX3lxTE1xN3JEUURQTDRzM3BaVk1zNVYwQVJfYzFhc21BYjFGT2ExazNLOFFFR0lCSFk2UVIwMlM5SUVpNUFhTks1dHZ4TUg3Z0M0cm9ncHB6NnhOXzJPcHNUUmc2b3RoNHlUN2c3MXdiTzYydlQ0dl92ZU42cm1kWHBFY2otNmROTDVqQ2czTC1SUW1wX0dKOTMtRENfckJnWDl3VzhjZ2RDc2taNWRpc25zTWJhNEdqeWZ4ellqT1JaWTMwcEZnbm1PS0JaWm9RbmgzallfSFlS?oc=5,2026-09-21 09:50:11,National Herald,"<a href=""https://news.google.com/rss/articles/CBMixwFBVV95cUxNVDVLYnFtWXJoVlNjZERzNEZEYi00WEFpNi1jd2thSzRWR1dmMGx2WDhxRC0tNElwUzBiRklCTk9xazBHX1RneTh5YUFVRFVvUFN3anM3bXhRWEhyZ3duQnlGX1hPcnB6SUZyTWNsZElOTFVEbWliaVRRbDNfbUxGYzd4UU1jUnNPb3JPUktvLWRTY3JQUXVESWpONXJuaGE4Z2ZSeTJWQmdzRWNsWjJsLUtENlZZaDBDRE5SMXZ2V29TVFpDcGlR0gHUAUFVX3lxTE1xN3JEUURQTDRzM3BaVk1zNVYwQVJfYzFhc21BYjFGT2ExazNLOFFFR0lCSFk2UVIwMlM5SUVpNUFhTks1dHZ4TUg3Z0M0cm9ncHB6NnhOXzJPcHNUUmc2b3RoNHlUN2c3MXdiTzYydlQ0dl92ZU42cm1kWHBFY2otNmROTDVqQ2czTC1SUW1wX0dKOTMtRENfckJnWDl3VzhjZ2RDc2taNWRpc25zTWJhNEdqeWZ4ellqT1JaWTMwcEZnbm1PS0JaWm9RbmgzallfSFlS?oc=5"" target=""_blank"">Keralam: 5 dead, 2 missing as heavy rain triggers landslides and flash floods</a>&nbsp;&nbsp;<font color=""#6f6f6f"">National Herald</font>",Monsoon,en
Two die in landslips amid heavy rain in Kerala's Kottayam district - The New Indian Express,https://news.google.com/rss/articles/CBMiwgFBVV95cUxPcXlPV3FNTUcxSzItUUFlejlLa0JfX09od1dqVWtObHl0dGk0a0VvbkswN2xTTFJvX01tUWNmR2R6dWdSbHVTNFd0XzEzd05WLWgyVUdGUjVLbFpLTUx3enhubTlxUTdYSzVUN19kTWRnRHhvczN2Wlh0Y1JGV1kxS1NCRmJpNXpYZ3NReWozM1BFSzc3NGVnMkdXTGlYU1JrY3ktdmowT1JQQmZERHYzWU5BS2t6RmhVY1ZCTlcyMjZHd9IBzwFBVV95cUxON0owWW9WbGJTT2ZhQTJtRnc5Q3hIcE44TS1IOFFfeTdTVTNKWUhkOEc2M2tzNC1heUdnYTVIWWRKV083dG5ndk8yWTlIYi1HcWZkc3RWbmtpSzBkRi1nVkM3cklOdEtJZV84NkdYdzFnN0xYY3BsU1NkdkJDSjY3WlRBV2ZWVEc2QVZ5bGFVOVRXaXA0S3dYMzd0a3B3RmtZelpzUnJxTWZjMmJhNVRhVFdPc1JtVXFpWnBJOUFXcHNTU1NQeG53RG01Y29zTEk?oc=5,2026-09-21 08:47:32,The New Indian Express,"<a href=""https://news.google.com/rss/articles/CBMiwgFBVV95cUxPcXlPV3FNTUcxSzItUUFlejlLa0JfX09od1dqVWtObHl0dGk0a0VvbkswN2xTTFJvX01tUWNmR2R6dWdSbHVTNFd0XzEzd05WLWgyVUdGUjVLbFpLTUx3enhubTlxUTdYSzVUN19kTWRnRHhvczN2Wlh0Y1JGV1kxS1NCRmJpNXpYZ3NReWozM1BFSzc3NGVnMkdXTGlYU1JrY3ktdmowT1JQQmZERHYzWU5BS2t6RmhVY1ZCTlcyMjZHd9IBzwFBVV95cUxON0owWW9WbGJTT2ZhQTJtRnc5Q3hIcE44TS1IOFFfeTdTVTNKWUhkOEc2M2tzNC1heUdnYTVIWWRKV083dG5ndk8yWTlIYi1HcWZkc3RWbmtpSzBkRi1nVkM3cklOdEtJZV84NkdYdzFnN0xYY3BsU1NkdkJDSjY3WlRBV2ZWVEc2QVZ5bGFVOVRXaXA0S3dYMzd0a3B3RmtZelpzUnJxTWZjMmJhNVRhVFdPc1JtVXFpWnBJOUFXcHNTU1NQeG53RG01Y29zTEk?oc=5"" target=""_blank"">Two die in landslips amid heavy rain in Kerala's Kottayam district</a>&nbsp;&nbsp;<font color=""#6f6f6f"">The New Indian Express</font>",Monsoon,en
"Heavy Rain in Keralam Leaves Five Dead, Two Missing; Orange Alert in Two Districts - News Mobile",https://news.google.com/rss/articles/CBMivAFBVV95cUxQdlkwZ0laY0d1a0l4cEcyemRwZDByb0l2M0UxUFB4cXV6c0gzMmI4WGMyMldfR0hKV0o4T0QtNDZGNVRoU2VmMUhhNHpfQUp3OUhldnowdjhfUW1JZVVhdXRKOVVnX1dnMDNGMnhoS2piUktPdzVrMzRLdGx2TzJUd3ZON3p1Wmh0aDZwX3ZIcG13UzZWV1BQQkpERGVibVloU09oS0JpdTZuQU9EOUE3QTJPVHpOeWVRVm5lYQ?oc=5,2026-09-21 09:23:41,News Mobile,"<a href=""https://news.google.com/rss/articles/CBMivAFBVV95cUxQdlkwZ0laY0d1a0l4cEcyemRwZDByb0l2M0UxUFB4cXV6c0gzMmI4WGMyMldfR0hKV0o4T0QtNDZGNVRoU2VmMUhhNHpfQUp3OUhldnowdjhfUW1JZVVhdXRKOVVnX1dnMDNGMnhoS2piUktPdzVrMzRLdGx2TzJUd3ZON3p1Wmh0aDZwX3ZIcG13UzZWV1BQQkpERGVibVloU09oS0JpdTZuQU9EOUE3QTJPVHpOeWVRVm5lYQ?oc=5"" target=""_blank"">Heavy Rain in Keralam Leaves Five Dead, Two Missing; Orange Alert in Two Districts</a>&nbsp;&nbsp;<font color=""#6f6f6f"">News Mobile</font>",Monsoon,en
IMD Issues Heavy Rain Forecast For Telangana; Two Killed In Landslide In Kerala - NDTV Profit,https://news.google.com/rss/articles/CBMivAFBVV95cUxNT0tZbEFOWjgySVhtRDQtZVM2Z0xoWmU4cFR6bUFKOGZrenZHT1lVTVlIeGtPLXpVa2tmOC1aQV9oeW80WEhzM20weW15eXhHdDFJX1hLN2RtcUo3T1ZEUFREeUllYlNoYXItblR6M2ltOXNuWHZnMEo1aXkxV25feW1hSW1NRDBITXJBTnEyYWQ3ZVdIX25FYmZXZVowT29fOHpSY3EzeEo5OU55YWZVSS1xc0xEYnJPQi1LUdIBxAFBVV95cUxPQU9PVEhYczUwd25TR2ZCQUpLajZnM2hMbUwwQ1BBV0tTbHA1Y3hodDVpOHpGVXNhUmYtc0NYT0VmbVpSSVZuQUFtV0tJbVBsZXdubmFSb2FiMTZjblZ1NzJIaU1JTzluYmhsWEtvRFZ5ZUhYVUtxdTZpSkJaOFBPek1NV3BqR2FxSmIxS095NUxPZC1ucGNsdlc3RVJUZHdka2R4TEo1ZXVnM3huLUIxNkZpVGk1dkxISjV3UW5uTlI4ZThK?oc=5,2026-09-21 09:51:49,NDTV Profit,"<a href=""https://news.google.com/rss/articles/CBMivAFBVV95cUxNT0tZbEFOWjgySVhtRDQtZVM2Z0xoWmU4cFR6bUFKOGZrenZHT1lVTVlIeGtPLXpVa2tmOC1aQV9oeW80WEhzM20weW15eXhHdDFJX1hLN2RtcUo3T1ZEUFREeUllYlNoYXItblR6M2ltOXNuWHZnMEo1aXkxV25feW1hSW1NRDBITXJBTnEyYWQ3ZVdIX25FYmZXZVowT29fOHpSY3EzeEo5OU55YWZVSS1xc0xEYnJPQi1LUdIBxAFBVV95cUxPQU9PVEhYczUwd25TR2ZCQUpLajZnM2hMbUwwQ1BBV0tTbHA1Y3hodDVpOHpGVXNhUmYtc0NYT0VmbVpSSVZuQUFtV0tJbVBsZXdubmFSb2FiMTZjblZ1NzJIaU1JTzluYmhsWEtvRFZ5ZUhYVUtxdTZpSkJaOFBPek1NV3BqR2FxSmIxS095NUxPZC1ucGNsdlc3RVJUZHdka2R4TEo1ZXVnM3huLUIxNkZpVGk1dkxISjV3UW5uTlI4ZThK?oc=5"" target=""_blank"">IMD Issues Heavy Rain Forecast For Telangana; Two Killed In Landslide In Kerala</a>&nbsp;&nbsp;<font color=""#6f6f6f"">NDTV Profit</font>",Monsoon,en
Heavy rainfall alert issued in six districts as rain batters Keralam - Metro Vaartha,https://news.google.com/rss/articles/CBMiwAFBVV95cUxQZkxQVUJMeF9BMjQtTGZTMEIzc3ZnZWxJLTJ3alNfbUhlbU9Oek5nOHFKZklRTUlCUklNY0tVT1VGek44M2VqLUlrTFgwcTN3Rmd0TVYtbndLMUk3bjktdUJYQnRSYTQ4QW85WDVBbnRiemtBQ3VfbHh0LThxNE94NC03SWhYaDlwTktuZ0NaUmFuaVZUQkhycGJvOHRyZVRTRTFJUnV2RlJUc1BacnFKbW81MHh2QnI1d1ZnR3VYUnLSAcABQVVfeXFMUGZMUFVCTHhfQTI0LUxmUzBCM3N2Z2VsSS0yd2pTX21IZW1PTnpOZzhxSmZJUU1JQlJJTWNLVU9VRnpOODNlai1Ja0xYMHEzd0ZndE1WLW53SzFJN245LXVCWEJ0UmE0OEFvOVg1QW50YnprQUN1X2x4dC04cTRPeDQtN0loWGg5cE5LbmdDWlJhbmlWVEJIcnBibzh0cmVUU0UxSVJ1dkZSVHNQWnJxSm1vNTB4dkJyNXdWZ0d1WFJy?oc=5,2026-09-21 11:05:01,Metro Vaartha,"<a href=""https://news.google.com/rss/articles/CBMiwAFBVV95cUxQZkxQVUJMeF9BMjQtTGZTMEIzc3ZnZWxJLTJ3alNfbUhlbU9Oek5nOHFKZklRTUlCUklNY0tVT1VGek44M2VqLUlrTFgwcTN3Rmd0TVYtbndLMUk3bjktdUJYQnRSYTQ4QW85WDVBbnRiemtBQ3VfbHh0LThxNE94NC03SWhYaDlwTktuZ0NaUmFuaVZUQkhycGJvOHRyZVRTRTFJUnV2RlJUc1BacnFKbW81MHh2QnI1d1ZnR3VYUnLSAcABQVVfeXFMUGZMUFVCTHhfQTI0LUxmUzBCM3N2Z2VsSS0yd2pTX21IZW1PTnpOZzhxSmZJUU1JQlJJTWNLVU9VRnpOODNlai1Ja0xYMHEzd0ZndE1WLW53SzFJN245LXVCWEJ0UmE0OEFvOVg1QW50YnprQUN1X2x4dC04cTRPeDQtN0loWGg5cE5LbmdDWlJhbmlWVEJIcnBibzh0cmVUU0UxSVJ1dkZSVHNQWnJxSm1vNTB4dkJyNXdWZ0d1WFJy?oc=5"" target=""_blank"">Heavy rainfall alert issued in six districts as rain batters Keralam</a>&nbsp;&nbsp;<font color=""#6f6f6f"">Metro Vaartha</font>",Monsoon,en
Keralam rains: Rivers in Kottayam swell as heavy rain lashes high ranges - The Hindu,https://news.google.com/rss/articles/CBMi0wFBVV95cUxOX3c5Q2hCRWZJUmhERUpwaEU0dHVTYUVHem53NHVlZkJQeC02UkdoY0VDSTVVT25yYXpyWmpjY0pQc2dXMjBmMXRHMGZTVkRDd2c3UnhfMnlCRE9GbnJBRjBRWG5WYW1CRndGTS01QkhIakxVQVZ5MHg1S1dDTmVmQlp6aXhCcjNib0hvMXl0T004aUNpTHNOLWxsLXdlOWZHc05NZThDaEpCMVlDdjlIcEN6MktYc0pJMEk5NmxHbldOUWFXZHJ6V25lelhXaUhlWnlV0gHaAUFVX3lxTFAwRHZYV3FKdlBLNnk0b3kzYjR0TnMyTnVYX2xRWGEwaWxQWXY0NGQxcUF1dVBUQ1pHTF9aMnRBS1RvUzdlQUNUbHVIZHk0SjhielhhYTdyOENwV3BPWnd4Rk54Rl9ya0lFMG5IdXhGVl9XekdCeEVEb3NNekVpNlFKcFBxUmJMTElJYXUwQjZKam9WMUZGY0cyOUJDbXFmcjJsTHZhbXVOcXlta0pyeVVnc2FucjNLc1BtbXFycXl3cTdZWVpPVVlZSV94cGxNX2ZacmhhdGZycVh3?oc=5,2026-09-21 11:45:02,The Hindu,"<a href=""https://news.google.com/rss/articles/CBMi0wFBVV95cUxOX3c5Q2hCRWZJUmhERUpwaEU0dHVTYUVHem53NHVlZkJQeC02UkdoY0VDSTVVT25yYXpyWmpjY0pQc2dXMjBmMXRHMGZTVkRDd2c3UnhfMnlCRE9GbnJBRjBRWG5WYW1CRndGTS01QkhIakxVQVZ5MHg1S1dDTmVmQlp6aXhCcjNib0hvMXl0T004aUNpTHNOLWxsLXdlOWZHc05NZThDaEpCMVlDdjlIcEN6MktYc0pJMEk5NmxHbldOUWFXZHJ6V25lelhXaUhlWnlV0gHaAUFVX3lxTFAwRHZYV3FKdlBLNnk0b3kzYjR0TnMyTnVYX2xRWGEwaWxQWXY0NGQxcUF1dVBUQ1pHTF9aMnRBS1RvUzdlQUNUbHVIZHk0SjhielhhYTdyOENwV3BPWnd4Rk54Rl9ya0lFMG5IdXhGVl9XekdCeEVEb3NNekVpNlFKcFBxUmJMTElJYXUwQjZKam9WMUZGY0cyOUJDbXFmcjJsTHZhbXVOcXlta0pyeVVnc2FucjNLc1BtbXFycXl3cTdZWVpPVVlZSV94cGxNX2ZacmhhdGZycVh3?oc=5"" target=""_blank"">Keralam rains: Rivers in Kottayam swell as heavy rain lashes high ranges</a>&nbsp;&nbsp;<font color=""#6f6f6f"">The Hindu</font>",Monsoon,en
"Landslide and flash flood wreak havoc in Kerala: 4 dead, 4 missing - The News Minute",https://news.google.com/rss/articles/CBMiowFBVV95cUxQa2prLVE2NnFQWXpNdm4yMkd3NkpwNVVuVXh5T3pmTHVPNkxWZzRBM1hCekhybG1qVUMwS2NDQ045NnhVbVZFUVl2RV9odDQ2SElqUHh2SnJlcENyQ1NYWGswTWNqYldHcjV5OWlxNjNCRTNnNDR1c3hwdTNIUVpEYWxFUExMNHBJZmlhV0tTYUlrMldpLXJ5RFFhcFBSQV82RDJF0gGwAUFVX3lxTE9CMGN5YU1xdDdEam10YWhkUmNlZ25vMnlfLU4zbS15RThlemk2eDJQVEM1LUliell0WHNkTFpPR2tYaXpIVVJMNjlOU04wLTFkTGRkdndvTVJ2bjZOdHBXd3pFQWZsQzJmTmFOeUJGV3JnVzdQcVg2YzlFNGtsNFEtSG42WVVZWXd5SkFjMVZBbEdWQzFfRjM3OTIxaEpvZ3lROXhIZmtNdnA0UzRjN3ND?oc=5,2026-09-21 08:41:42,The News Minute,"<a href=""https://news.google.com/rss/articles/CBMiowFBVV95cUxQa2prLVE2NnFQWXpNdm4yMkd3NkpwNVVuVXh5T3pmTHVPNkxWZzRBM1hCekhybG1qVUMwS2NDQ045NnhVbVZFUVl2RV9odDQ2SElqUHh2SnJlcENyQ1NYWGswTWNqYldHcjV5OWlxNjNCRTNnNDR1c3hwdTNIUVpEYWxFUExMNHBJZmlhV0tTYUlrMldpLXJ5RFFhcFBSQV82RDJF0gGwAUFVX3lxTE9CMGN5YU1xdDdEam10YWhkUmNlZ25vMnlfLU4zbS15RThlemk2eDJQVEM1LUliell0WHNkTFpPR2tYaXpIVVJMNjlOU04wLTFkTGRkdndvTVJ2bjZOdHBXd3pFQWZsQzJmTmFOeUJGV3JnVzdQcVg2YzlFNGtsNFEtSG42WVVZWXd5SkFjMVZBbEdWQzFfRjM3OTIxaEpvZ3lROXhIZmtNdnA0UzRjN3ND?oc=5"" target=""_blank"">Landslide and flash flood wreak havoc in Kerala: 4 dead, 4 missing</a>&nbsp;&nbsp;<font color=""#6f6f6f"">The News Minute</font>",Monsoon,en
"Yellow alert for rain in 10 states including Maharashtra, Chhattisgarh: Floods in Kerala’s Malappuram, 7 sw... - Bhaskar English",https://news.google.com/rss/articles/CBMixAFBVV95cUxPdjJseDBhbXNqRWN0dG0xa3RsVEN4ZllIZWw5NzA1d19reGxNbEdFUDU1b3EwdzBRdUNkRWN1RlhtX0l4WmpiN2xQc2NXc091LU5wdEFVT0NMb2hKblgwUjRsclo3MmMtNk9UVEU2TEQ3MDhHbU1nQTBNV2I3b3B0MXA3T19YNUVyUXRtbVIzY3F4bEU1VnJWTHVmNnNWN3c1b2tTSFczQ2NtZ3FvWjMxdFZNTVFWeHd2eHFHM0pESnRhS1dD0gHKAUFVX3lxTE5naHdsUUZaS3ZORlFaMUp2M3ZHZlFrQUNnVVFWRXU1cWs4d085QU15cTI5V2dZcm1HanM0U1F0NGRPUldiVmZFdU43c1RyV0VWMUp6YWJkNUFQLThLR3YwS1RtYmEyQWZIRDhoUDZhbVprYThTcFhFeUIwT0x3UmxzZDZmQlZOZkhNblNUcEdCS3BVdUVCWjR2Qnd6RXY4NnlHYVFCOXpQalVQdFpkTkcwSDhZYzVoVUFoRmFEOVFVMjBLRWFyd25Ta0E?oc=5,2026-09-21 06:11:17,Bhaskar English,"<a href=""https://news.google.com/rss/articles/CBMixAFBVV95cUxPdjJseDBhbXNqRWN0dG0xa3RsVEN4ZllIZWw5NzA1d19reGxNbEdFUDU1b3EwdzBRdUNkRWN1RlhtX0l4WmpiN2xQc2NXc091LU5wdEFVT0NMb2hKblgwUjRsclo3MmMtNk9UVEU2TEQ3MDhHbU1nQTBNV2I3b3B0MXA3T19YNUVyUXRtbVIzY3F4bEU1VnJWTHVmNnNWN3c1b2tTSFczQ2NtZ3FvWjMxdFZNTVFWeHd2eHFHM0pESnRhS1dD0gHKAUFVX3lxTE5naHdsUUZaS3ZORlFaMUp2M3ZHZlFrQUNnVVFWRXU1cWs4d085QU15cTI5V2dZcm1HanM0U1F0NGRPUldiVmZFdU43c1RyV0VWMUp6YWJkNUFQLThLR3YwS1RtYmEyQWZIRDhoUDZhbVprYThTcFhFeUIwT0x3UmxzZDZmQlZOZkhNblNUcEdCS3BVdUVCWjR2Qnd6RXY4NnlHYVFCOXpQalVQdFpkTkcwSDhZYzVoVUFoRmFEOVFVMjBLRWFyd25Ta0E?oc=5"" target=""_blank"">Yellow alert for rain in 10 states including Maharashtra, Chhattisgarh: Floods in Kerala’s Malappuram, 7 sw...</a>&nbsp;&nbsp;<font color=""#6f6f6f"">Bhaskar English</font>",Monsoon,en
"Heavy rain triggers landslide in Keralam’s Idukki, six killed - Udayavani",https://news.google.com/rss/articles/CBMiqgFBVV95cUxNWkNTbFJSTTlYaEFMSmdWamhOVkk5LS0zOWJkYVJrMDRweEFSWk9IVzRlWkZQQkl3UVUyOGdWSkJmUWM3QUdvU1ZPQUpucHo4c2tRWDJadWFTdDJWcVVncER1SEdJY1VpN3lRMFB0dUlwenVUQzJObHRKTjkwbWhwTENKcmtBVmtZckExYWd4ZF9lQThVZDdOMGNYdldReWxSdmZfNnhlWURMUQ?oc=5,2026-09-21 14:09:07,Udayavani,"<a href=""https://news.google.com/rss/articles/CBMiqgFBVV95cUxNWkNTbFJSTTlYaEFMSmdWamhOVkk5LS0zOWJkYVJrMDRweEFSWk9IVzRlWkZQQkl3UVUyOGdWSkJmUWM3QUdvU1ZPQUpucHo4c2tRWDJadWFTdDJWcVVncER1SEdJY1VpN3lRMFB0dUlwenVUQzJObHRKTjkwbWhwTENKcmtBVmtZckExYWd4ZF9lQThVZDdOMGNYdldReWxSdmZfNnhlWURMUQ?oc=5"" target=""_blank"">Heavy rain triggers landslide in Keralam’s Idukki, six killed</a>&nbsp;&nbsp;<font color=""#6f6f6f"">Udayavani</font>",Monsoon,en
"Kerala rain alert: Idukki landslides, Malappuram flash floods trigger rescue operations - Mid-Day",https://news.google.com/rss/articles/CBMi2gFBVV95cUxONVh6VmQwNXUzWV9ISlRpZzJHSFB0ZW56dy1ReE5kNmtfMTlZLVEtZWpIUlUtNVlFWnJRNV9salhnNjRuRUpiREU1OV9pem94SHh0aDVJR0xtRFFMVElHZTRNQ0x4dFFjR1J0Y3F4UDBJeGczTWg1TjY3OGhleUp1dDFmNVZHSTlfTHdLcFJWNkFOajFoTWQyb1E0eDY0SV9vVTVBTF9WYk9pWlUtR1pmdkF2bTRoVDBLTlFnOGlxaVJESTFROGJCMVRFTG1XQkp2WTQtNmZuZzlXUdIB3wFBVV95cUxPSTRVT2x1Wm9tWUtIRVFCRldUUFRjeTc1SWx2NVVLU1QxZkpVNzIwdXJuMFV1YzJJR28xYWVhUHh3ajlhWVVTYXc1N1NtS09iME5KS21McmlWVWpsTzFnQURjU25KWU9yY0ozTy1NWFpndC04Y1BPTm40eDZJTHRwN051OWdwM1JoQU5RendJTkVuNVgxdGNIU0U4eVJNUk04VzBfaXRWdHFDcDRobFR4UFlVLTBiVllUdGwzVHhnbFVEZFNkcnZPcUwyb3E0bW9PV2NMMzQ2OFRhZWJCb0ww?oc=5,2026-09-21 13:04:00,Mid-Day,"<a href=""https://news.google.com/rss/articles/CBMi2gFBVV95cUxONVh6VmQwNXUzWV9ISlRpZzJHSFB0ZW56dy1ReE5kNmtfMTlZLVEtZWpIUlUtNVlFWnJRNV9salhnNjRuRUpiREU1OV9pem94SHh0aDVJR0xtRFFMVElHZTRNQ0x4dFFjR1J0Y3F4UDBJeGczTWg1TjY3OGhleUp1dDFmNVZHSTlfTHdLcFJWNkFOajFoTWQyb1E0eDY0SV9vVTVBTF9WYk9pWlUtR1pmdkF2bTRoVDBLTlFnOGlxaVJESTFROGJCMVRFTG1XQkp2WTQtNmZuZzlXUdIB3wFBVV95cUxPSTRVT2x1Wm9tWUtIRVFCRldUUFRjeTc1SWx2NVVLU1QxZkpVNzIwdXJuMFV1YzJJR28xYWVhUHh3ajlhWVVTYXc1N1NtS09iME5KS21McmlWVWpsTzFnQURjU25KWU9yY0ozTy1NWFpndC04Y1BPTm40eDZJTHRwN051OWdwM1JoQU5RendJTkVuNVgxdGNIU0U4eVJNUk04VzBfaXRWdHFDcDRobFR4UFlVLTBiVllUdGwzVHhnbFVEZFNkcnZPcUwyb3E0bW9PV2NMMzQ2OFRhZWJCb0ww?oc=5"" target=""_blank"">Kerala rain alert: Idukki landslides, Malappuram flash floods trigger rescue operations</a>&nbsp;&nbsp;<font color=""#6f6f6f"">Mid-Day</font>",Monsoon,en
"Kerala rains: 5 dead, 2 missing as landslides, flash floods hit state; IMD forecasts more heavy rain - CNBC TV18",https://news.google.com/rss/articles/CBMivAFBVV95cUxNd1NLMEhKNVRkOVhyaDFCX3E3VDdLZE5lZE1udjF2bWIwZkNNLXhodDl0dmZxdnNSZ2lmSEVtLWtyNUFYRk9GeXV0Qk9pWEdRdWtHdy14SUE0TDVpc09QeVBUd0hPMU81aXpLX2VBNm52LVRpXzdoY1NIMXBwS1NKaFNMU1BHVVkwSWJXelJXVU5TZWlFX3VHcHd4d3M2b25WeWgtVFNtVm5kdk94MWh1eXMzN1h5Vlp4S2ozcdIBwgFBVV95cUxOU2hFV1dKRXVtbHJCdGRLNVVOeUxZUFpJRmZQdjhoOHY4alk0Z2xtZW9ZSW0zdzdQNWZfSTMxSWJyZ0xlSHR6bGwySXF6S3FhR1RrM3FKS3VhSEtlMXBwUFp3YndIMG8xZWR3UHEyNjliZzZDNTVqdE9KYlBXOHBPRGdjV2J1THdOQjhqaGxUUUVzUmhDczN4TWJqaXRWc0NYaTVqb0lxajY3NTlxREFWQ2RaNVB6ZndhRGZhX0RXRmk3UQ?oc=5,2026-09-21 07:56:38,CNBC TV18,"<a href=""https://news.google.com/rss/articles/CBMivAFBVV95cUxNd1NLMEhKNVRkOVhyaDFCX3E3VDdLZE5lZE1udjF2bWIwZkNNLXhodDl0dmZxdnNSZ2lmSEVtLWtyNUFYRk9GeXV0Qk9pWEdRdWtHdy14SUE0TDVpc09QeVBUd0hPMU81aXpLX2VBNm52LVRpXzdoY1NIMXBwS1NKaFNMU1BHVVkwSWJXelJXVU5TZWlFX3VHcHd4d3M2b25WeWgtVFNtVm5kdk94MWh1eXMzN1h5Vlp4S2ozcdIBwgFBVV95cUxOU2hFV1dKRXVtbHJCdGRLNVVOeUxZUFpJRmZQdjhoOHY4alk0Z2xtZW9ZSW0zdzdQNWZfSTMxSWJyZ0xlSHR6bGwySXF6S3FhR1RrM3FKS3VhSEtlMXBwUFp3YndIMG8xZWR3UHEyNjliZzZDNTVqdE9KYlBXOHBPRGdjV2J1THdOQjhqaGxUUUVzUmhDczN4TWJqaXRWc0NYaTVqb0lxajY3NTlxREFWQ2RaNVB6ZndhRGZhX0RXRmk3UQ?oc=5"" target=""_blank"">Kerala rains: 5 dead, 2 missing as landslides, flash floods hit state; IMD forecasts more heavy rain</a>&nbsp;&nbsp;<font color=""#6f6f6f"">CNBC TV18</font>",Monsoon,en
"Heavy rain causes landslides and flash floods in Keralam, five dead in Malappuram - The News Mill",https://news.google.com/rss/articles/CBMiswFBVV95cUxOMkRCdFVxamJYR0haZVJmOGV2R0luamlZT1VUS3Q4aU81YTVpTWZ6cnNBZGlTUllCX0YzS2k3NC1pVnVhTDRNQ0hNYmtfNGM2LUJXSXF1NDNmQzdSa3BJUUZxMkhwMlZwVTN1b0lrWjl0Uk5wWnhJWXkxNjc3RVlvaWJFTjFJUUE2XzdnU2xwNmt5Y21RZjQ5em45S0RyNFRld202SVNGcWVjTWc0RHlwU0lzRQ?oc=5,2026-09-21 12:22:24,The News Mill,"<a href=""https://news.google.com/rss/articles/CBMiswFBVV95cUxOMkRCdFVxamJYR0haZVJmOGV2R0luamlZT1VUS3Q4aU81YTVpTWZ6cnNBZGlTUllCX0YzS2k3NC1pVnVhTDRNQ0hNYmtfNGM2LUJXSXF1NDNmQzdSa3BJUUZxMkhwMlZwVTN1b0lrWjl0Uk5wWnhJWXkxNjc3RVlvaWJFTjFJUUE2XzdnU2xwNmt5Y21RZjQ5em45S0RyNFRld202SVNGcWVjTWc0RHlwU0lzRQ?oc=5"" target=""_blank"">Heavy rain causes landslides and flash floods in Keralam, five dead in Malappuram</a>&nbsp;&nbsp;<font color=""#6f6f6f"">The News Mill</font>",Monsoon,en
"Kerala rain update: IMD predicts rainfall till Friday; Kozhikode, Kannur will get... - theweek.in",https://news.google.com/rss/articles/CBMiwAFBVV95cUxQUFJkaGJaeklMRS0xN3lMbGxNZUVpdGZTakpMMG1WUTY1VFZDTzhWbVVwU3RrLWZNRHNtaFlLT3J4ei1xenlLOV9TUmZYVjJVOWJxdkhJNG9tY3M3UVpQc3VqM2Z0TXZwSUI1WV84TVo5cFBVMHRZOUU2TndvNWtvQ1dXa3Jnc3VTNE84UEpqdGxBZjdTZ29fTkVpVFo0MWM3UTNocXFXdjRwVExLQThfSjhjeGRvZ2RRRTFIOUlMaWnSAcABQVVfeXFMUFBSZGhiWnpJTEUtMTd5TGxsTWVFaXRmU2pKTDBtVlE2NVRWQ084Vm1VcFN0ay1mTURzbWhZS09yeHotcXp5SzlfU1JmWFYyVTlicXZISTRvbWNzN1FaUHN1ajNmdE12cElCNVlfOE1aOXBQVTB0WTlFNk53bzVrb0NXV2tyZ3N1UzRPOFBKanRsQWY3U2dvX05FaVRaNDFjN1EzaHFxV3Y0cFRMS0E4X0o4Y3hkb2dkUUUxSDlJTGlp?oc=5,2026-09-21 13:01:27,theweek.in,"<a href=""https://news.google.com/rss/articles/CBMiwAFBVV95cUxQUFJkaGJaeklMRS0xN3lMbGxNZUVpdGZTakpMMG1WUTY1VFZDTzhWbVVwU3RrLWZNRHNtaFlLT3J4ei1xenlLOV9TUmZYVjJVOWJxdkhJNG9tY3M3UVpQc3VqM2Z0TXZwSUI1WV84TVo5cFBVMHRZOUU2TndvNWtvQ1dXa3Jnc3VTNE84UEpqdGxBZjdTZ29fTkVpVFo0MWM3UTNocXFXdjRwVExLQThfSjhjeGRvZ2RRRTFIOUlMaWnSAcABQVVfeXFMUFBSZGhiWnpJTEUtMTd5TGxsTWVFaXRmU2pKTDBtVlE2NVRWQ084Vm1VcFN0ay1mTURzbWhZS09yeHotcXp5SzlfU1JmWFYyVTlicXZISTRvbWNzN1FaUHN1ajNmdE12cElCNVlfOE1aOXBQVTB0WTlFNk53bzVrb0NXV2tyZ3N1UzRPOFBKanRsQWY3U2dvX05FaVRaNDFjN1EzaHFxV3Y0cFRMS0E4X0o4Y3hkb2dkUUUxSDlJTGlp?oc=5"" target=""_blank"">Kerala rain update: IMD predicts rainfall till Friday; Kozhikode, Kannur will get...</a>&nbsp;&nbsp;<font color=""#6f6f6f"">theweek.in</font>",Monsoon,en
"Heavy rain triggers landslides, flash floods across Keralam; families evacuated in Idukki, five dead - Public TV English",https://news.google.com/rss/articles/CBMixAFBVV95cUxNblc3QW43d1h1OFctdlFWSnl5YkJBR01fbXhuVWVSNl9GaXhsWWdFVktiSkszWnBlbDgwTDNjcWp6ZjBYcWl3UHBlWUdyU2ViWS1Mcktpc0NXelI2SGFNN1BocENsQ29rVzZ0ZV9NT3hjSkhBLTBvUWEyaXJJX09wU3hjS0htbExDMWRjenBFcHFfQUpuZkdsWXRZdWQ3WENXa2lWd2RjMFJ1RjRVVTNmcFJlOXdBZHRwdkRXaktfazN4Rlgz?oc=5,2026-09-21 12:25:39,Public TV English,"<a href=""https://news.google.com/rss/articles/CBMixAFBVV95cUxNblc3QW43d1h1OFctdlFWSnl5YkJBR01fbXhuVWVSNl9GaXhsWWdFVktiSkszWnBlbDgwTDNjcWp6ZjBYcWl3UHBlWUdyU2ViWS1Mcktpc0NXelI2SGFNN1BocENsQ29rVzZ0ZV9NT3hjSkhBLTBvUWEyaXJJX09wU3hjS0htbExDMWRjenBFcHFfQUpuZkdsWXRZdWQ3WENXa2lWd2RjMFJ1RjRVVTNmcFJlOXdBZHRwdkRXaktfazN4Rlgz?oc=5"" target=""_blank"">Heavy rain triggers landslides, flash floods across Keralam; families evacuated in Idukki, five dead</a>&nbsp;&nbsp;<font color=""#6f6f6f"">Public TV English</font>",Monsoon,en
"Keralam: CM Satheesan orders hourly assessments of floods, landslide casualties amid heavy rains - aninews.in",https://news.google.com/rss/articles/CBMi7wFBVV95cUxOWHhTY1lUblE0b05Kb1U0NXVBUUZkTnYtTV9KWUFERDkyT3VFM2ZTc2hDQlBFdVFkTUNxWHFYMW9NRUl0aExPQTkyWGdRN240TDFfeFVKNHh4Nk1oSXphWUlPSTJld3RnQW04ZTFCZ3BaOXFYeE5oRVVOa2o0bGNqcGJCVVZldElJUFBreHRrUUVvUHJ6MHhCRnlTQTM3WXBBOXVQcUt1eF9JWlV4RmdqYzVmbFpBeVowYnQ4ZkxZMHV2aGFuZU5rQ2hoZ3l3Q2ZDZmYyOVpZaVVESFJ0SVNVZFBKUGx3ZmNleC1uZlphNA?oc=5,2026-09-21 06:24:00,aninews.in,"<a href=""https://news.google.com/rss/articles/CBMi7wFBVV95cUxOWHhTY1lUblE0b05Kb1U0NXVBUUZkTnYtTV9KWUFERDkyT3VFM2ZTc2hDQlBFdVFkTUNxWHFYMW9NRUl0aExPQTkyWGdRN240TDFfeFVKNHh4Nk1oSXphWUlPSTJld3RnQW04ZTFCZ3BaOXFYeE5oRVVOa2o0bGNqcGJCVVZldElJUFBreHRrUUVvUHJ6MHhCRnlTQTM3WXBBOXVQcUt1eF9JWlV4RmdqYzVmbFpBeVowYnQ4ZkxZMHV2aGFuZU5rQ2hoZ3l3Q2ZDZmYyOVpZaVVESFJ0SVNVZFBKUGx3ZmNleC1uZlphNA?oc=5"" target=""_blank"">Keralam: CM Satheesan orders hourly assessments of floods, landslide casualties amid heavy rains</a>&nbsp;&nbsp;<font color=""#6f6f6f"">aninews.in</font>",Monsoon,en
"Five killed, one missing in flash floods in Nilambur; death toll in Keralam rain fury climbs to nine - The South First",https://news.google.com/rss/articles/CBMiywFBVV95cUxPSVhmR29peHRSNlNPc0Y0R2NkeXU1VnBIX2liMXZHUHhpLVpXSk9LYlQ1MmtUUGhSM2dhbW5rRFdJT2xjQ1dFdHdQNDc1ald1bERGeF9KZ0ZFS1NtemhEY0xLQ0taZ0hTY2RaNUtnYjR6S090NkFKa2Q1ckZzS1dmeGhJZ242c0Y3SHo5SFRIaWlXUTg5UXZCekNRbG9wYUtfRXFQaV9NMnV5SFp4OEF1ZnBHbmNlcVVhdXJfQmJpZTNVeXVwT05oakFsYw?oc=5,2026-09-21 11:09:59,The South First,"<a href=""https://news.google.com/rss/articles/CBMiywFBVV95cUxPSVhmR29peHRSNlNPc0Y0R2NkeXU1VnBIX2liMXZHUHhpLVpXSk9LYlQ1MmtUUGhSM2dhbW5rRFdJT2xjQ1dFdHdQNDc1ald1bERGeF9KZ0ZFS1NtemhEY0xLQ0taZ0hTY2RaNUtnYjR6S090NkFKa2Q1ckZzS1dmeGhJZ242c0Y3SHo5SFRIaWlXUTg5UXZCekNRbG9wYUtfRXFQaV9NMnV5SFp4OEF1ZnBHbmNlcVVhdXJfQmJpZTNVeXVwT05oakFsYw?oc=5"" target=""_blank"">Five killed, one missing in flash floods in Nilambur; death toll in Keralam rain fury climbs to nine</a>&nbsp;&nbsp;<font color=""#6f6f6f"">The South First</font>",Monsoon,en
"Flash floods in Keralam: Landslide kills 2, injures 1 critically after shed buried in mud - Gulf News",https://news.google.com/rss/articles/CBMi0wFBVV95cUxQcGVZbGJiWHpaNzZhcHQ2QWd4SEx0dnZwUG1mZXdYWXZ6bi1fSVZYVVVacmRYSXl4WmtqVjltc1VOakFXbHVkMU4xRFQ3bGhna0FobW1ncVMwNUxMT0paRE9HTUJBNHBJQXJhN3pkRXJzSTd5bDFhS2NtS0lQX0RMSXI0M1Z5Yk9nUVl6MEg4cUJBaTcyWV9DMlFkUEU0Si1xWEdobVM4bXVLT2ZqT0xoS1NGSDB6bDhMQWlPTHNkT3RYX3R1Wnh2azA2REd4eWM5UXNr?oc=5,2026-09-21 00:33:53,Gulf News,"<a href=""https://news.google.com/rss/articles/CBMi0wFBVV95cUxQcGVZbGJiWHpaNzZhcHQ2QWd4SEx0dnZwUG1mZXdYWXZ6bi1fSVZYVVVacmRYSXl4WmtqVjltc1VOakFXbHVkMU4xRFQ3bGhna0FobW1ncVMwNUxMT0paRE9HTUJBNHBJQXJhN3pkRXJzSTd5bDFhS2NtS0lQX0RMSXI0M1Z5Yk9nUVl6MEg4cUJBaTcyWV9DMlFkUEU0Si1xWEdobVM4bXVLT2ZqT0xoS1NGSDB6bDhMQWlPTHNkT3RYX3R1Wnh2azA2REd4eWM5UXNr?oc=5"" target=""_blank"">Flash floods in Keralam: Landslide kills 2, injures 1 critically after shed buried in mud</a>&nbsp;&nbsp;<font color=""#6f6f6f"">Gulf News</font>",Monsoon,en
"Six killed in flash flood in Kerala’s Chokkad, local official says - Free Press Kashmir",https://news.google.com/rss/articles/CBMirwFBVV95cUxPeDNVaC1GMzY1UGNVd0JLMjhlWjdTOVdhVWNGMGR3WC1mYW9fU3VkUmdqclFHNkdXYjZXaHhJSDRpRWk1cTVwaEZvT3IwNmxnbW9oMHNvSUtJZ1l6VEVWdEVvVUdoOHVNeDR2dmFWV28yM1BVdk5UYTQ4aWl2Z2tPX2ZvcExFUndJeGFBSFhPNFRweW1Vdy1uTVd0OVNyM3NKanZtQlcwbFExTThXek5J0gGvAUFVX3lxTE94M1VoLUYzNjVQY1V3QksyOGVaN1M5V2FVY0YwZHdYLWZhb19TdWRSZ2pyUUc2R1diNldoeElINGlFaTVxNXBoRm9PcjA2bGdtb2gwc29JS0lnWXpURVZ0RW9VR2g4dU14NHZ2YVZXbzIzUFV2TlRhNDhpaXZna09fZm9wTEVSd0l4YUFIWE80VHB5bVV3LW5NV3Q5U3Izc0pqdm1CVzBsUTFNOFd6Tkk?oc=5,2026-09-21 13:14:37,Free Press Kashmir,"<a href=""https://news.google.com/rss/articles/CBMirwFBVV95cUxPeDNVaC1GMzY1UGNVd0JLMjhlWjdTOVdhVWNGMGR3WC1mYW9fU3VkUmdqclFHNkdXYjZXaHhJSDRpRWk1cTVwaEZvT3IwNmxnbW9oMHNvSUtJZ1l6VEVWdEVvVUdoOHVNeDR2dmFWV28yM1BVdk5UYTQ4aWl2Z2tPX2ZvcExFUndJeGFBSFhPNFRweW1Vdy1uTVd0OVNyM3NKanZtQlcwbFExTThXek5J0gGvAUFVX3lxTE94M1VoLUYzNjVQY1V3QksyOGVaN1M5V2FVY0YwZHdYLWZhb19TdWRSZ2pyUUc2R1diNldoeElINGlFaTVxNXBoRm9PcjA2bGdtb2gwc29JS0lnWXpURVZ0RW9VR2g4dU14NHZ2YVZXbzIzUFV2TlRhNDhpaXZna09fZm9wTEVSd0l4YUFIWE80VHB5bVV3LW5NV3Q5U3Izc0pqdm1CVzBsUTFNOFd6Tkk?oc=5"" target=""_blank"">Six killed in flash flood in Kerala’s Chokkad, local official says</a>&nbsp;&nbsp;<font color=""#6f6f6f"">Free Press Kashmir</font>",Monsoon,en
Keralam CM orders hourly flood and landslide casualty checks amid rain - The News Mill,https://news.google.com/rss/articles/CBMipgFBVV95cUxPOGdiUlVwbTNmTDRTSmk4X3QxTXRyR0xYbElJT3c5cWNOYnBYMEVvbTVsT19uTVNrMEJPRndLUm5wTjJPbnduTDJ1SGZWNVNPZUtKaE1RSmtuX0dhUnIwbDRMNjVwcGlib2hhcWxFT2RocW80SVEtSGNOZU9MdGhraUlfOEVsczNaTjVnTUJkUkZZRWgtTGlxWldEVHNWSnFob0hkTGVn?oc=5,2026-09-21 06:32:10,The News Mill,"<a href=""https://news.google.com/rss/articles/CBMipgFBVV95cUxPOGdiUlVwbTNmTDRTSmk4X3QxTXRyR0xYbElJT3c5cWNOYnBYMEVvbTVsT19uTVNrMEJPRndLUm5wTjJPbnduTDJ1SGZWNVNPZUtKaE1RSmtuX0dhUnIwbDRMNjVwcGlib2hhcWxFT2RocW80SVEtSGNOZU9MdGhraUlfOEVsczNaTjVnTUJkUkZZRWgtTGlxWldEVHNWSnFob0hkTGVn?oc=5"" target=""_blank"">Keralam CM orders hourly flood and landslide casualty checks amid rain</a>&nbsp;&nbsp;<font color=""#6f6f6f"">The News Mill</font>",Monsoon,en
Heavy rain alert in Keralam as IMD warns six districts of downpour - Kalinga TV,https://news.google.com/rss/articles/CBMinAFBVV95cUxPRFRjekdKUkdpRk1vbHQtWEpCbFpySTNnTkpoVi1pWnhFaGFwTFVtaGVhS3Mzb1NBMVdfQTVPcVowWW0td1YwWmFhZjdaSUMzOC1uS2NJSUxTRzdBWFZyNDNGMWdkeHI4RVJNTm1wbkVRbnNmOWpwcGJNR3NYak9PLXBCMFdHMk1rLW9PRVV3c0oxWUtVUmJ4RGVCRDg?oc=5,2026-09-21 08:11:19,Kalinga TV,"<a href=""https://news.google.com/rss/articles/CBMinAFBVV95cUxPRFRjekdKUkdpRk1vbHQtWEpCbFpySTNnTkpoVi1pWnhFaGFwTFVtaGVhS3Mzb1NBMVdfQTVPcVowWW0td1YwWmFhZjdaSUMzOC1uS2NJSUxTRzdBWFZyNDNGMWdkeHI4RVJNTm1wbkVRbnNmOWpwcGJNR3NYak9PLXBCMFdHMk1rLW9PRVV3c0oxWUtVUmJ4RGVCRDg?oc=5"" target=""_blank"">Heavy rain alert in Keralam as IMD warns six districts of downpour</a>&nbsp;&nbsp;<font color=""#6f6f6f"">Kalinga TV</font>",Monsoon,en
Kerala rain alert: Orange alerts issued as possible Cyclone threatens more heavy rain - Mathrubhumi English,https://news.google.com/rss/articles/CBMingFBVV95cUxNQndTdHdCMnhYa2tHdFBRbThHUkRNdWo3UlRWYkwtYzByTm5BU1JGRjRyN3pNZnhBUVFRa3dVQlpBdXhQWGVNcEROcTl5bmNhQ1UyWVRiNlQwUDUta1JDYUhrTktNRFJPM3FaRF9fdWlvVTMweU13X2dJMHFPOVE0S2JqLU1QUkFCb1VRcXZzR1k2dy1qdlhEQndjMGNDZ9IBowFBVV95cUxQa2xEWWZJUUZBcFNQNkNFbFlKSVV0aXdRNTN1RlZ4U2liZEVuRUo3eWwwRUI5TUh0R3hFcTB2M2E2MEExUlRjbGE5bTRCeEJRM0hvd3VINmQ1cXJrWmlKdlpxWGR2aG1OLTlJNi1iQVZHUjdLR2oxTUtpRHNKaDFqNHBhQkdqTjlzNU81eVo2RXpFUDJ4Y2xFRGxYbEEtQVNPR3p3?oc=5,2026-09-21 07:22:06,Mathrubhumi English,"<a href=""https://news.google.com/rss/articles/CBMingFBVV95cUxNQndTdHdCMnhYa2tHdFBRbThHUkRNdWo3UlRWYkwtYzByTm5BU1JGRjRyN3pNZnhBUVFRa3dVQlpBdXhQWGVNcEROcTl5bmNhQ1UyWVRiNlQwUDUta1JDYUhrTktNRFJPM3FaRF9fdWlvVTMweU13X2dJMHFPOVE0S2JqLU1QUkFCb1VRcXZzR1k2dy1qdlhEQndjMGNDZ9IBowFBVV95cUxQa2xEWWZJUUZBcFNQNkNFbFlKSVV0aXdRNTN1RlZ4U2liZEVuRUo3eWwwRUI5TUh0R3hFcTB2M2E2MEExUlRjbGE5bTRCeEJRM0hvd3VINmQ1cXJrWmlKdlpxWGR2aG1OLTlJNi1iQVZHUjdLR2oxTUtpRHNKaDFqNHBhQkdqTjlzNU81eVo2RXpFUDJ4Y2xFRGxYbEEtQVNPR3p3?oc=5"" target=""_blank"">Kerala rain alert: Orange alerts issued as possible Cyclone threatens more heavy rain</a>&nbsp;&nbsp;<font color=""#6f6f6f"">Mathrubhumi English</font>",Monsoon,en
"Kerala Rain Alert: Heavy rain likely to intensify, CM directs hourly monitoring | Onmanorama News - Onmanorama",https://news.google.com/rss/articles/CBMi_wFBVV95cUxORnd1bFRBNTBaNGtBTmMxUHRpTHpjc3ZBTmpfLVIxTHdySHhGcG5aSVBLb3VjV2JiZWljVVo1aFpBTzY3cmIzUTNuSzdaOFpoRDlycTVvWkdYTzJpRGdMTTlmMWQ1aVFvZU5WRnVseXJheVZTV01uLUd2NmpxeThxUnZRbkcwNGlic01yaG5NdXZxeVlQaE9uem9fRElFVXN5Sm5ScXRrc2xJWlhPR09qVVRobDluSC1aMUQ3S01WTDRNVHdEdy1UMDVwbVpiSHlsRnlVcE41aVB5NWVXcmZqTndKWm1Oc2d6T2RqcmNpbU1zTFZQa1o5UTZtajRmWUk?oc=5,2026-09-21 11:27:43,Onmanorama,"<a href=""https://news.google.com/rss/articles/CBMi_wFBVV95cUxORnd1bFRBNTBaNGtBTmMxUHRpTHpjc3ZBTmpfLVIxTHdySHhGcG5aSVBLb3VjV2JiZWljVVo1aFpBTzY3cmIzUTNuSzdaOFpoRDlycTVvWkdYTzJpRGdMTTlmMWQ1aVFvZU5WRnVseXJheVZTV01uLUd2NmpxeThxUnZRbkcwNGlic01yaG5NdXZxeVlQaE9uem9fRElFVXN5Sm5ScXRrc2xJWlhPR09qVVRobDluSC1aMUQ3S01WTDRNVHdEdy1UMDVwbVpiSHlsRnlVcE41aVB5NWVXcmZqTndKWm1Oc2d6T2RqcmNpbU1zTFZQa1o5UTZtajRmWUk?oc=5"" target=""_blank"">Kerala Rain Alert: Heavy rain likely to intensify, CM directs hourly monitoring | Onmanorama News</a>&nbsp;&nbsp;<font color=""#6f6f6f"">Onmanorama</font>",Monsoon,en
"Heavy rain likely to intensify in Kerala; CM Satheesan directs hourly monitoring, evacuation if needed - Onmanorama",https://news.google.com/rss/articles/CBMi6wFBVV95cUxQUW5RdEtBX0R4TldDTnlHZHAyYUJ1QlRnQ3VpZV91dXRTTDZIXzZGR1BQT2trdkxUMGwwS2hJWC1hVVZfWVJiOEVLSmxBdnlLWDB0WkNzaE42bG5DVk16MF9jdkpJdXBNZ1RCeU9sYklWN3BRS1pXQkFocXhmSHU1X1pRYVdnUkVIcXZIOXVocG1VcjRRclctVGNHYjJlU21LNVg4cy1tWF9scmxjWmpMNnlUb25vRmpERWxZMVpkUXcyc0ZkWWtpTzRDUzFBMWNwNXZTYkRkYTRvOU5iQmJDX2c1SHh6dFgyd2930gHrAUFVX3lxTFBRblF0S0FfRHhOV0NOeUdkcDJhQnVCVGdDdWllX3V1dFNMNkhfNkZHUFBPa2t2TFQwbDBLaElYLWFVVl9ZUmI4RUtKbEF2eUtYMHRaQ3NoTjZsbkNWTXowX2N2Skl1cE1nVEJ5T2xiSVY3cFFLWldCQWhxeGZIdTVfWlFhV2dSRUhxdkg5dWhwbVVyNFFyVy1UY0diMmVTbUs1WDhzLW1YX2xybGNaakw2eVRvbm9GakRFbFkxWmRRdzJzRmRZa2lPNENTMUExY3A1dlNiRGRhNG85TmJCYkNfZzVIeHp0WDJ3b3c?oc=5,2026-09-21 08:04:31,Onmanorama,"<a href=""https://news.google.com/rss/articles/CBMi6wFBVV95cUxQUW5RdEtBX0R4TldDTnlHZHAyYUJ1QlRnQ3VpZV91dXRTTDZIXzZGR1BQT2trdkxUMGwwS2hJWC1hVVZfWVJiOEVLSmxBdnlLWDB0WkNzaE42bG5DVk16MF9jdkpJdXBNZ1RCeU9sYklWN3BRS1pXQkFocXhmSHU1X1pRYVdnUkVIcXZIOXVocG1VcjRRclctVGNHYjJlU21LNVg4cy1tWF9scmxjWmpMNnlUb25vRmpERWxZMVpkUXcyc0ZkWWtpTzRDUzFBMWNwNXZTYkRkYTRvOU5iQmJDX2c1SHh6dFgyd2930gHrAUFVX3lxTFBRblF0S0FfRHhOV0NOeUdkcDJhQnVCVGdDdWllX3V1dFNMNkhfNkZHUFBPa2t2TFQwbDBLaElYLWFVVl9ZUmI4RUtKbEF2eUtYMHRaQ3NoTjZsbkNWTXowX2N2Skl1cE1nVEJ5T2xiSVY3cFFLWldCQWhxeGZIdTVfWlFhV2dSRUhxdkg5dWhwbVVyNFFyVy1UY0diMmVTbUs1WDhzLW1YX2xybGNaakw2eVRvbm9GakRFbFkxWmRRdzJzRmRZa2lPNENTMUExY3A1dlNiRGRhNG85TmJCYkNfZzVIeHp0WDJ3b3c?oc=5"" target=""_blank"">Heavy rain likely to intensify in Kerala; CM Satheesan directs hourly monitoring, evacuation if needed</a>&nbsp;&nbsp;<font color=""#6f6f6f"">Onmanorama</font>",Monsoon,en
IMD issues Orange Alert for 6 Kerala districts; heavy to very heavy rain expected - DNA India,https://news.google.com/rss/articles/CBMixAFBVV95cUxQelpRSEFOTWp3ajNqVGxyUTlTczh3aWowNGZDM2FmSXhnZF9vSFJaQ0VTb1R6dmN3OEZXZVk1aUtvUnBhS09MbUlWZV9mSXNOOW9QV2puRXpkLTR6enNaWUJXT3prOWRnQkUzR2FxOUpGVWZONnFjdk9TdEtrUWxfem15amtPcUNkeXpnU0V0UDkzc1hzZkJINmx2SnNTYkFYV001M0toQWFIcEhESnd1OW45bndBZGNwSmdCN0ptZDlsVmtv0gHKAUFVX3lxTE95UTJocnRFaWNhZ0p4SzBwdi1mQkJsYXVjUnVGT25qeGZhVXlZbWRqS0QxZklYVWRNOXdoOXhyU2JhSEhiWEJwcnI0cGVJWE9tTW1VSk9KOFA3cEZxOFBFWUJBNTNtMjVQODFXdWU2UFFNVFJYa0kzS2RKRXZGZjVXZGYwLXptTko2UVNYTjUzcUlTTjhSbHN3TEFEbnBIZzNrNlVhQTd6WEp2MlFOMkRLbjJHOHBLZkZHQkp2dUtKbENDVjdNYW5vdVE?oc=5,2026-09-21 13:56:00,DNA India,"<a href=""https://news.google.com/rss/articles/CBMixAFBVV95cUxQelpRSEFOTWp3ajNqVGxyUTlTczh3aWowNGZDM2FmSXhnZF9vSFJaQ0VTb1R6dmN3OEZXZVk1aUtvUnBhS09MbUlWZV9mSXNOOW9QV2puRXpkLTR6enNaWUJXT3prOWRnQkUzR2FxOUpGVWZONnFjdk9TdEtrUWxfem15amtPcUNkeXpnU0V0UDkzc1hzZkJINmx2SnNTYkFYV001M0toQWFIcEhESnd1OW45bndBZGNwSmdCN0ptZDlsVmtv0gHKAUFVX3lxTE95UTJocnRFaWNhZ0p4SzBwdi1mQkJsYXVjUnVGT25qeGZhVXlZbWRqS0QxZklYVWRNOXdoOXhyU2JhSEhiWEJwcnI0cGVJWE9tTW1VSk9KOFA3cEZxOFBFWUJBNTNtMjVQODFXdWU2UFFNVFJYa0kzS2RKRXZGZjVXZGYwLXptTko2UVNYTjUzcUlTTjhSbHN3TEFEbnBIZzNrNlVhQTd6WEp2MlFOMkRLbjJHOHBLZkZHQkp2dUtKbENDVjdNYW5vdVE?oc=5"" target=""_blank"">IMD issues Orange Alert for 6 Kerala districts; heavy to very heavy rain expected</a>&nbsp;&nbsp;<font color=""#6f6f6f"">DNA India</font>",Monsoon,en
"Heavy Rain Triggers Landslides, Flash Floods Across Kerala; Families Evacuated in Idukki; Death Toll Reaches 5 - Republic World",https://news.google.com/rss/articles/CBMi8gFBVV95cUxOZW9qVlNXSlZZVE8yb3llamQ2bW11d0JpX0wyWlNCUkZ3MElHUW8tYV95SFBzdExLWmNBV3JYNl9QekRod1hSYTFnRm5qdlQ0ZE9TNWJhTHFNSUo0UDN4b2VUWWxhYWlwZlpZVFh2TlozaEJCZVUtOVVRbGtWM0YwbnBaUzdTM3QtNjhzd3ViTDZBRHVZQ2JLclZNRU1oeEZtWVVGcmgyMGtoQ1RmdUhwNUVVNGh2enNyQ2s0WnJZQURzTFBndHBOVjdNYm1ZWXhXU2ZfWURESVcwOWxzLUlkVWx4Umx2ZkgyUWg0SnJvVFU3d9IB-AFBVV95cUxPbXBHLXpRS3VqUlkxRUZaRXVYQzE4MUp1Q3hNeEh1ODByalhQYmxzTERlaHpIQzBzbTFNR3dhajcwUnNseVAyTi16YlRjLV9hcXltdzE4cFc0TUtvN2tOX2thQllDRkRHQjduYXFoaHcwcW5sZk9lWmR3T2I1ZEpPT0JhaXMyejQyMFZEQ2VjN1JXTWNwVkJ0U2VqcGVRR1QzdWhCcnFmX3JYeFpWNHF1cTRydURqaGl6Mk16Wmp5Ylphbmh2cVhDQTdpRy1GdUo3N0NybERvWkR4UVhFaGRFZjh5X2MtLTZWMGk5emhkMkVYYWFMN1R1Ug?oc=5,2026-09-21 12:53:24,Republic World,"<a href=""https://news.google.com/rss/articles/CBMi8gFBVV95cUxOZW9qVlNXSlZZVE8yb3llamQ2bW11d0JpX0wyWlNCUkZ3MElHUW8tYV95SFBzdExLWmNBV3JYNl9QekRod1hSYTFnRm5qdlQ0ZE9TNWJhTHFNSUo0UDN4b2VUWWxhYWlwZlpZVFh2TlozaEJCZVUtOVVRbGtWM0YwbnBaUzdTM3QtNjhzd3ViTDZBRHVZQ2JLclZNRU1oeEZtWVVGcmgyMGtoQ1RmdUhwNUVVNGh2enNyQ2s0WnJZQURzTFBndHBOVjdNYm1ZWXhXU2ZfWURESVcwOWxzLUlkVWx4Umx2ZkgyUWg0SnJvVFU3d9IB-AFBVV95cUxPbXBHLXpRS3VqUlkxRUZaRXVYQzE4MUp1Q3hNeEh1ODByalhQYmxzTERlaHpIQzBzbTFNR3dhajcwUnNseVAyTi16YlRjLV9hcXltdzE4cFc0TUtvN2tOX2thQllDRkRHQjduYXFoaHcwcW5sZk9lWmR3T2I1ZEpPT0JhaXMyejQyMFZEQ2VjN1JXTWNwVkJ0U2VqcGVRR1QzdWhCcnFmX3JYeFpWNHF1cTRydURqaGl6Mk16Wmp5Ylphbmh2cVhDQTdpRy1GdUo3N0NybERvWkR4UVhFaGRFZjh5X2MtLTZWMGk5emhkMkVYYWFMN1R1Ug?oc=5"" target=""_blank"">Heavy Rain Triggers Landslides, Flash Floods Across Kerala; Families Evacuated in Idukki; Death Toll Reaches 5</a>&nbsp;&nbsp;<font color=""#6f6f6f"">Republic World</font>",Monsoon,en
"Kerala Landslides and Flash Floods Kill 5, Two Missing; Yellow Alert Issued for Six Districts - Rozana Spokesman",https://news.google.com/rss/articles/CBMixwFBVV95cUxPNkpzTGs4bjRLMkFqeHVWWEdKN2NNeEJ4T01ETGZsdGstTmllYk9kZjI1ZDhPQ2IteG1QVnZyUDJ3aGxuTVV6elJFNEVwUGp4ZHNDZ1poemVYMXZ0dXEzMHVHeXprSUV3ZHp2S3o1YkdZQ1JQd1VjZDhvaHRHZVM4Y0MzQnJFYnYyQUdyMEhUQ2NQUGxVTC1EMXJ3VTJZNDBhYzJyMEEtM003cG5uLTU4a3lvZ1pjRXI2bGVwSExkN0ZqZ3FfeExr0gHHAUFVX3lxTE82SnNMazhuNEsyQWp4dVZYR0o3Y014QnhPTURMZmx0ay1OaWViT2RmMjVkOE9DYi14bVBWdnJQMndobG5NVXp6UkU0RXBQanhkc0NnWmh6ZVgxdnR1cTMwdUd5emtJRXdkenZLejViR1lDUlB3VWNkOG9odEdlUzhjQzNCckVidjJBR3IwSFRDY1BQbFVMLUQxcndVMlk0MGFjMnIwQS0zTTdwbm4tNThreW9nWmNFcjZsZXBITGQ3RmpncV94TGs?oc=5,2026-09-21 11:42:23,Rozana Spokesman,"<a href=""https://news.google.com/rss/articles/CBMixwFBVV95cUxPNkpzTGs4bjRLMkFqeHVWWEdKN2NNeEJ4T01ETGZsdGstTmllYk9kZjI1ZDhPQ2IteG1QVnZyUDJ3aGxuTVV6elJFNEVwUGp4ZHNDZ1poemVYMXZ0dXEzMHVHeXprSUV3ZHp2S3o1YkdZQ1JQd1VjZDhvaHRHZVM4Y0MzQnJFYnYyQUdyMEhUQ2NQUGxVTC1EMXJ3VTJZNDBhYzJyMEEtM003cG5uLTU4a3lvZ1pjRXI2bGVwSExkN0ZqZ3FfeExr0gHHAUFVX3lxTE82SnNMazhuNEsyQWp4dVZYR0o3Y014QnhPTURMZmx0ay1OaWViT2RmMjVkOE9DYi14bVBWdnJQMndobG5NVXp6UkU0RXBQanhkc0NnWmh6ZVgxdnR1cTMwdUd5emtJRXdkenZLejViR1lDUlB3VWNkOG9odEdlUzhjQzNCckVidjJBR3IwSFRDY1BQbFVMLUQxcndVMlk0MGFjMnIwQS0zTTdwbm4tNThreW9nWmNFcjZsZXBITGQ3RmpncV94TGs?oc=5"" target=""_blank"">Kerala Landslides and Flash Floods Kill 5, Two Missing; Yellow Alert Issued for Six Districts</a>&nbsp;&nbsp;<font color=""#6f6f6f"">Rozana Spokesman</font>",Monsoon,en
"IMD weather forecast: Heavy rain, thunderstorms and gusty winds to affect several states on September 21 - News9live",https://news.google.com/rss/articles/CBMi2gFBVV95cUxPaHpmUXloOGZkNHF4X1A0LVl1bGFNSllyTVZCbGV1MTZEOThOWDZUcGU5dUFCMXl5LXBmNDFZbUJQMUlIWWF5SUF0SXN0RGsyb3otcUFjbE9qYkpiSm03MXNoeHZ3TTRSYi1LT0tPcVJjVGNLaHByNnByQmRvTjRpbkZZeDRweGF1NGdwOHA0SmE4QW53aWc2Q1hQOTdzcEZpUEVPckYtNGt2bjA4Nl9rYXJNWGh1TThFTHp5UXVYUFRCWHRPa2N4aEIxUnFDX21iMkN1MTJlODBmZw?oc=5,2026-09-21 06:08:36,News9live,"<a href=""https://news.google.com/rss/articles/CBMi2gFBVV95cUxPaHpmUXloOGZkNHF4X1A0LVl1bGFNSllyTVZCbGV1MTZEOThOWDZUcGU5dUFCMXl5LXBmNDFZbUJQMUlIWWF5SUF0SXN0RGsyb3otcUFjbE9qYkpiSm03MXNoeHZ3TTRSYi1LT0tPcVJjVGNLaHByNnByQmRvTjRpbkZZeDRweGF1NGdwOHA0SmE4QW53aWc2Q1hQOTdzcEZpUEVPckYtNGt2bjA4Nl9rYXJNWGh1TThFTHp5UXVYUFRCWHRPa2N4aEIxUnFDX21iMkN1MTJlODBmZw?oc=5"" target=""_blank"">IMD weather forecast: Heavy rain, thunderstorms and gusty winds to affect several states on September 21</a>&nbsp;&nbsp;<font color=""#6f6f6f"">News9live</font>",Monsoon,en
"Tamil Nadu Rain Alert: Heavy Rain Forecast in 21 Districts, Chennai to Receive Showers - livechennai.com",https://news.google.com/rss/articles/CBMib0FVX3lxTFBRcXYzZW9Mck0tNVQ4M2REVzVtLS1wTGRrX2k3M3pfLU5TOFB6cVZ3blIxQ1hCeTZGS2NNT3JMaWZsNWNmemViYUVPeXlTVGtjSTNQc0Nua2hzNm5EZjZHcUFQOVBTcnlLWkdSMXhvWQ?oc=5,2026-09-21 08:57:53,livechennai.com,"<a href=""https://news.google.com/rss/articles/CBMib0FVX3lxTFBRcXYzZW9Mck0tNVQ4M2REVzVtLS1wTGRrX2k3M3pfLU5TOFB6cVZ3blIxQ1hCeTZGS2NNT3JMaWZsNWNmemViYUVPeXlTVGtjSTNQc0Nua2hzNm5EZjZHcUFQOVBTcnlLWkdSMXhvWQ?oc=5"" target=""_blank"">Tamil Nadu Rain Alert: Heavy Rain Forecast in 21 Districts, Chennai to Receive Showers</a>&nbsp;&nbsp;<font color=""#6f6f6f"">livechennai.com</font>",Monsoon,en
Heavy rainfall forecast in Telangana; 5 dead in Kerala landslides - NewsBytes,https://news.google.com/rss/articles/CBMikAFBVV95cUxQaUhRQVZobEc2d09Wd0tBaE1UVFpYWHBRVTJqdVdBQ2VfUlIwaW0zSG93NjlYcXZDS20yUGhnbG90ZjFTbDBjY2FraEdTMl9SbUFTaEdPNHA4emFSQ1owc1ZxX2E3Zy1zR3JseVFxcGVlbXZQZ2gyY2JhVk43N3BHRnQyc0hobS1mMk83YXE2eFk?oc=5,2026-09-21 11:10:44,NewsBytes,"<a href=""https://news.google.com/rss/articles/CBMikAFBVV95cUxQaUhRQVZobEc2d09Wd0tBaE1UVFpYWHBRVTJqdVdBQ2VfUlIwaW0zSG93NjlYcXZDS20yUGhnbG90ZjFTbDBjY2FraEdTMl9SbUFTaEdPNHA4emFSQ1owc1ZxX2E3Zy1zR3JseVFxcGVlbXZQZ2gyY2JhVk43N3BHRnQyc0hobS1mMk83YXE2eFk?oc=5"" target=""_blank"">Heavy rainfall forecast in Telangana; 5 dead in Kerala landslides</a>&nbsp;&nbsp;<font color=""#6f6f6f"">NewsBytes</font>",Monsoon,en
"Heavy rains batter Kerala: 5 dead, 2 missing after flash floods and landslides - News9live",https://news.google.com/rss/articles/CBMiwAFBVV95cUxOd3lncUY3MEdqWTdLWGpYTEtZZF8tdDVpdmdZNXJneksyZFNsdnlNX2VkYWpMd2hwaHk1Q2gxLUdfLU1OczdldUgyZndIdjZxRUFRX1kzYWZ4ZlpBRVJ2TUxNTjktMTdPczRPQWZjOHhEbkZTZG51MXpjeFdRZ3g0S3RjWGt3RzdTQTNHRXNBT1lTWDJoNmZLVDkzdVlEdVBubF94SXVPUEhmekx5S2RGQlU4MlM4b25vX1J3dkx2dXHSAcYBQVVfeXFMUHNCZU9Ec2tFQ2puVjlmM2RwS3RxSnhfT25sd1J3MDhZR0ZfUFJMZGVneWxNa0Y2d2FuSFh5dkh3akUtX2hIRnQxYUkwbm9fWVRJaE81ZmpBVXpKSDZRdnkzVW4zQUJTcFF1MmFrYURoNlJtdjJydUJ3Q0tmN2paNzIyNngxdWl1RGltUGdYU3p5cWdWWERXSUd4U2ZOd05lSjdsa3g5Z3JTUHlUU21KVk5vbDVwR2F2bVhHVms4aU8wN19qYkxn?oc=5,2026-09-21 09:48:46,News9live,"<a href=""https://news.google.com/rss/articles/CBMiwAFBVV95cUxOd3lncUY3MEdqWTdLWGpYTEtZZF8tdDVpdmdZNXJneksyZFNsdnlNX2VkYWpMd2hwaHk1Q2gxLUdfLU1OczdldUgyZndIdjZxRUFRX1kzYWZ4ZlpBRVJ2TUxNTjktMTdPczRPQWZjOHhEbkZTZG51MXpjeFdRZ3g0S3RjWGt3RzdTQTNHRXNBT1lTWDJoNmZLVDkzdVlEdVBubF94SXVPUEhmekx5S2RGQlU4MlM4b25vX1J3dkx2dXHSAcYBQVVfeXFMUHNCZU9Ec2tFQ2puVjlmM2RwS3RxSnhfT25sd1J3MDhZR0ZfUFJMZGVneWxNa0Y2d2FuSFh5dkh3akUtX2hIRnQxYUkwbm9fWVRJaE81ZmpBVXpKSDZRdnkzVW4zQUJTcFF1MmFrYURoNlJtdjJydUJ3Q0tmN2paNzIyNngxdWl1RGltUGdYU3p5cWdWWERXSUd4U2ZOd05lSjdsa3g5Z3JTUHlUU21KVk5vbDVwR2F2bVhHVms4aU8wN19qYkxn?oc=5"" target=""_blank"">Heavy rains batter Kerala: 5 dead, 2 missing after flash floods and landslides</a>&nbsp;&nbsp;<font color=""#6f6f6f"">News9live</font>",Monsoon,en
"Kerala Floods: 6 Dead, Several Missing After Flash Floods Sweep Multiple Districts; IMD Warns Of Heavy Rain - The Daily Jagran",https://news.google.com/rss/articles/CBMi6wFBVV95cUxNckZuYVBCVHA5WGVUSXI0RUFwMU0xM2owTlRrcWxuazZEbHZobHNMdTdMdXFOaHE1cHQ2U2c3THktcGVNajZHNHp4Snk4dGxuYVJzOWhEM0hrRXpaOWdvNklucWFyQURsODVoUlk1M19Odk95ZHE0NklXSFZLdlNBbVFMdThMMHBkS2ZweFdIQ0RRWWxxMFQ0TThLbFkwUERTenJQMWF2cmZ3Ym9BaW1KaXh4T1NGWDBWV2V6MnBXOWRONmU0WlJfYm5LcFFFWkllbnR6ZGloX090NjRUcUpUc0xnQm42RktfdGl30gHyAUFVX3lxTE01ampodmZLRUs0ZmtvQmk2Uk16UGt2aHlIM1lWdDJhWUVzOGU0UWxhLVJieTJsZTBsRlZvQ1gwWkN6SGhSbDBzbkI1Mkc5SzdqNVlnY2QwcWZtMVZpMWVTUTRsVFNWSmtxalQ0c3hRSHpQaV9PRW1VSUU0UkRKdnJtZHJReU1NSVFXSjQ1UFFSMTdiZm9DRjNJYmhILWFRMWd3N0lPOVRDbGR2Ny1LcUlsS3BhS284WXlWUnNJZURtbWdYUkdWdnQ5cVl2bURnM2h0UkRtSTU2ckFVNGJHQThNWmpPTVhjRElYZTZDMWhvMURR?oc=5,2026-09-21 00:25:00,The Daily Jagran,"<a href=""https://news.google.com/rss/articles/CBMi6wFBVV95cUxNckZuYVBCVHA5WGVUSXI0RUFwMU0xM2owTlRrcWxuazZEbHZobHNMdTdMdXFOaHE1cHQ2U2c3THktcGVNajZHNHp4Snk4dGxuYVJzOWhEM0hrRXpaOWdvNklucWFyQURsODVoUlk1M19Odk95ZHE0NklXSFZLdlNBbVFMdThMMHBkS2ZweFdIQ0RRWWxxMFQ0TThLbFkwUERTenJQMWF2cmZ3Ym9BaW1KaXh4T1NGWDBWV2V6MnBXOWRONmU0WlJfYm5LcFFFWkllbnR6ZGloX090NjRUcUpUc0xnQm42RktfdGl30gHyAUFVX3lxTE01ampodmZLRUs0ZmtvQmk2Uk16UGt2aHlIM1lWdDJhWUVzOGU0UWxhLVJieTJsZTBsRlZvQ1gwWkN6SGhSbDBzbkI1Mkc5SzdqNVlnY2QwcWZtMVZpMWVTUTRsVFNWSmtxalQ0c3hRSHpQaV9PRW1VSUU0UkRKdnJtZHJReU1NSVFXSjQ1UFFSMTdiZm9DRjNJYmhILWFRMWd3N0lPOVRDbGR2Ny1LcUlsS3BhS284WXlWUnNJZURtbWdYUkdWdnQ5cVl2bURnM2h0UkRtSTU2ckFVNGJHQThNWmpPTVhjRElYZTZDMWhvMURR?oc=5"" target=""_blank"">Kerala Floods: 6 Dead, Several Missing After Flash Floods Sweep Multiple Districts; IMD Warns Of Heavy Rain</a>&nbsp;&nbsp;<font color=""#6f6f6f"">The Daily Jagran</font>",Monsoon,en
"Weather Today, September 21: 70 km wind, heavy rain alert in 15 states; Check IMD forecast for Delhi, Noida, Punjab, UP, Bihar, Rajasthan, Kerala, other regions - News24Online",https://news.google.com/rss/articles/CBMinwJBVV95cUxOSmVrMUphWkl0bDZMU0lFa05vNUUxR2Z1RTNBS09VTXdVaFVCYjUtZW1Ka0I5aW9aejVacG9Rc25kaDF3LXJ2NVpKSXdOVVBySVNUd2k1TkZpa1g4M0ZFb3BGODZ5amYydTI4bzRrRGFCZEgteGZoN0dfMWZWLUwxRjlXQ1B2VFV0QmhjanBQcV9STjg2bXZQejZEYkUwb3VjejUwUHNqY0I0UnAyaEw5UXkyOUMxaXVVR3dhVDYtS1VSTDhTU2t4S1c0cWM4aDBsMzQ5MjFPN3dycU1XLTZyNGJ0WlM2QmJZZzhJVGNydmd4LTFydkw3Rlg0UW0xdnlPUUZlWEVxQ3U0THVET3FBSGtWeE9yY01kcTdGWTRnMA?oc=5,2026-09-21 07:46:50,News24Online,"<a href=""https://news.google.com/rss/articles/CBMinwJBVV95cUxOSmVrMUphWkl0bDZMU0lFa05vNUUxR2Z1RTNBS09VTXdVaFVCYjUtZW1Ka0I5aW9aejVacG9Rc25kaDF3LXJ2NVpKSXdOVVBySVNUd2k1TkZpa1g4M0ZFb3BGODZ5amYydTI4bzRrRGFCZEgteGZoN0dfMWZWLUwxRjlXQ1B2VFV0QmhjanBQcV9STjg2bXZQejZEYkUwb3VjejUwUHNqY0I0UnAyaEw5UXkyOUMxaXVVR3dhVDYtS1VSTDhTU2t4S1c0cWM4aDBsMzQ5MjFPN3dycU1XLTZyNGJ0WlM2QmJZZzhJVGNydmd4LTFydkw3Rlg0UW0xdnlPUUZlWEVxQ3U0THVET3FBSGtWeE9yY01kcTdGWTRnMA?oc=5"" target=""_blank"">Weather Today, September 21: 70 km wind, heavy rain alert in 15 states; Check IMD forecast for Delhi, Noida, Punjab, UP, Bihar, Rajasthan, Kerala, other regions</a>&nbsp;&nbsp;<font color=""#6f6f6f"">News24Online</font>",Monsoon,en
"Keralam Weather Update: IMD Issues Yellow Alert in 6 Districts; 5 Dead, 2 Missing After Landslides, Flash... - lokmattimes.com",https://news.google.com/rss/articles/CBMi-AFBVV95cUxOVlZYcEVPaFNjdm9Ya2gyVnFXMDZHR09ISUJpdlIyY3lRYXlVaDlkYi1lczZ3RkVSeUZzOThRS2lQaVFuNmZqZS01T0Y3a2J0bVdmSU56N0NFM3oxamFIZUx1RzF2dkVLSnZjeUExYWs3MWZnX0NrcGhvZ3hndmFhQ2liWWNjWmFqb3d2Z2txa1BNckJJa3dGeFZKQTRONEpCZVlKTEJJOTdtOFdYMDZ2Z0FTcFpYdFc4Y0R3b0xGaklpVGFiN2JmdkNjTTI1NUxaRVd4U0YyNDdNbkU5TWxQdXg5MzR3cnM5b3hwRWx0dWZBelF4Mjk1TNIB-AFBVV95cUxOVlZYcEVPaFNjdm9Ya2gyVnFXMDZHR09ISUJpdlIyY3lRYXlVaDlkYi1lczZ3RkVSeUZzOThRS2lQaVFuNmZqZS01T0Y3a2J0bVdmSU56N0NFM3oxamFIZUx1RzF2dkVLSnZjeUExYWs3MWZnX0NrcGhvZ3hndmFhQ2liWWNjWmFqb3d2Z2txa1BNckJJa3dGeFZKQTRONEpCZVlKTEJJOTdtOFdYMDZ2Z0FTcFpYdFc4Y0R3b0xGaklpVGFiN2JmdkNjTTI1NUxaRVd4U0YyNDdNbkU5TWxQdXg5MzR3cnM5b3hwRWx0dWZBelF4Mjk1TA?oc=5,2026-09-21 08:40:11,lokmattimes.com,"<a href=""https://news.google.com/rss/articles/CBMi-AFBVV95cUxOVlZYcEVPaFNjdm9Ya2gyVnFXMDZHR09ISUJpdlIyY3lRYXlVaDlkYi1lczZ3RkVSeUZzOThRS2lQaVFuNmZqZS01T0Y3a2J0bVdmSU56N0NFM3oxamFIZUx1RzF2dkVLSnZjeUExYWs3MWZnX0NrcGhvZ3hndmFhQ2liWWNjWmFqb3d2Z2txa1BNckJJa3dGeFZKQTRONEpCZVlKTEJJOTdtOFdYMDZ2Z0FTcFpYdFc4Y0R3b0xGaklpVGFiN2JmdkNjTTI1NUxaRVd4U0YyNDdNbkU5TWxQdXg5MzR3cnM5b3hwRWx0dWZBelF4Mjk1TNIB-AFBVV95cUxOVlZYcEVPaFNjdm9Ya2gyVnFXMDZHR09ISUJpdlIyY3lRYXlVaDlkYi1lczZ3RkVSeUZzOThRS2lQaVFuNmZqZS01T0Y3a2J0bVdmSU56N0NFM3oxamFIZUx1RzF2dkVLSnZjeUExYWs3MWZnX0NrcGhvZ3hndmFhQ2liWWNjWmFqb3d2Z2txa1BNckJJa3dGeFZKQTRONEpCZVlKTEJJOTdtOFdYMDZ2Z0FTcFpYdFc4Y0R3b0xGaklpVGFiN2JmdkNjTTI1NUxaRVd4U0YyNDdNbkU5TWxQdXg5MzR3cnM5b3hwRWx0dWZBelF4Mjk1TA?oc=5"" target=""_blank"">Keralam Weather Update: IMD Issues Yellow Alert in 6 Districts; 5 Dead, 2 Missing After Landslides, Flash...</a>&nbsp;&nbsp;<font color=""#6f6f6f"">lokmattimes.com</font>",Monsoon,en
"Rain Hammers Keralam: Several Dead In Flash Floods, Landslides; 6 Districts On Alert For Heavy Showers - The Daily Jagran",https://news.google.com/rss/articles/CBMiigJBVV95cUxQdmFMMHRocFI0cEFLcU5ldHE5cUxiODhteWJsSmswTGx1RXFuVlZrd0Q1WV9LR2ZWMkNWNC1uTXgwN09EZ0NYenlLWDk5Sy1zbUs3eTk4Mk0yTjJuM1lMUnRmczRZV3hwNVFCUEVfeWZ4NlpJc3dSYzZfOWpWOFJjSVRZQm5PZUFMMk9kQnEzWHZZQ0s4LV9qQ3FIQkZOcXM0cFhweWJTUlV3VXFBbkZpdjVzQ3NBYWdlZDRRbTZjb0ZSY3E1amtWdlAwNmtKTzN6Y2NpVHo0RUM5Qy04U1RsSExmdjR6QW5yaUNjZWx4X2hGNEdWd3MxUkhnS1RENXVBWmJyaEZlWjJEQdIBigJBVV95cUxQdmFMMHRocFI0cEFLcU5ldHE5cUxiODhteWJsSmswTGx1RXFuVlZrd0Q1WV9LR2ZWMkNWNC1uTXgwN09EZ0NYenlLWDk5Sy1zbUs3eTk4Mk0yTjJuM1lMUnRmczRZV3hwNVFCUEVfeWZ4NlpJc3dSYzZfOWpWOFJjSVRZQm5PZUFMMk9kQnEzWHZZQ0s4LV9qQ3FIQkZOcXM0cFhweWJTUlV3VXFBbkZpdjVzQ3NBYWdlZDRRbTZjb0ZSY3E1amtWdlAwNmtKTzN6Y2NpVHo0RUM5Qy04U1RsSExmdjR6QW5yaUNjZWx4X2hGNEdWd3MxUkhnS1RENXVBWmJyaEZlWjJEQQ?oc=5,2026-09-21 09:19:00,The Daily Jagran,"<a href=""https://news.google.com/rss/articles/CBMiigJBVV95cUxQdmFMMHRocFI0cEFLcU5ldHE5cUxiODhteWJsSmswTGx1RXFuVlZrd0Q1WV9LR2ZWMkNWNC1uTXgwN09EZ0NYenlLWDk5Sy1zbUs3eTk4Mk0yTjJuM1lMUnRmczRZV3hwNVFCUEVfeWZ4NlpJc3dSYzZfOWpWOFJjSVRZQm5PZUFMMk9kQnEzWHZZQ0s4LV9qQ3FIQkZOcXM0cFhweWJTUlV3VXFBbkZpdjVzQ3NBYWdlZDRRbTZjb0ZSY3E1amtWdlAwNmtKTzN6Y2NpVHo0RUM5Qy04U1RsSExmdjR6QW5yaUNjZWx4X2hGNEdWd3MxUkhnS1RENXVBWmJyaEZlWjJEQdIBigJBVV95cUxQdmFMMHRocFI0cEFLcU5ldHE5cUxiODhteWJsSmswTGx1RXFuVlZrd0Q1WV9LR2ZWMkNWNC1uTXgwN09EZ0NYenlLWDk5Sy1zbUs3eTk4Mk0yTjJuM1lMUnRmczRZV3hwNVFCUEVfeWZ4NlpJc3dSYzZfOWpWOFJjSVRZQm5PZUFMMk9kQnEzWHZZQ0s4LV9qQ3FIQkZOcXM0cFhweWJTUlV3VXFBbkZpdjVzQ3NBYWdlZDRRbTZjb0ZSY3E1amtWdlAwNmtKTzN6Y2NpVHo0RUM5Qy04U1RsSExmdjR6QW5yaUNjZWx4X2hGNEdWd3MxUkhnS1RENXVBWmJyaEZlWjJEQQ?oc=5"" target=""_blank"">Rain Hammers Keralam: Several Dead In Flash Floods, Landslides; 6 Districts On Alert For Heavy Showers</a>&nbsp;&nbsp;<font color=""#6f6f6f"">The Daily Jagran</font>",Monsoon,en
Kerala Rain: Orange Alert Issued as Flash Floods and Landslides Kill 9 - Newstrack English,https://news.google.com/rss/articles/CBMiwgFBVV95cUxPdWNhT21uSjRnclpYQnRjeVNCcUdTSnozY0Z5bkFqcDhXdFRQaU1wRk5JRjBPRkd3NmNQWFR2UEpocjg3WWVCc1hjRXQ1N2RZVTZYUVlURHVJWFU4YUgzdThpbE94bHRfeFMteUdGZTBiV3FKTHNyREI3ejJoUkM5UUlDa1lrVDJNZTZnRzFIdTFUVWw4QXh1NWlWMmNKbGw0emxndzd4MHdwN3FiekVGbXY3bVlDVmpnVGw3Nm1wbmZsZ9IBwgFBVV95cUxPdWNhT21uSjRnclpYQnRjeVNCcUdTSnozY0Z5bkFqcDhXdFRQaU1wRk5JRjBPRkd3NmNQWFR2UEpocjg3WWVCc1hjRXQ1N2RZVTZYUVlURHVJWFU4YUgzdThpbE94bHRfeFMteUdGZTBiV3FKTHNyREI3ejJoUkM5UUlDa1lrVDJNZTZnRzFIdTFUVWw4QXh1NWlWMmNKbGw0emxndzd4MHdwN3FiekVGbXY3bVlDVmpnVGw3Nm1wbmZsZw?oc=5,2026-09-21 12:57:21,Newstrack English,"<a href=""https://news.google.com/rss/articles/CBMiwgFBVV95cUxPdWNhT21uSjRnclpYQnRjeVNCcUdTSnozY0Z5bkFqcDhXdFRQaU1wRk5JRjBPRkd3NmNQWFR2UEpocjg3WWVCc1hjRXQ1N2RZVTZYUVlURHVJWFU4YUgzdThpbE94bHRfeFMteUdGZTBiV3FKTHNyREI3ejJoUkM5UUlDa1lrVDJNZTZnRzFIdTFUVWw4QXh1NWlWMmNKbGw0emxndzd4MHdwN3FiekVGbXY3bVlDVmpnVGw3Nm1wbmZsZ9IBwgFBVV95cUxPdWNhT21uSjRnclpYQnRjeVNCcUdTSnozY0Z5bkFqcDhXdFRQaU1wRk5JRjBPRkd3NmNQWFR2UEpocjg3WWVCc1hjRXQ1N2RZVTZYUVlURHVJWFU4YUgzdThpbE94bHRfeFMteUdGZTBiV3FKTHNyREI3ejJoUkM5UUlDa1lrVDJNZTZnRzFIdTFUVWw4QXh1NWlWMmNKbGw0emxndzd4MHdwN3FiekVGbXY3bVlDVmpnVGw3Nm1wbmZsZw?oc=5"" target=""_blank"">Kerala Rain: Orange Alert Issued as Flash Floods and Landslides Kill 9</a>&nbsp;&nbsp;<font color=""#6f6f6f"">Newstrack English</font>",Monsoon,en
"India News | Heavy Rain Triggers Landslides, Flash Floods Across Keralam; Families Evacuated in Idukki - LatestLY",https://news.google.com/rss/articles/CBMi4gFBVV95cUxNTkJycE5UN0JrOEZDeTg0NkFETUd4UTg1dFBXaU5JcmJDWEhmbmxXb2ZiWkozejZESkpWV1VRWE5kclluOWxyeVRnZ2lNMzBtbjBObndKQjR4c1JBaW16OVVmX0VQbXlVdEpxLWZ5cklaZDhGd0hLYnBsczEwSnpSLVhlZUx3Uktrd2FmZkVxLVplaTQ0N0R0OXR6Z0s2TmdxZ3haNWYzSjdydWh1ZmhLODczYURudUdQX1ZLd2IzV3ZDd0VONEpQUU8zekxhTmtkRzZmdkZUMWNTdk1wNEotRzZn0gHnAUFVX3lxTFBoM1dZalEzU2dKMlJ4VlVQemtIOXNJSzNTY1M5Nzhwb1NtcGVFUWFuYTg0UmhQMjdob2ZrdG93YkxJT1RGcmo5a05uV21yOVgwMU5CdGNWVm84WTFKd24zVFlaeUVRcVBlMlBJMHdlanJiNEF1cFR6d0pkUVByRTFpMWhWbmtKNHQ2NkNxWWxQME84WFprbnFEd2IwV3NYLWNiejZiMXBiZVpmaVRLS2E1TWx2RWZ6WVNaVEp3VE0zRm13UEtqSzhvbkZaWXhQZHlPTUliQXM2M2xvWmNHeENCcHJiLVBHTQ?oc=5,2026-09-21 12:34:25,LatestLY,"<a href=""https://news.google.com/rss/articles/CBMi4gFBVV95cUxNTkJycE5UN0JrOEZDeTg0NkFETUd4UTg1dFBXaU5JcmJDWEhmbmxXb2ZiWkozejZESkpWV1VRWE5kclluOWxyeVRnZ2lNMzBtbjBObndKQjR4c1JBaW16OVVmX0VQbXlVdEpxLWZ5cklaZDhGd0hLYnBsczEwSnpSLVhlZUx3Uktrd2FmZkVxLVplaTQ0N0R0OXR6Z0s2TmdxZ3haNWYzSjdydWh1ZmhLODczYURudUdQX1ZLd2IzV3ZDd0VONEpQUU8zekxhTmtkRzZmdkZUMWNTdk1wNEotRzZn0gHnAUFVX3lxTFBoM1dZalEzU2dKMlJ4VlVQemtIOXNJSzNTY1M5Nzhwb1NtcGVFUWFuYTg0UmhQMjdob2ZrdG93YkxJT1RGcmo5a05uV21yOVgwMU5CdGNWVm84WTFKd24zVFlaeUVRcVBlMlBJMHdlanJiNEF1cFR6d0pkUVByRTFpMWhWbmtKNHQ2NkNxWWxQME84WFprbnFEd2IwV3NYLWNiejZiMXBiZVpmaVRLS2E1TWx2RWZ6WVNaVEp3VE0zRm13UEtqSzhvbkZaWXhQZHlPTUliQXM2M2xvWmNHeENCcHJiLVBHTQ?oc=5"" target=""_blank"">India News | Heavy Rain Triggers Landslides, Flash Floods Across Keralam; Families Evacuated in Idukki</a>&nbsp;&nbsp;<font color=""#6f6f6f"">LatestLY</font>",Monsoon,en
Kerala Rain Terror: 9 Dead as Heavy Downpours Trigger Flash Floods and Landslides; Yellow Alert Issued for 6 Districts - metbeatnews.com,https://news.google.com/rss/articles/CBMiowFBVV95cUxOajNVMUh2LXpzLWh2V0hMS0hyU3l3d0hsT3dVZDZ3Q0o2Y2ZWdDh4Z3l1TnN0WFNYUk9lbnplY1NLMGpaMDR1Nzd6YVVCZEVDLU9RRkFpUHpQWGlqYlNTQzU3UW1vcWhxRzdaNzRkNUhmeFY4V0t5WmlKc3hxdHhXcWRrdF96TkFDcWJwaDcyUFhoSGl2dHpTMlBRTGtpUXZCUkpv?oc=5,2026-09-21 09:49:53,metbeatnews.com,"<a href=""https://news.google.com/rss/articles/CBMiowFBVV95cUxOajNVMUh2LXpzLWh2V0hMS0hyU3l3d0hsT3dVZDZ3Q0o2Y2ZWdDh4Z3l1TnN0WFNYUk9lbnplY1NLMGpaMDR1Nzd6YVVCZEVDLU9RRkFpUHpQWGlqYlNTQzU3UW1vcWhxRzdaNzRkNUhmeFY4V0t5WmlKc3hxdHhXcWRrdF96TkFDcWJwaDcyUFhoSGl2dHpTMlBRTGtpUXZCUkpv?oc=5"" target=""_blank"">Kerala Rain Terror: 9 Dead as Heavy Downpours Trigger Flash Floods and Landslides; Yellow Alert Issued for 6 Districts</a>&nbsp;&nbsp;<font color=""#6f6f6f"">metbeatnews.com</font>",Monsoon,en
"Five dead, 2 missing as flash floods, landslides batter Kerala; CM orders hourly assessment - Deccan Herald",https://news.google.com/rss/articles/CBMi6AFBVV95cUxQbU45SlJpMlFKNTMzZW9NQWFiRlpvMHdzOTh6REY5eFBGU1pUeUlHeDJBWDRrWGYxMGppU3hMbklXeDZmN0RHbUNCWXd6aElkLTFYR2hoaXNybVpIamdoR25FQTJVTGE0WUNiQWlSTDRUMV9tallwWVA3SXVnTDB0eUJINm04MGFqb2RjWm9Ldk5WSHRhWXg4cFR2NFNRclZYMV9HMWtQZGFMN0RMejhBS2NiU25nY2Z4alVPS1kzZkFRSWl2Z0xCa2ptNnFpR1ZuQWdtY0kyMERsQTFCTFlRWDdNWjNEUXp1?oc=5,2026-09-21 04:47:00,Deccan Herald,"<a href=""https://news.google.com/rss/articles/CBMi6AFBVV95cUxQbU45SlJpMlFKNTMzZW9NQWFiRlpvMHdzOTh6REY5eFBGU1pUeUlHeDJBWDRrWGYxMGppU3hMbklXeDZmN0RHbUNCWXd6aElkLTFYR2hoaXNybVpIamdoR25FQTJVTGE0WUNiQWlSTDRUMV9tallwWVA3SXVnTDB0eUJINm04MGFqb2RjWm9Ldk5WSHRhWXg4cFR2NFNRclZYMV9HMWtQZGFMN0RMejhBS2NiU25nY2Z4alVPS1kzZkFRSWl2Z0xCa2ptNnFpR1ZuQWdtY0kyMERsQTFCTFlRWDdNWjNEUXp1?oc=5"" target=""_blank"">Five dead, 2 missing as flash floods, landslides batter Kerala; CM orders hourly assessment</a>&nbsp;&nbsp;<font color=""#6f6f6f"">Deccan Herald</font>",Monsoon,en
"Kerala rain alert: Idukki landslides, Malappuram flash floods trigger rescue operations - Mid-Day",https://news.google.com/rss/articles/CBMi3wFBVV95cUxPSTRVT2x1Wm9tWUtIRVFCRldUUFRjeTc1SWx2NVVLU1QxZkpVNzIwdXJuMFV1YzJJR28xYWVhUHh3ajlhWVVTYXc1N1NtS09iME5KS21McmlWVWpsTzFnQURjU25KWU9yY0ozTy1NWFpndC04Y1BPTm40eDZJTHRwN051OWdwM1JoQU5RendJTkVuNVgxdGNIU0U4eVJNUk04VzBfaXRWdHFDcDRobFR4UFlVLTBiVllUdGwzVHhnbFVEZFNkcnZPcUwyb3E0bW9PV2NMMzQ2OFRhZWJCb0ww0gHfAUFVX3lxTE9JNFVPbHVab21ZS0hFUUJGV1RQVGN5NzVJbHY1VUtTVDFmSlU3MjB1cm4wVXVjMklHbzFhZWFQeHdqOWFZVVNhdzU3U21LT2IwTkpLbUxyaVZVamxPMWdBRGNTbkpZT3JjSjNPLU1YWmd0LThjUE9ObjR4NklMdHA3TnU5Z3AzUmhBTlF6d0lORW41WDF0Y0hTRTh5Uk1STThXMF9pdFZ0cUNwNGhsVHhQWVUtMGJWWVR0bDNUeGdsVURkU2Rydk9xTDJvcTRtb09XY0wzNDY4VGFlYkJvTDA?oc=5,2026-09-21 13:04:00,Mid-Day,"<a href=""https://news.google.com/rss/articles/CBMi3wFBVV95cUxPSTRVT2x1Wm9tWUtIRVFCRldUUFRjeTc1SWx2NVVLU1QxZkpVNzIwdXJuMFV1YzJJR28xYWVhUHh3ajlhWVVTYXc1N1NtS09iME5KS21McmlWVWpsTzFnQURjU25KWU9yY0ozTy1NWFpndC04Y1BPTm40eDZJTHRwN051OWdwM1JoQU5RendJTkVuNVgxdGNIU0U4eVJNUk04VzBfaXRWdHFDcDRobFR4UFlVLTBiVllUdGwzVHhnbFVEZFNkcnZPcUwyb3E0bW9PV2NMMzQ2OFRhZWJCb0ww0gHfAUFVX3lxTE9JNFVPbHVab21ZS0hFUUJGV1RQVGN5NzVJbHY1VUtTVDFmSlU3MjB1cm4wVXVjMklHbzFhZWFQeHdqOWFZVVNhdzU3U21LT2IwTkpLbUxyaVZVamxPMWdBRGNTbkpZT3JjSjNPLU1YWmd0LThjUE9ObjR4NklMdHA3TnU5Z3AzUmhBTlF6d0lORW41WDF0Y0hTRTh5Uk1STThXMF9pdFZ0cUNwNGhsVHhQWVUtMGJWWVR0bDNUeGdsVURkU2Rydk9xTDJvcTRtb09XY0wzNDY4VGFlYkJvTDA?oc=5"" target=""_blank"">Kerala rain alert: Idukki landslides, Malappuram flash floods trigger rescue operations</a>&nbsp;&nbsp;<font color=""#6f6f6f"">Mid-Day</font>",Monsoon,en
"Kerala rains kill five, leave two missing as landslides and flash floods intensify - Mid-Day",https://news.google.com/rss/articles/CBMi2gFBVV95cUxQQ0x4ZklfdFRsVHVvZWlsTW5kazBpRHoweVhjb1lqclZPbHVMSXdGOVRpUk81SXFlTWYyUnRqSXVkMXNiaFhPMXd6cVpnS09zTXc0VzNJVkRjeDM5UXRpT0NTbHVQcjZIMXpKa1YxN2J3V3VvZ2lhdFBjdWY4U1hPV2xmYzdSbGZ4Y3R5TnY4YzZ0MWhZY3k3QVlteHJ4c0tZVVdTeXJqaUQ3ajdxOEJtVmZCOFNndU85WUxISTQ3NE9QaGoyWlpDeFVZZFAteWFSbkZtQTM2VE9RQdIB2gFBVV95cUxQQ0x4ZklfdFRsVHVvZWlsTW5kazBpRHoweVhjb1lqclZPbHVMSXdGOVRpUk81SXFlTWYyUnRqSXVkMXNiaFhPMXd6cVpnS09zTXc0VzNJVkRjeDM5UXRpT0NTbHVQcjZIMXpKa1YxN2J3V3VvZ2lhdFBjdWY4U1hPV2xmYzdSbGZ4Y3R5TnY4YzZ0MWhZY3k3QVlteHJ4c0tZVVdTeXJqaUQ3ajdxOEJtVmZCOFNndU85WUxISTQ3NE9QaGoyWlpDeFVZZFAteWFSbkZtQTM2VE9RQQ?oc=5,2026-09-21 08:34:00,Mid-Day,"<a href=""https://news.google.com/rss/articles/CBMi2gFBVV95cUxQQ0x4ZklfdFRsVHVvZWlsTW5kazBpRHoweVhjb1lqclZPbHVMSXdGOVRpUk81SXFlTWYyUnRqSXVkMXNiaFhPMXd6cVpnS09zTXc0VzNJVkRjeDM5UXRpT0NTbHVQcjZIMXpKa1YxN2J3V3VvZ2lhdFBjdWY4U1hPV2xmYzdSbGZ4Y3R5TnY4YzZ0MWhZY3k3QVlteHJ4c0tZVVdTeXJqaUQ3ajdxOEJtVmZCOFNndU85WUxISTQ3NE9QaGoyWlpDeFVZZFAteWFSbkZtQTM2VE9RQdIB2gFBVV95cUxQQ0x4ZklfdFRsVHVvZWlsTW5kazBpRHoweVhjb1lqclZPbHVMSXdGOVRpUk81SXFlTWYyUnRqSXVkMXNiaFhPMXd6cVpnS09zTXc0VzNJVkRjeDM5UXRpT0NTbHVQcjZIMXpKa1YxN2J3V3VvZ2lhdFBjdWY4U1hPV2xmYzdSbGZ4Y3R5TnY4YzZ0MWhZY3k3QVlteHJ4c0tZVVdTeXJqaUQ3ajdxOEJtVmZCOFNndU85WUxISTQ3NE9QaGoyWlpDeFVZZFAteWFSbkZtQTM2VE9RQQ?oc=5"" target=""_blank"">Kerala rains kill five, leave two missing as landslides and flash floods intensify</a>&nbsp;&nbsp;<font color=""#6f6f6f"">Mid-Day</font>",Monsoon,en
"Kerala Rains Kill 5, Leave 2 Missing as Landslides and Flash Floods Intensify - Devbhoomi News",https://news.google.com/rss/articles/CBMiS0FVX3lxTFBmY00xVDh5NXlrXzJobEYyYWNaZlJCX2w5QVRfM0lxSm1CcDVvU0FMR1Q3Q284NGF0V1lWU2ptRU9qa2l1aS1MZnI5WQ?oc=5,2026-09-21 12:19:03,Devbhoomi News,"<a href=""https://news.google.com/rss/articles/CBMiS0FVX3lxTFBmY00xVDh5NXlrXzJobEYyYWNaZlJCX2w5QVRfM0lxSm1CcDVvU0FMR1Q3Q284NGF0V1lWU2ptRU9qa2l1aS1MZnI5WQ?oc=5"" target=""_blank"">Kerala Rains Kill 5, Leave 2 Missing as Landslides and Flash Floods Intensify</a>&nbsp;&nbsp;<font color=""#6f6f6f"">Devbhoomi News</font>",Monsoon,en
Kerala flash flood: NDRF search for missing woman as death toll rises to five in Malappuram - Mid-Day,https://news.google.com/rss/articles/CBMi5gFBVV95cUxObkNiZ0pyNWtJM3ROaW92cXB6d29hSktOUGhfY2NJS1JMemJoQlIwVzNZVU42ZjJtbEhYTEY5WF9SV1ZLLVpQR2gzME5nejZwQUZvb3BGakFOemRVSmtnTHMxMmE1MFpHSGlLclppOVpQXzNMUnVHZ2dVdzFNeThnNHNNczNoRC1PUU11OWw0c2JtanJiREhHQnlyekRCejJUbEpJU0h3bjJvRW83VWlLaWpCWF81S2h1NUZFMHAwZWc2cVJrN1VjdTJoMkZXNkpFLW1nNGs2UnVUc055cWxiaUJlUDVOQdIB5gFBVV95cUxObkNiZ0pyNWtJM3ROaW92cXB6d29hSktOUGhfY2NJS1JMemJoQlIwVzNZVU42ZjJtbEhYTEY5WF9SV1ZLLVpQR2gzME5nejZwQUZvb3BGakFOemRVSmtnTHMxMmE1MFpHSGlLclppOVpQXzNMUnVHZ2dVdzFNeThnNHNNczNoRC1PUU11OWw0c2JtanJiREhHQnlyekRCejJUbEpJU0h3bjJvRW83VWlLaWpCWF81S2h1NUZFMHAwZWc2cVJrN1VjdTJoMkZXNkpFLW1nNGs2UnVUc055cWxiaUJlUDVOQQ?oc=5,2026-09-21 09:56:00,Mid-Day,"<a href=""https://news.google.com/rss/articles/CBMi5gFBVV95cUxObkNiZ0pyNWtJM3ROaW92cXB6d29hSktOUGhfY2NJS1JMemJoQlIwVzNZVU42ZjJtbEhYTEY5WF9SV1ZLLVpQR2gzME5nejZwQUZvb3BGakFOemRVSmtnTHMxMmE1MFpHSGlLclppOVpQXzNMUnVHZ2dVdzFNeThnNHNNczNoRC1PUU11OWw0c2JtanJiREhHQnlyekRCejJUbEpJU0h3bjJvRW83VWlLaWpCWF81S2h1NUZFMHAwZWc2cVJrN1VjdTJoMkZXNkpFLW1nNGs2UnVUc055cWxiaUJlUDVOQdIB5gFBVV95cUxObkNiZ0pyNWtJM3ROaW92cXB6d29hSktOUGhfY2NJS1JMemJoQlIwVzNZVU42ZjJtbEhYTEY5WF9SV1ZLLVpQR2gzME5nejZwQUZvb3BGakFOemRVSmtnTHMxMmE1MFpHSGlLclppOVpQXzNMUnVHZ2dVdzFNeThnNHNNczNoRC1PUU11OWw0c2JtanJiREhHQnlyekRCejJUbEpJU0h3bjJvRW83VWlLaWpCWF81S2h1NUZFMHAwZWc2cVJrN1VjdTJoMkZXNkpFLW1nNGs2UnVUc055cWxiaUJlUDVOQQ?oc=5"" target=""_blank"">Kerala flash flood: NDRF search for missing woman as death toll rises to five in Malappuram</a>&nbsp;&nbsp;<font color=""#6f6f6f"">Mid-Day</font>",Monsoon,en
"Heavy rains wreak havoc in Kerala: Five dead, two missing due to landslides, flash floods - India TV News",https://news.google.com/rss/articles/CBMi7gFBVV95cUxOZ1dmUUp4RkRmd1Bzb1RBZVNvNy1MMTdVQno5Y0ZGOHpOZ3g1UmNtM1h5OEpYOUZOQnFlZDdHVGo1cmFPcFJ4Yk9YQl96RDRsTEJXYUlJelRCdUNqVXlCX2FIdmUxTUNuS19YZ3ZacVhDSi1nTUx5QmFrRkJsMFVMRGUzaWNOREJxb3Q2RV9GZEZSNzg1LV92U3NmbzJuYjZIQUgyck9hemZQR2ZtQlhRTjJpSmN1NkFnV21nSDdhWTlQcVUxeTlZdTVGQzExVHJXMGV5a2pQYmdvVzlOWG5EX3dpakxXQ0E4aGxvNHJR0gHzAUFVX3lxTE1sNW8tRG4ya2Myd05yNjBfeWJVRWh2MHplMFJYOHdBcEt0VFR4d1NYeUtzM2tWNjlqTHJKMXhGdUczUGNIcmNrNUZlaUlXcHU0SmxJM2R6eEdiUVZONEh1OVl5SG9ibG02eS1uXzdrQS0zZThqcGIwZC1GNHpSUHhsQ0tma2ZKbm9iZFZmTmZfTWota3FENXFkVWlkTUdUSmgzTWQxbW94T0xxdXpUTVZSaGtpNUprSTNUcGNRNEl3cVRlcE1yUFYteENvWWtmT29vV2JJcnV0al81ek1paHkxTG1rVFhZYjVvVzVBZzFBajJaQQ?oc=5,2026-09-21 08:47:00,India TV News,"<a href=""https://news.google.com/rss/articles/CBMi7gFBVV95cUxOZ1dmUUp4RkRmd1Bzb1RBZVNvNy1MMTdVQno5Y0ZGOHpOZ3g1UmNtM1h5OEpYOUZOQnFlZDdHVGo1cmFPcFJ4Yk9YQl96RDRsTEJXYUlJelRCdUNqVXlCX2FIdmUxTUNuS19YZ3ZacVhDSi1nTUx5QmFrRkJsMFVMRGUzaWNOREJxb3Q2RV9GZEZSNzg1LV92U3NmbzJuYjZIQUgyck9hemZQR2ZtQlhRTjJpSmN1NkFnV21nSDdhWTlQcVUxeTlZdTVGQzExVHJXMGV5a2pQYmdvVzlOWG5EX3dpakxXQ0E4aGxvNHJR0gHzAUFVX3lxTE1sNW8tRG4ya2Myd05yNjBfeWJVRWh2MHplMFJYOHdBcEt0VFR4d1NYeUtzM2tWNjlqTHJKMXhGdUczUGNIcmNrNUZlaUlXcHU0SmxJM2R6eEdiUVZONEh1OVl5SG9ibG02eS1uXzdrQS0zZThqcGIwZC1GNHpSUHhsQ0tma2ZKbm9iZFZmTmZfTWota3FENXFkVWlkTUdUSmgzTWQxbW94T0xxdXpUTVZSaGtpNUprSTNUcGNRNEl3cVRlcE1yUFYteENvWWtmT29vV2JJcnV0al81ek1paHkxTG1rVFhZYjVvVzVBZzFBajJaQQ?oc=5"" target=""_blank"">Heavy rains wreak havoc in Kerala: Five dead, two missing due to landslides, flash floods</a>&nbsp;&nbsp;<font color=""#6f6f6f"">India TV News</font>",Monsoon,en
"Heavy rainfall in Kerala: Yellow alert for 6 districts, says IMD - Asianet Newsable",https://news.google.com/rss/articles/CBMivgFBVV95cUxNR1dJc0oxZlpHU2JmdFpZSmwwMU9yQlF5SDFHV0JtLUloSEJBbzE3bFlra3hnalBvY2lESXI3Q0oyel9fVUtaOEtieVlTdUVhSmJBeVl5ZW9FM0QxZlAzak5NS25Fdmc4ZUxkS1pVXzEtakw4blBFT3pnWDdEY1hqcjJJSHpiUVp2RGJYZHNHOEpTc21NckgzUG0wZWxLVWNETXBQX0s5UGNEanN1TEFjOV9oRm16X3hKQUNwX2t30gHDAUFVX3lxTE9aZjFEV2k3MUloXzViYkVsOUVTMk1XQ1Eybm1CRUM2c1Z4M1lrY25xbDU4MjRxOU1pejNWS1NWSXhFT1NycllWdS1DUThzUldyVmRadzdzdm9rTnR3amVqSkdiZjF0cjl5S0lqMURvbnRIQnd4NVV2cEdhRUc5WWFfdnc3R01fTXZ2OExLVjJCMXdxeG5ZSUdIQ1R1T1hTNWFrTHJqSDFia1p5ZGhKZklPaklIcDdLekpjb2pXVXVFNFR3RQ?oc=5,2026-09-21 08:30:35,Asianet Newsable,"<a href=""https://news.google.com/rss/articles/CBMivgFBVV95cUxNR1dJc0oxZlpHU2JmdFpZSmwwMU9yQlF5SDFHV0JtLUloSEJBbzE3bFlra3hnalBvY2lESXI3Q0oyel9fVUtaOEtieVlTdUVhSmJBeVl5ZW9FM0QxZlAzak5NS25Fdmc4ZUxkS1pVXzEtakw4blBFT3pnWDdEY1hqcjJJSHpiUVp2RGJYZHNHOEpTc21NckgzUG0wZWxLVWNETXBQX0s5UGNEanN1TEFjOV9oRm16X3hKQUNwX2t30gHDAUFVX3lxTE9aZjFEV2k3MUloXzViYkVsOUVTMk1XQ1Eybm1CRUM2c1Z4M1lrY25xbDU4MjRxOU1pejNWS1NWSXhFT1NycllWdS1DUThzUldyVmRadzdzdm9rTnR3amVqSkdiZjF0cjl5S0lqMURvbnRIQnd4NVV2cEdhRUc5WWFfdnc3R01fTXZ2OExLVjJCMXdxeG5ZSUdIQ1R1T1hTNWFrTHJqSDFia1p5ZGhKZklPaklIcDdLekpjb2pXVXVFNFR3RQ?oc=5"" target=""_blank"">Heavy rainfall in Kerala: Yellow alert for 6 districts, says IMD</a>&nbsp;&nbsp;<font color=""#6f6f6f"">Asianet Newsable</font>",Monsoon,en
Andhra Pradesh Telangana Weather Update: Bay of Bengal Depression Brings Heavy Rain Warning - Asianet Newsable,https://news.google.com/rss/articles/CBMi3gFBVV95cUxNYTFadXNKRWxsZGktYWVZSmdQck55M3lJMGNuVDNObXROaWhTRmQteExIRi1nYlhOaUtucmk1ZnVSVHltVzRENlpEQTYzZVpDQ014cWJ4eEdJSGFqbGUzRlBHQWRia0xsRkN2TXlGMUpFTWszLS1iMlJaRmlDR3JPeGpIS3FoSDFxNzBNblhmSVhZbmJnMVVpR01LejU1X0o1V1RnemZkX3ZGMlpDeUt2TEluQ2hYZnNZS2RJRlp4bDIwYUtIVGx6RHJvMGZsZ3I4VUxCOFl1cG5RSVQ2ZGfSAeMBQVVfeXFMT0w4bFI0eWpPQU9xN2lkeDlfSERSS19ZdHhFSWI4ZEZ2dzY3czUteF9wcXdrNE1FemdEa2IydXpKVkFmNzlfRTFsUktpeXZNaW1DM01Yd1Z2enkwdW5KQ3lEQUtkbi1ST3hGLUh4YS1HOUcwS2JtS0JNNXJXWThBOG44d3lJZmZvdXA5aFpwMDQ3MFI3NXlSQmk3cmRoSnFyRUdMYUdPT3dGUUtEN0pZWGNPbkhZckJkMTJsS3lkQnNaaG5qUjZWYTVueXVhdVU2NWxGNEU5bG93Zy1abXpKZHV2d1E?oc=5,2026-09-21 08:45:07,Asianet Newsable,"<a href=""https://news.google.com/rss/articles/CBMi3gFBVV95cUxNYTFadXNKRWxsZGktYWVZSmdQck55M3lJMGNuVDNObXROaWhTRmQteExIRi1nYlhOaUtucmk1ZnVSVHltVzRENlpEQTYzZVpDQ014cWJ4eEdJSGFqbGUzRlBHQWRia0xsRkN2TXlGMUpFTWszLS1iMlJaRmlDR3JPeGpIS3FoSDFxNzBNblhmSVhZbmJnMVVpR01LejU1X0o1V1RnemZkX3ZGMlpDeUt2TEluQ2hYZnNZS2RJRlp4bDIwYUtIVGx6RHJvMGZsZ3I4VUxCOFl1cG5RSVQ2ZGfSAeMBQVVfeXFMT0w4bFI0eWpPQU9xN2lkeDlfSERSS19ZdHhFSWI4ZEZ2dzY3czUteF9wcXdrNE1FemdEa2IydXpKVkFmNzlfRTFsUktpeXZNaW1DM01Yd1Z2enkwdW5KQ3lEQUtkbi1ST3hGLUh4YS1HOUcwS2JtS0JNNXJXWThBOG44d3lJZmZvdXA5aFpwMDQ3MFI3NXlSQmk3cmRoSnFyRUdMYUdPT3dGUUtEN0pZWGNPbkhZckJkMTJsS3lkQnNaaG5qUjZWYTVueXVhdVU2NWxGNEU5bG93Zy1abXpKZHV2d1E?oc=5"" target=""_blank"">Andhra Pradesh Telangana Weather Update: Bay of Bengal Depression Brings Heavy Rain Warning</a>&nbsp;&nbsp;<font color=""#6f6f6f"">Asianet Newsable</font>",Monsoon,en
"IMD Issues Yellow Alert in Six Keralam Districts, Forecasts Isolated Heavy Rainfall - Republic World",https://news.google.com/rss/articles/CBMi1wFBVV95cUxPaW9JbXQ2aUpmZEFUUVg5ZmxFNlpRYVJMY1M4aDFQejFBZzdvZF90NVVZQTJ1RnNFYlEtOFNhNUdNVlNxRmhSM2VlbmMwVkRQYUJ5eVREdExDdS1valpFbUpNeHh6WV9xVjVCMTlFOGgza0RiZjlCbFMwN1l1LWtnblVGbG1Dcl9CcUc0WERuMW85TWg3eU93QXV6UzBuMVJvMDYtT05iRmRoc1g3c1lQVGh0R1pSVmZ2b1Z6NmRCT2lXTkFVNWpmVklYdXNuSUV0VldmSlo3UdIB1wFBVV95cUxPaW9JbXQ2aUpmZEFUUVg5ZmxFNlpRYVJMY1M4aDFQejFBZzdvZF90NVVZQTJ1RnNFYlEtOFNhNUdNVlNxRmhSM2VlbmMwVkRQYUJ5eVREdExDdS1valpFbUpNeHh6WV9xVjVCMTlFOGgza0RiZjlCbFMwN1l1LWtnblVGbG1Dcl9CcUc0WERuMW85TWg3eU93QXV6UzBuMVJvMDYtT05iRmRoc1g3c1lQVGh0R1pSVmZ2b1Z6NmRCT2lXTkFVNWpmVklYdXNuSUV0VldmSlo3UQ?oc=5,2026-09-21 08:25:25,Republic World,"<a href=""https://news.google.com/rss/articles/CBMi1wFBVV95cUxPaW9JbXQ2aUpmZEFUUVg5ZmxFNlpRYVJMY1M4aDFQejFBZzdvZF90NVVZQTJ1RnNFYlEtOFNhNUdNVlNxRmhSM2VlbmMwVkRQYUJ5eVREdExDdS1valpFbUpNeHh6WV9xVjVCMTlFOGgza0RiZjlCbFMwN1l1LWtnblVGbG1Dcl9CcUc0WERuMW85TWg3eU93QXV6UzBuMVJvMDYtT05iRmRoc1g3c1lQVGh0R1pSVmZ2b1Z6NmRCT2lXTkFVNWpmVklYdXNuSUV0VldmSlo3UdIB1wFBVV95cUxPaW9JbXQ2aUpmZEFUUVg5ZmxFNlpRYVJMY1M4aDFQejFBZzdvZF90NVVZQTJ1RnNFYlEtOFNhNUdNVlNxRmhSM2VlbmMwVkRQYUJ5eVREdExDdS1valpFbUpNeHh6WV9xVjVCMTlFOGgza0RiZjlCbFMwN1l1LWtnblVGbG1Dcl9CcUc0WERuMW85TWg3eU93QXV6UzBuMVJvMDYtT05iRmRoc1g3c1lQVGh0R1pSVmZ2b1Z6NmRCT2lXTkFVNWpmVklYdXNuSUV0VldmSlo3UQ?oc=5"" target=""_blank"">IMD Issues Yellow Alert in Six Keralam Districts, Forecasts Isolated Heavy Rainfall</a>&nbsp;&nbsp;<font color=""#6f6f6f"">Republic World</font>",Monsoon,en
"Kerala Rains: CM Satheesan Orders Hourlu Reviews As 5 Killed, 2 Missing In Flash Floods - ABP Live English",https://news.google.com/rss/articles/CBMiyAFBVV95cUxQSTZnNVNWd3c0REdhSjQtTlNHODdzd3BhS3J0SmNSRVVaUjFycVhHUEFMdW9GUC1MY05BSUpGVURQOWpmMjZKeE5QaTZvZEFZNzBkRzZqVE5YVTV6V0pZODkwUHVuT3E3LUJrck8zUnluVV9xZDNYYzNiX0w5Z1FLdlZDZDJ3UWxNRUdtVkRuQWNtM1paTmdKLWtxcGdxRGdGWU9VVFV5RFZpVUlZX29pVTlpTGtpRXlsOTI1QUFRTXBRY1RfUUk0RtIByAFBVV95cUxQSTZnNVNWd3c0REdhSjQtTlNHODdzd3BhS3J0SmNSRVVaUjFycVhHUEFMdW9GUC1MY05BSUpGVURQOWpmMjZKeE5QaTZvZEFZNzBkRzZqVE5YVTV6V0pZODkwUHVuT3E3LUJrck8zUnluVV9xZDNYYzNiX0w5Z1FLdlZDZDJ3UWxNRUdtVkRuQWNtM1paTmdKLWtxcGdxRGdGWU9VVFV5RFZpVUlZX29pVTlpTGtpRXlsOTI1QUFRTXBRY1RfUUk0Rg?oc=5,2026-09-21 07:06:03,ABP Live English,"<a href=""https://news.google.com/rss/articles/CBMiyAFBVV95cUxQSTZnNVNWd3c0REdhSjQtTlNHODdzd3BhS3J0SmNSRVVaUjFycVhHUEFMdW9GUC1MY05BSUpGVURQOWpmMjZKeE5QaTZvZEFZNzBkRzZqVE5YVTV6V0pZODkwUHVuT3E3LUJrck8zUnluVV9xZDNYYzNiX0w5Z1FLdlZDZDJ3UWxNRUdtVkRuQWNtM1paTmdKLWtxcGdxRGdGWU9VVFV5RFZpVUlZX29pVTlpTGtpRXlsOTI1QUFRTXBRY1RfUUk0RtIByAFBVV95cUxQSTZnNVNWd3c0REdhSjQtTlNHODdzd3BhS3J0SmNSRVVaUjFycVhHUEFMdW9GUC1MY05BSUpGVURQOWpmMjZKeE5QaTZvZEFZNzBkRzZqVE5YVTV6V0pZODkwUHVuT3E3LUJrck8zUnluVV9xZDNYYzNiX0w5Z1FLdlZDZDJ3UWxNRUdtVkRuQWNtM1paTmdKLWtxcGdxRGdGWU9VVFV5RFZpVUlZX29pVTlpTGtpRXlsOTI1QUFRTXBRY1RfUUk0Rg?oc=5"" target=""_blank"">Kerala Rains: CM Satheesan Orders Hourlu Reviews As 5 Killed, 2 Missing In Flash Floods</a>&nbsp;&nbsp;<font color=""#6f6f6f"">ABP Live English</font>",Monsoon,en
Kerala Rains: 5 Dead in Malappuram Flash Flood - Dainik Jagran MP CG,https://news.google.com/rss/articles/CBMiqAFBVV95cUxNQlAtMlhuQ29pU0VFTnlMQWEtR3RCX0ROaFlMcGJNYVk1ZGg4NVFqUXp4Y0VwamNveldCLTNxUzV6Y1JfeVNZbXNyNVYzSmNZQ3lLcFBtdFBJYU9IYl81VTZzeWtJWnk4Tks4dW9iaHU4WjQ5dGg5ZUNNb3hzNEdLYkRTaDdnUlVEODh5MERnQXpNNUxoQURMSk9obm1RVEMzY1JLSGx4Y3M?oc=5,2026-09-21 13:37:06,Dainik Jagran MP CG,"<a href=""https://news.google.com/rss/articles/CBMiqAFBVV95cUxNQlAtMlhuQ29pU0VFTnlMQWEtR3RCX0ROaFlMcGJNYVk1ZGg4NVFqUXp4Y0VwamNveldCLTNxUzV6Y1JfeVNZbXNyNVYzSmNZQ3lLcFBtdFBJYU9IYl81VTZzeWtJWnk4Tks4dW9iaHU4WjQ5dGg5ZUNNb3hzNEdLYkRTaDdnUlVEODh5MERnQXpNNUxoQURMSk9obm1RVEMzY1JLSGx4Y3M?oc=5"" target=""_blank"">Kerala Rains: 5 Dead in Malappuram Flash Flood</a>&nbsp;&nbsp;<font color=""#6f6f6f"">Dainik Jagran MP CG</font>",Monsoon,en
"Kerala's Nilambur flash flood: Death toll rises to five, search operation resumes - The New Indian Express",https://news.google.com/rss/articles/CBMi0wFBVV95cUxQeEZSanZidTUyRy1rcUIyNk1mMlNXemxBRUJFUmhiQjhQZjRRbXNJLTFBUFFiejNtcnNsQWlyVVZTX2FjMW5XM3NvbmxqNTY0NXVnanpYakc4aHVQeExWQnQ0eHh5N3RIa0ZrSXlEQ3JsTEtQd214VGN6cnV1RS1GY1JtTUxQYTFIY1RlSldra1BmWk4yaWEtZm5La3E0TmZIR0ZCbk95N3R1TzNNR0FvNnp5elppaVVELUgtTFFkY2stLU9JRjhJNWJ6US14YVNmbFBF0gHgAUFVX3lxTE5OTzJSeTJKTzJuS25yUllNN09Jck96UlgtWmlJd0Jld0R4Q3VWYV9pLTh3UmlEXzl6NlNrdzVqclNYWXNQLTl5OHRTOE9iSVNQUVFGczJKUGVOc0gyX1FubWFXSXpXeTZVSHd4X2VIVmlRNTVacTNvaFBsMWUyVXlCVV9Id1dSaFdCMGRBYm01LVUyVWpaRGlUWXpzVGcwVVlXdlVYR2FsVC1yaTJwNjhwektRT2ZqUmFDWHJDM1JwaEZ6dktnaXB0RldnbllsN2xiZ0NLdy1JQVdNRE1vcFNF?oc=5,2026-09-21 11:11:19,The New Indian Express,"<a href=""https://news.google.com/rss/articles/CBMi0wFBVV95cUxQeEZSanZidTUyRy1rcUIyNk1mMlNXemxBRUJFUmhiQjhQZjRRbXNJLTFBUFFiejNtcnNsQWlyVVZTX2FjMW5XM3NvbmxqNTY0NXVnanpYakc4aHVQeExWQnQ0eHh5N3RIa0ZrSXlEQ3JsTEtQd214VGN6cnV1RS1GY1JtTUxQYTFIY1RlSldra1BmWk4yaWEtZm5La3E0TmZIR0ZCbk95N3R1TzNNR0FvNnp5elppaVVELUgtTFFkY2stLU9JRjhJNWJ6US14YVNmbFBF0gHgAUFVX3lxTE5OTzJSeTJKTzJuS25yUllNN09Jck96UlgtWmlJd0Jld0R4Q3VWYV9pLTh3UmlEXzl6NlNrdzVqclNYWXNQLTl5OHRTOE9iSVNQUVFGczJKUGVOc0gyX1FubWFXSXpXeTZVSHd4X2VIVmlRNTVacTNvaFBsMWUyVXlCVV9Id1dSaFdCMGRBYm01LVUyVWpaRGlUWXpzVGcwVVlXdlVYR2FsVC1yaTJwNjhwektRT2ZqUmFDWHJDM1JwaEZ6dktnaXB0RldnbllsN2xiZ0NLdy1JQVdNRE1vcFNF?oc=5"" target=""_blank"">Kerala's Nilambur flash flood: Death toll rises to five, search operation resumes</a>&nbsp;&nbsp;<font color=""#6f6f6f"">The New Indian Express</font>",Monsoon,en
Flash flood in Keralam’s Nilambur: five bodies recovered; search on for missing woman - The Hindu,https://news.google.com/rss/articles/CBMi4wFBVV95cUxOU1hQVU1VNjNsdWIzOTNoUlVhN0lkV2hsMVVraXB3LU9nYndUcjJfYjN3VXNMTl9aQnlxcHpJOE14UFpmdnNlVHBQRWZaZ0J6V2hzTVY4a1hOOWhOQlR2eWVBeGowTFMwbmNSbS1Xa3hULVluQTRwbGxCVUoxYTJDSDA2R09DYzNrODZUSGZPWU1rd09LM3JZNTlINzZoM0RDNENNSlkyalZIYjB2b2l3WmxiQ0czM1pXQlA4UXdYWTJqSDk3bVZvWEI0aHk2bDMzdHhSVm5fTGNVc3dCQmJTWUFSONIB6gFBVV95cUxPakhJNmRXMUxLTXoxN3F1RVB0UHF4OFhHSVczbDJwRW9IS3BHa0MxMTNZUjhtTFdpUVNKYS1GNk8xR0o2cGFoRzlCbUNMbnJRejNJMXd1QU11UmJCcWstbVlHTEtmV28xaWs5N3JyU3d5a0NsQnMtY2p4dDVWb3lBei1sRTIwWFdHY05paG1fclExX0taQlhwWGdDRmtXanVUNklLVm43cVV0WWgteWdFTVBtRU90a09sVW9Lb01Tc0p0OWxrS0RIeEZyVFBvZXhnQXRob0t6dVB2VHNyd1JKeUcyX3VRWm1SQXc?oc=5,2026-09-21 11:07:39,The Hindu,"<a href=""https://news.google.com/rss/articles/CBMi4wFBVV95cUxOU1hQVU1VNjNsdWIzOTNoUlVhN0lkV2hsMVVraXB3LU9nYndUcjJfYjN3VXNMTl9aQnlxcHpJOE14UFpmdnNlVHBQRWZaZ0J6V2hzTVY4a1hOOWhOQlR2eWVBeGowTFMwbmNSbS1Xa3hULVluQTRwbGxCVUoxYTJDSDA2R09DYzNrODZUSGZPWU1rd09LM3JZNTlINzZoM0RDNENNSlkyalZIYjB2b2l3WmxiQ0czM1pXQlA4UXdYWTJqSDk3bVZvWEI0aHk2bDMzdHhSVm5fTGNVc3dCQmJTWUFSONIB6gFBVV95cUxPakhJNmRXMUxLTXoxN3F1RVB0UHF4OFhHSVczbDJwRW9IS3BHa0MxMTNZUjhtTFdpUVNKYS1GNk8xR0o2cGFoRzlCbUNMbnJRejNJMXd1QU11UmJCcWstbVlHTEtmV28xaWs5N3JyU3d5a0NsQnMtY2p4dDVWb3lBei1sRTIwWFdHY05paG1fclExX0taQlhwWGdDRmtXanVUNklLVm43cVV0WWgteWdFTVBtRU90a09sVW9Lb01Tc0p0OWxrS0RIeEZyVFBvZXhnQXRob0t6dVB2VHNyd1JKeUcyX3VRWm1SQXc?oc=5"" target=""_blank"">Flash flood in Keralam’s Nilambur: five bodies recovered; search on for missing woman</a>&nbsp;&nbsp;<font color=""#6f6f6f"">The Hindu</font>",Monsoon,en
"Orange alert for heavy rain in Kerala, 5 killed after flash floods in Malappuram - The Indian Express",https://news.google.com/rss/articles/CBMiuwFBVV95cUxORUprbnRjUElxYUpqakRyU2N2WFI5bjhRREFoWWNydEI3Z3kwZnZQTGZ2UHJIQ2l5aUFfbk1ORkc0ZGpmbUk3dEZ4Q2U4VE1pSzZhWnJjMExGVUFidThraWI4MVpvQW5vaW9KMUJsSmdWRmxNUU5TbGktZnZadFRiQ3NiWXBFUjhlLWt2ellUTUNCY2lJbmEwYnF0VlBiS0ZrOE1mZUxhSGN6MXc3VGw5c2huLXJiUDNWVUkw0gHCAUFVX3lxTFBLckkyYnJrNnU4a29CaVFvVjZ2QXRrZm03X2o4aXlGVUJMNzNjdVZGeVZ6MV9EbW1CRnVtd3o2YzNwWGxtTjBiR0JWSjlPdjRYaWVZb3lPWXVwOTRMQmtnRUhYa0NrS1BEY0RoQm1heFRpc0g5UkIwdjBoMXZaZDFTS2M5YTE2YWtOUUlESkNBcHVtY2VlWThmd09SQ0otdTZTVXNhbGRkbXg0NkNhOUlyaG9OZUg5Qm9MRkFfSElCamxn?oc=5,2026-09-21 11:29:08,The Indian Express,"<a href=""https://news.google.com/rss/articles/CBMiuwFBVV95cUxORUprbnRjUElxYUpqakRyU2N2WFI5bjhRREFoWWNydEI3Z3kwZnZQTGZ2UHJIQ2l5aUFfbk1ORkc0ZGpmbUk3dEZ4Q2U4VE1pSzZhWnJjMExGVUFidThraWI4MVpvQW5vaW9KMUJsSmdWRmxNUU5TbGktZnZadFRiQ3NiWXBFUjhlLWt2ellUTUNCY2lJbmEwYnF0VlBiS0ZrOE1mZUxhSGN6MXc3VGw5c2huLXJiUDNWVUkw0gHCAUFVX3lxTFBLckkyYnJrNnU4a29CaVFvVjZ2QXRrZm03X2o4aXlGVUJMNzNjdVZGeVZ6MV9EbW1CRnVtd3o2YzNwWGxtTjBiR0JWSjlPdjRYaWVZb3lPWXVwOTRMQmtnRUhYa0NrS1BEY0RoQm1heFRpc0g5UkIwdjBoMXZaZDFTS2M5YTE2YWtOUUlESkNBcHVtY2VlWThmd09SQ0otdTZTVXNhbGRkbXg0NkNhOUlyaG9OZUg5Qm9MRkFfSElCamxn?oc=5"" target=""_blank"">Orange alert for heavy rain in Kerala, 5 killed after flash floods in Malappuram</a>&nbsp;&nbsp;<font color=""#6f6f6f"">The Indian Express</font>",Monsoon,en
"Five dead, 2 missing as flash floods, landslides batter Kerala; CM orders hourly assessment - Deccan Herald",https://news.google.com/rss/articles/CBMi1gFBVV95cUxOdzV2dnBPV29pWW9fWXpHcTNGbmdFT19RTU1vMkFEWlRlbjVKQWpCQ2F1T2JGc1dCcUVLNXRZZzlFdklKT05ZWjZBbHdwSTZidHZYYmZRanlnd1BYY2g0dUVTWHEybE1DZGF3YVJvZl9JV21WaFZ1X2FCOXg1QUZ4R0xXVS1qMlNoRXpwMUk0dVdRWUZ1MU5LR3RtTWFWREhVYVpoQmcySVVZbkdhS2hHTjVpdlNFXy1fQTV0Y0FyYTlXTUUtd1hDSzhEaXJNclllOWRwakZB?oc=5,2026-09-21 04:47:43,Deccan Herald,"<a href=""https://news.google.com/rss/articles/CBMi1gFBVV95cUxOdzV2dnBPV29pWW9fWXpHcTNGbmdFT19RTU1vMkFEWlRlbjVKQWpCQ2F1T2JGc1dCcUVLNXRZZzlFdklKT05ZWjZBbHdwSTZidHZYYmZRanlnd1BYY2g0dUVTWHEybE1DZGF3YVJvZl9JV21WaFZ1X2FCOXg1QUZ4R0xXVS1qMlNoRXpwMUk0dVdRWUZ1MU5LR3RtTWFWREhVYVpoQmcySVVZbkdhS2hHTjVpdlNFXy1fQTV0Y0FyYTlXTUUtd1hDSzhEaXJNclllOWRwakZB?oc=5"" target=""_blank"">Five dead, 2 missing as flash floods, landslides batter Kerala; CM orders hourly assessment</a>&nbsp;&nbsp;<font color=""#6f6f6f"">Deccan Herald</font>",Monsoon,en
"Nilambur Flash Flood: Five Bodies Recovered, Search for Missing Continues - Deccan Chronicle",https://news.google.com/rss/articles/CBMi1wFBVV95cUxQMS1iaDdoU09XbXVqdXB6d0JhWk1BUnhTYjA5MWZQalAwR09vblU0cF9xYm1URU9kUzZSLWllVHR4NXh6RmtReVJlUUllcy1UbnhqeFA4RFI4UmdVeDY5Umh1bHRZMlltNl9HekJlc09weGh5QmtSRHp5eXU0bE9yRmE1QkNxeFVMbDVNWnRWNFczRUg1NUhTV2Y0Y2syX0pPQm5VRmppT0lkR19oUlhHMTVyanc1X3Q3QzRVQl9NSGo3Z282Yl9JWVJxVElmUk9nSE1NZjRhSdIB3AFBVV95cUxQV0wtSjJzRl9fTEkxWS1nT2F4eTQyUnFlSWcxRUVPcFljbUZiazBfWUx5amxfRkI5MEhxeFA1cXlZWDhpclY0SHB4bHdkaDV4X1hBYmpkclRwQmlfTE9nemN5YU1MZk1UTzlEcWFiY21VOEhLbUNYUmUwNXQ2di1UVGQ5Q2h6aGpBM0F3bkdWemhHcExzQ0VGV1BDamVmb0hTX3BoSzZGb1VmSmhad3FKVzR2QndCbEdzQXhrTkNnUHZMSGZPeEZrUlJiU2xfUnc3LWpTRUY1YW9pN2Q5?oc=5,2026-09-21 12:03:12,Deccan Chronicle,"<a href=""https://news.google.com/rss/articles/CBMi1wFBVV95cUxQMS1iaDdoU09XbXVqdXB6d0JhWk1BUnhTYjA5MWZQalAwR09vblU0cF9xYm1URU9kUzZSLWllVHR4NXh6RmtReVJlUUllcy1UbnhqeFA4RFI4UmdVeDY5Umh1bHRZMlltNl9HekJlc09weGh5QmtSRHp5eXU0bE9yRmE1QkNxeFVMbDVNWnRWNFczRUg1NUhTV2Y0Y2syX0pPQm5VRmppT0lkR19oUlhHMTVyanc1X3Q3QzRVQl9NSGo3Z282Yl9JWVJxVElmUk9nSE1NZjRhSdIB3AFBVV95cUxQV0wtSjJzRl9fTEkxWS1nT2F4eTQyUnFlSWcxRUVPcFljbUZiazBfWUx5amxfRkI5MEhxeFA1cXlZWDhpclY0SHB4bHdkaDV4X1hBYmpkclRwQmlfTE9nemN5YU1MZk1UTzlEcWFiY21VOEhLbUNYUmUwNXQ2di1UVGQ5Q2h6aGpBM0F3bkdWemhHcExzQ0VGV1BDamVmb0hTX3BoSzZGb1VmSmhad3FKVzR2QndCbEdzQXhrTkNnUHZMSGZPeEZrUlJiU2xfUnc3LWpTRUY1YW9pN2Q5?oc=5"" target=""_blank"">Nilambur Flash Flood: Five Bodies Recovered, Search for Missing Continues</a>&nbsp;&nbsp;<font color=""#6f6f6f"">Deccan Chronicle</font>",Monsoon,en
Keralam: Malappuram flash flood death toll reaches five - aninews.in,https://news.google.com/rss/articles/CBMivgFBVV95cUxPTHNJZDU4UWpBcVJwbnhDaFE4LVplWnJpaS1pYVN5VWNublhrU1FuUlUtd0hpdHBETzctU05nM0xTSHBGWEpNcU5jSC1kNC1wZ0VJVlo3X19lZlNGWnVOdHJ3QWFGT2kyaHFyWkRoOElfSmRwaE5jRjFLSjIwbWdrNzBFTGhZeVdBaHFsVElZRERvR3NIaDRHSGpBUTZ2bHJWM0dNS3hvM25QVzN1QVF6VlRtYmg5QjRDUUpJU0xB?oc=5,2026-09-21 12:43:00,aninews.in,"<a href=""https://news.google.com/rss/articles/CBMivgFBVV95cUxPTHNJZDU4UWpBcVJwbnhDaFE4LVplWnJpaS1pYVN5VWNublhrU1FuUlUtd0hpdHBETzctU05nM0xTSHBGWEpNcU5jSC1kNC1wZ0VJVlo3X19lZlNGWnVOdHJ3QWFGT2kyaHFyWkRoOElfSmRwaE5jRjFLSjIwbWdrNzBFTGhZeVdBaHFsVElZRERvR3NIaDRHSGpBUTZ2bHJWM0dNS3hvM25QVzN1QVF6VlRtYmg5QjRDUUpJU0xB?oc=5"" target=""_blank"">Keralam: Malappuram flash flood death toll reaches five</a>&nbsp;&nbsp;<font color=""#6f6f6f"">aninews.in</font>",Monsoon,en
Flash flood in Kottapuzha River claims five lives in Nilambur; one missing - The New Indian Express,https://news.google.com/rss/articles/CBMizAFBVV95cUxOOW9pd0ZBd0ljWjJZdE5xbENNTlV1VkJKQk90V0xEcGVjTHktVG92bjIyRHNjVWNJYnJIbnhUakxhWUYwR28tT19fcGZ5bWY3a1NvRTROTlRNYzdrMmlwRjh4TkF4TXZBcjhKZURhQkp4V2hRV2tHNWVwQWNRcld4aWdFZEozNlJNeGhiNktyaUEtR1dEX2E5S0hoWmpMRGdkekJ2MTZVZHAzZDBxamh0WTJRampaSEZyWVVla24ydU1EeXRIYk95dlZOQjbSAdoBQVVfeXFMUEJ6NGNnRTlBOVZ0MzE3ZUZ6RFpPQm5STDBvSHdXYnBfc05XTUI3Z09sbHFQM0U4UlFoWkF5NGZCTnM2cFFmVl9sMUNEQ3NuSUpIYkJ5LWEwQ3VjMzAyRXVyNEM3akJXZUV6UWlub0ZfeTlYTV9ucHF5MlUzMWVNWnItVmFKSkJVZjNTZjhOQi1oSE1hZ1BoVGxGcWRWNGFUamJoUW9GMlJNRGU5SF9vdlBESkdKWTJmek9WdklkeTRlcDNzVW8wNW05b3VpcmZRVGtmeGIyRWJ4Snc?oc=5,2026-09-21 11:57:27,The New Indian Express,"<a href=""https://news.google.com/rss/articles/CBMizAFBVV95cUxOOW9pd0ZBd0ljWjJZdE5xbENNTlV1VkJKQk90V0xEcGVjTHktVG92bjIyRHNjVWNJYnJIbnhUakxhWUYwR28tT19fcGZ5bWY3a1NvRTROTlRNYzdrMmlwRjh4TkF4TXZBcjhKZURhQkp4V2hRV2tHNWVwQWNRcld4aWdFZEozNlJNeGhiNktyaUEtR1dEX2E5S0hoWmpMRGdkekJ2MTZVZHAzZDBxamh0WTJRampaSEZyWVVla24ydU1EeXRIYk95dlZOQjbSAdoBQVVfeXFMUEJ6NGNnRTlBOVZ0MzE3ZUZ6RFpPQm5STDBvSHdXYnBfc05XTUI3Z09sbHFQM0U4UlFoWkF5NGZCTnM2cFFmVl9sMUNEQ3NuSUpIYkJ5LWEwQ3VjMzAyRXVyNEM3akJXZUV6UWlub0ZfeTlYTV9ucHF5MlUzMWVNWnItVmFKSkJVZjNTZjhOQi1oSE1hZ1BoVGxGcWRWNGFUamJoUW9GMlJNRGU5SF9vdlBESkdKWTJmek9WdklkeTRlcDNzVW8wNW05b3VpcmZRVGtmeGIyRWJ4Snc?oc=5"" target=""_blank"">Flash flood in Kottapuzha River claims five lives in Nilambur; one missing</a>&nbsp;&nbsp;<font color=""#6f6f6f"">The New Indian Express</font>",Monsoon,en
"6 Dead, Several Missing As Landslides, Flash Floods Hit Keralam - NDTV",https://news.google.com/rss/articles/CBMitgFBVV95cUxQUVBNOVZHWEk2T3djR2ZlWTJMelFObTNFbGFrWUNMTU5UNFlMZ0dfZG5WMTFiY0xLaXpka2ZqTHFzeXc3UEdaYi02Y1ppOTBCYUlsUUVOOV9JS1JZTnhKS3pPWkVOY2VHS1p1dEdaVVd6cm9aUHptVzZNQWR0YUd3RWdHZzRLVV94Y19LaWkyZmQ0Q3EwckNHLU5wNUNwOElNRFkzdkJEcktwZDk2WkdOaDJVQmwtZ9IBvgFBVV95cUxNOElNemRRYkNSUEtNSkZqR2xKblg1WWlOX2NjMk5pSWszNmtzYjBjZmxJQlAzSTdVYnRZc01yRE83TElCZVhEdVNxeVVhYlJ2Q2xvOGtwakItN3RySWFqaXdBV2JnNGpuZDJTZmtLRDdMQ0FHT1phWlBya1NxeDRlWDJpdE81OXlxRmp6V0dGRW1Yemp3UHBqcVRfWlc1T0RRd0RVdm56aHdscDhpQU9RdUlOMWFJQWl2Rjg5M3dB?oc=5,2026-09-21 11:59:05,NDTV,"<a href=""https://news.google.com/rss/articles/CBMitgFBVV95cUxQUVBNOVZHWEk2T3djR2ZlWTJMelFObTNFbGFrWUNMTU5UNFlMZ0dfZG5WMTFiY0xLaXpka2ZqTHFzeXc3UEdaYi02Y1ppOTBCYUlsUUVOOV9JS1JZTnhKS3pPWkVOY2VHS1p1dEdaVVd6cm9aUHptVzZNQWR0YUd3RWdHZzRLVV94Y19LaWkyZmQ0Q3EwckNHLU5wNUNwOElNRFkzdkJEcktwZDk2WkdOaDJVQmwtZ9IBvgFBVV95cUxNOElNemRRYkNSUEtNSkZqR2xKblg1WWlOX2NjMk5pSWszNmtzYjBjZmxJQlAzSTdVYnRZc01yRE83TElCZVhEdVNxeVVhYlJ2Q2xvOGtwakItN3RySWFqaXdBV2JnNGpuZDJTZmtLRDdMQ0FHT1phWlBya1NxeDRlWDJpdE81OXlxRmp6V0dGRW1Yemp3UHBqcVRfWlc1T0RRd0RVdm56aHdscDhpQU9RdUlOMWFJQWl2Rjg5M3dB?oc=5"" target=""_blank"">6 Dead, Several Missing As Landslides, Flash Floods Hit Keralam</a>&nbsp;&nbsp;<font color=""#6f6f6f"">NDTV</font>",Monsoon,en
"Kerala: 2 dead, two missing after flash flood sweeps away 5 - MillenniumPost",https://news.google.com/rss/articles/CBMiqAFBVV95cUxQdXVKSXl3VUpwQzk2NTRxWThqdmhxNE5RN2FkRUphRlVpbC1kbmpiMVI3bHg5QXhpa2drZmRSWjdDR3dMT0U3ajZ1NC1JeFNtUjR5SHFBejVtcUZLN29YalZDWC1ydkhDN1EzMW11bkJQQXhTX3cxYW5aZ29pcm90WEFTai1QbXlSODUxY3JGMmhVeTVpTzZVeHE4Q1RRWjZhbG13SUFJdHTSAagBQVVfeXFMUHV1Skl5d1VKcEM5NjU0cVk4anZocTROUTdhZEVKYUZVaWwtZG5qYjFSN2x4OUF4aWtna2ZkUlo3Q0d3TE9FN2o2dTQtSXhTbVI0eUhxQXo1bXFGSzdvWGpWQ1gtcnZIQzdRMzFtdW5CUEF4U193MWFuWmdvaXJvdFhBU2otUG15Ujg1MWNyRjJoVXk1aU82VXhxOENUUVo2YWxtd0lBSXR0?oc=5,2026-09-21 00:30:52,MillenniumPost,"<a href=""https://news.google.com/rss/articles/CBMiqAFBVV95cUxQdXVKSXl3VUpwQzk2NTRxWThqdmhxNE5RN2FkRUphRlVpbC1kbmpiMVI3bHg5QXhpa2drZmRSWjdDR3dMT0U3ajZ1NC1JeFNtUjR5SHFBejVtcUZLN29YalZDWC1ydkhDN1EzMW11bkJQQXhTX3cxYW5aZ29pcm90WEFTai1QbXlSODUxY3JGMmhVeTVpTzZVeHE4Q1RRWjZhbG13SUFJdHTSAagBQVVfeXFMUHV1Skl5d1VKcEM5NjU0cVk4anZocTROUTdhZEVKYUZVaWwtZG5qYjFSN2x4OUF4aWtna2ZkUlo3Q0d3TE9FN2o2dTQtSXhTbVI0eUhxQXo1bXFGSzdvWGpWQ1gtcnZIQzdRMzFtdW5CUEF4U193MWFuWmdvaXJvdFhBU2otUG15Ujg1MWNyRjJoVXk1aU82VXhxOENUUVo2YWxtd0lBSXR0?oc=5"" target=""_blank"">Kerala: 2 dead, two missing after flash flood sweeps away 5</a>&nbsp;&nbsp;<font color=""#6f6f6f"">MillenniumPost</font>",Monsoon,en
"Kerala rains: Five dead, two missing as landslides and flash floods hit state - Mid-Day",https://news.google.com/rss/articles/CBMi1AFBVV95cUxOWXk0UE1fNUpvVDV5ZkttR0FtWm12ckU3VVdCX3hkemNGak45WjliYVNoU25nZFBBYmdoRjhmMmlpTE5PaWxWRlpoTkpLcUZ6Yy1mZm52SWhHUlRxREtvRW1vSjVReW5sOTlfNkNlUVQyX25IR1BUZldDMHBGY0hlY0djMV93d1o3cUdEcll0N1dPck9iUUpsc0Z0QzVXZkxDTm5yNTZYN0ZzVk9OY1ZESjRUSGxnQVdjTUpBY3hJeExtUFFmcGJWaU0yazEtWXlFRmo3Nw?oc=5,2026-09-21 08:34:00,Mid-Day,"<a href=""https://news.google.com/rss/articles/CBMi1AFBVV95cUxOWXk0UE1fNUpvVDV5ZkttR0FtWm12ckU3VVdCX3hkemNGak45WjliYVNoU25nZFBBYmdoRjhmMmlpTE5PaWxWRlpoTkpLcUZ6Yy1mZm52SWhHUlRxREtvRW1vSjVReW5sOTlfNkNlUVQyX25IR1BUZldDMHBGY0hlY0djMV93d1o3cUdEcll0N1dPck9iUUpsc0Z0QzVXZkxDTm5yNTZYN0ZzVk9OY1ZESjRUSGxnQVdjTUpBY3hJeExtUFFmcGJWaU0yazEtWXlFRmo3Nw?oc=5"" target=""_blank"">Kerala rains: Five dead, two missing as landslides and flash floods hit state</a>&nbsp;&nbsp;<font color=""#6f6f6f"">Mid-Day</font>",Monsoon,en
Nilambur flash flood death toll rises to five; search continues for missing person - BusinessLine,https://news.google.com/rss/articles/CBMi3AFBVV95cUxOZDBMM1ljZ1pPRXRIV2JpUFU2U3dNYUkzZFVyaTBYTFkzUE5UcDZPWHlfb1kzVGZocURCRy1lYm9NSXFiTlJzalRDZl85UXExSlc5UG42Tk95TVZxM1RVNkZYdzV0c3JKS1AtZ3ZMbDhMLUFkTEREQ1h1Q19kNXZmZGxiTlJ2UG90aEV5aW9UOXEyQldDMWRZSDgtbFA5UDM5UmlUVC1ISURMeEF2bWctSlBKU1lQb0ZlTHVUc0hrc1hJWWpKMDlIalpuUkNEb3AwTDByY25ETEJSQ1BW0gHjAUFVX3lxTFAzenY3OVRrc3RlcEhrV0FKc0xXZXhuQkNiVzNiUmxlVk04LVJ4Vmwzcl9RdzliT0w3SmgyZXl3WWM4a1UzUDJWYS1vWjhDZERUTG5XMm9YLXg5LXRyM25waE9vRUFyVVNfaHdvLTVDelY0a0RQQnNjR09JTnRucjNjX0lZellGYXJhNDhxd0o3Rlg2M3gyRm03UnZnWUF5MGtUZkI4WGZFbHItN0VNM2I0Q2w3QzNnTXFZS3NyR1FIZVpqemdNTHMwaThSaGx5cUNTNFpEWDlRTDRka2NnQVpOVW9F?oc=5,2026-09-21 09:39:21,BusinessLine,"<a href=""https://news.google.com/rss/articles/CBMi3AFBVV95cUxOZDBMM1ljZ1pPRXRIV2JpUFU2U3dNYUkzZFVyaTBYTFkzUE5UcDZPWHlfb1kzVGZocURCRy1lYm9NSXFiTlJzalRDZl85UXExSlc5UG42Tk95TVZxM1RVNkZYdzV0c3JKS1AtZ3ZMbDhMLUFkTEREQ1h1Q19kNXZmZGxiTlJ2UG90aEV5aW9UOXEyQldDMWRZSDgtbFA5UDM5UmlUVC1ISURMeEF2bWctSlBKU1lQb0ZlTHVUc0hrc1hJWWpKMDlIalpuUkNEb3AwTDByY25ETEJSQ1BW0gHjAUFVX3lxTFAzenY3OVRrc3RlcEhrV0FKc0xXZXhuQkNiVzNiUmxlVk04LVJ4Vmwzcl9RdzliT0w3SmgyZXl3WWM4a1UzUDJWYS1vWjhDZERUTG5XMm9YLXg5LXRyM25waE9vRUFyVVNfaHdvLTVDelY0a0RQQnNjR09JTnRucjNjX0lZellGYXJhNDhxd0o3Rlg2M3gyRm03UnZnWUF5MGtUZkI4WGZFbHItN0VNM2I0Q2w3QzNnTXFZS3NyR1FIZVpqemdNTHMwaThSaGx5cUNTNFpEWDlRTDRka2NnQVpOVW9F?oc=5"" target=""_blank"">Nilambur flash flood death toll rises to five; search continues for missing person</a>&nbsp;&nbsp;<font color=""#6f6f6f"">BusinessLine</font>",Monsoon,en
"Nilambur flash flood: Three more bodies recovered, toll rises to five - Metro Vaartha",https://news.google.com/rss/articles/CBMivwFBVV95cUxQOTNWSXVQZi1EVlViZm8zOVRYejlhWG5NVnhOYnA1WVVjenNiaWRWdlAzUDVBWnp1OFBnQWkwZEp6Wi10MlFWWjZGUUtMa2hpOWxlTkFUd0t4WGRyUkp5T1lITTF3X2lER28tX0N2Ql9sMUVaaEx1dFVNRmtTLTJQYW5qZktEVF8zSm14WkVtVEpFVHVTSzIyYnhCbjMwU3hQeV9rSjBSQzUwUzJLLXZhT0NjTUFXTDVwZS1hT09BVdIBvwFBVV95cUxQOTNWSXVQZi1EVlViZm8zOVRYejlhWG5NVnhOYnA1WVVjenNiaWRWdlAzUDVBWnp1OFBnQWkwZEp6Wi10MlFWWjZGUUtMa2hpOWxlTkFUd0t4WGRyUkp5T1lITTF3X2lER28tX0N2Ql9sMUVaaEx1dFVNRmtTLTJQYW5qZktEVF8zSm14WkVtVEpFVHVTSzIyYnhCbjMwU3hQeV9rSjBSQzUwUzJLLXZhT0NjTUFXTDVwZS1hT09BVQ?oc=5,2026-09-21 11:05:01,Metro Vaartha,"<a href=""https://news.google.com/rss/articles/CBMivwFBVV95cUxQOTNWSXVQZi1EVlViZm8zOVRYejlhWG5NVnhOYnA1WVVjenNiaWRWdlAzUDVBWnp1OFBnQWkwZEp6Wi10MlFWWjZGUUtMa2hpOWxlTkFUd0t4WGRyUkp5T1lITTF3X2lER28tX0N2Ql9sMUVaaEx1dFVNRmtTLTJQYW5qZktEVF8zSm14WkVtVEpFVHVTSzIyYnhCbjMwU3hQeV9rSjBSQzUwUzJLLXZhT0NjTUFXTDVwZS1hT09BVdIBvwFBVV95cUxQOTNWSXVQZi1EVlViZm8zOVRYejlhWG5NVnhOYnA1WVVjenNiaWRWdlAzUDVBWnp1OFBnQWkwZEp6Wi10MlFWWjZGUUtMa2hpOWxlTkFUd0t4WGRyUkp5T1lITTF3X2lER28tX0N2Ql9sMUVaaEx1dFVNRmtTLTJQYW5qZktEVF8zSm14WkVtVEpFVHVTSzIyYnhCbjMwU3hQeV9rSjBSQzUwUzJLLXZhT0NjTUFXTDVwZS1hT09BVQ?oc=5"" target=""_blank"">Nilambur flash flood: Three more bodies recovered, toll rises to five</a>&nbsp;&nbsp;<font color=""#6f6f6f"">Metro Vaartha</font>",Monsoon,en
"Five dead,one missing in Malappuram flash flood; Kerala rain toll rises to nine - Hindusthan Samachar English",https://news.google.com/rss/articles/CBMihwFBVV95cUxQaFZ4WnhWR2VrNkViRWg3dk1idEJWTWZPSVhhOEVxMmVJall4bWNZNzRPbGVTNVY4VDRWaUdPdzVHTnNQVTZVd1p1SUlKVlRoRXMzc3FZOWJ2MkRRYVlGOW9VQjJ3cWtLTUNHc21QMEpUeU9LWVVYZ3dQSnRZQzBHYzBOY1FKdXc?oc=5,2026-09-21 09:44:33,Hindusthan Samachar English,"<a href=""https://news.google.com/rss/articles/CBMihwFBVV95cUxQaFZ4WnhWR2VrNkViRWg3dk1idEJWTWZPSVhhOEVxMmVJall4bWNZNzRPbGVTNVY4VDRWaUdPdzVHTnNQVTZVd1p1SUlKVlRoRXMzc3FZOWJ2MkRRYVlGOW9VQjJ3cWtLTUNHc21QMEpUeU9LWVVYZ3dQSnRZQzBHYzBOY1FKdXc?oc=5"" target=""_blank"">Five dead,one missing in Malappuram flash flood; Kerala rain toll rises to nine</a>&nbsp;&nbsp;<font color=""#6f6f6f"">Hindusthan Samachar English</font>",Monsoon,en
Kerala rains intensify: IMD updates alerts as CM Satheesan orders hourly assessment - Moneycontrol.com,https://news.google.com/rss/articles/CBMi1AFBVV95cUxNeTJqVnBfZzFnRWZ2VFN5Vlh3dFh5TXFiYnNtWjcwSUxoRzVoRGxKNHgyaGZEdHA0WnhqUFdpcUNhWFBnQmw1OVJtSDhGMUxVOGgyNHpyOG5MUTh6Q2xWSDJhUk1aZG9DRTJIeTBPOEhHMGVtSXI4UHJPeDZfZTllLXF1WWdob3M4SDJZZlNKZTdVaGE3bkVlcXNfNDR2dVlTdWlzNUR5ZjF1ZzZJb0h5VXZnWGdCS2c5N3VvaTdGMktRTk5pQjJwQk9JYlRCcDV5NEo3M9IB2gFBVV95cUxPbG9lQTNpSjV0akx2NmcwNWNXMmhtc25aRFdKYzF3TXpOVFpEREd6S3ZfOHNoeEp3dFk5M3JVajhzTkRzTFNRVF9IUG1XVG1hN0JVbGlteU0zZ1hnSTZqV0VrYXByYkRZQ2prdHJ1V0pfYzdxOGVPQ2lXTFI0cnFFeUQ1VEk0dVk5d1h2RWRKbkF4Yk5pNHo0WVVaZUQ5c0t4LTFYdHN1bmYtZ0l1OHFVSEpfbTZKU1FNbW5BMGgtVnFGbTJiRC0tTmdiTDdTVkRlMjhuU3laVVZ1UQ?oc=5,2026-09-21 07:16:11,Moneycontrol.com,"<a href=""https://news.google.com/rss/articles/CBMi1AFBVV95cUxNeTJqVnBfZzFnRWZ2VFN5Vlh3dFh5TXFiYnNtWjcwSUxoRzVoRGxKNHgyaGZEdHA0WnhqUFdpcUNhWFBnQmw1OVJtSDhGMUxVOGgyNHpyOG5MUTh6Q2xWSDJhUk1aZG9DRTJIeTBPOEhHMGVtSXI4UHJPeDZfZTllLXF1WWdob3M4SDJZZlNKZTdVaGE3bkVlcXNfNDR2dVlTdWlzNUR5ZjF1ZzZJb0h5VXZnWGdCS2c5N3VvaTdGMktRTk5pQjJwQk9JYlRCcDV5NEo3M9IB2gFBVV95cUxPbG9lQTNpSjV0akx2NmcwNWNXMmhtc25aRFdKYzF3TXpOVFpEREd6S3ZfOHNoeEp3dFk5M3JVajhzTkRzTFNRVF9IUG1XVG1hN0JVbGlteU0zZ1hnSTZqV0VrYXByYkRZQ2prdHJ1V0pfYzdxOGVPQ2lXTFI0cnFFeUQ1VEk0dVk5d1h2RWRKbkF4Yk5pNHo0WVVaZUQ5c0t4LTFYdHN1bmYtZ0l1OHFVSEpfbTZKU1FNbW5BMGgtVnFGbTJiRC0tTmdiTDdTVkRlMjhuU3laVVZ1UQ?oc=5"" target=""_blank"">Kerala rains intensify: IMD updates alerts as CM Satheesan orders hourly assessment</a>&nbsp;&nbsp;<font color=""#6f6f6f"">Moneycontrol.com</font>",Monsoon,en
"Nilambur Flash Floods: Three more bodies recovered, death toll rises to five - Kerala Kaumudi",https://news.google.com/rss/articles/CBMixAFBVV95cUxPVUpqbXE2WV84RGZyNm9RLVZEVmM2YW4tQUsxUy1aU2p5UnUzd3dWdlVuZ2JlQS05U0M1RFRndG5kWUtsSEtremFMYWh5NV9JanJrNHB2dVJ2b3gwUUN3MlFRZ3JvOE9CV3o4MmNLdVR3OXBXOHdIc0xmUkM4djhWNWFWZVktNUdpQ3hqRTJlOHZobU94bV9uOUdyTjlMX1ZaejE5SDBqQnZYZEVzMG8zR054MndlSnJlZnhqdUZtSHBrYW9O?oc=5,2026-09-21 09:35:18,Kerala Kaumudi,"<a href=""https://news.google.com/rss/articles/CBMixAFBVV95cUxPVUpqbXE2WV84RGZyNm9RLVZEVmM2YW4tQUsxUy1aU2p5UnUzd3dWdlVuZ2JlQS05U0M1RFRndG5kWUtsSEtremFMYWh5NV9JanJrNHB2dVJ2b3gwUUN3MlFRZ3JvOE9CV3o4MmNLdVR3OXBXOHdIc0xmUkM4djhWNWFWZVktNUdpQ3hqRTJlOHZobU94bV9uOUdyTjlMX1ZaejE5SDBqQnZYZEVzMG8zR054MndlSnJlZnhqdUZtSHBrYW9O?oc=5"" target=""_blank"">Nilambur Flash Floods: Three more bodies recovered, death toll rises to five</a>&nbsp;&nbsp;<font color=""#6f6f6f"">Kerala Kaumudi</font>",Monsoon,en
"Two dead, two missing after flash flood in Nilambur river - Daily Pioneer",https://news.google.com/rss/articles/CBMirAFBVV95cUxQYjhxVVpPMmFkdlhieGpLczg5VnBraF9wQklHQ1dmOXZ5QVJBQXNvVmV6cGZiUEJ0ZGFPVVh3am1uZU1DNm1yaExJN0VPMGFFaXBDZmZ0d2VQNURSc0pwSDNlSnNVaFZKM0tRa1N4YkI5dlFpbzF1M01tY3pkRVhRbTVlRzNVcWN3d3dJOE9veEhULVFTRkpPd2lYNEFBaTB4Y3FpaTVuOWpNME1i?oc=5,2026-09-21 08:29:51,Daily Pioneer,"<a href=""https://news.google.com/rss/articles/CBMirAFBVV95cUxQYjhxVVpPMmFkdlhieGpLczg5VnBraF9wQklHQ1dmOXZ5QVJBQXNvVmV6cGZiUEJ0ZGFPVVh3am1uZU1DNm1yaExJN0VPMGFFaXBDZmZ0d2VQNURSc0pwSDNlSnNVaFZKM0tRa1N4YkI5dlFpbzF1M01tY3pkRVhRbTVlRzNVcWN3d3dJOE9veEhULVFTRkpPd2lYNEFBaTB4Y3FpaTVuOWpNME1i?oc=5"" target=""_blank"">Two dead, two missing after flash flood in Nilambur river</a>&nbsp;&nbsp;<font color=""#6f6f6f"">Daily Pioneer</font>",Monsoon,en
"Kerala Rains: 7 Dead, Landslides & Flash Floods Hit State; Rescue Ops Underway Amid Missing Fears - News18",https://news.google.com/rss/articles/CBMi5AFBVV95cUxOd0FtSWtpRDkzTVp6NG9rbEVjQ1JjTmh0Q3V5Zms2Zl9JMFlfbmtrdFlfemVTdWpyQl9SZUExRVpqOWtPdkg1QmxWMy03S05NNnF4Q2VxbV8tTVdHb2E3VXZTcDNCRWNudHRPR1RTTGo3N2p2aGctb2JpQkt3U0E5OFgtdkVYTGxTdVMwLXNDUHpXX2k1ZXpnelg2ME1PWjFEWm0yNGtsTVpkWm5fVHRMZGFvczdkTTk1aU16UU52SERMR29yMHhqN09HVDBhZlNIOXlpaWZmd2pkNmRVWHFyT2JnRkzSAeoBQVVfeXFMTnJ4TFJsaU5WVGxHRGdzaDAyR0xUVWhuVUdiZ0tYME1XUTU0RG1nQ1pseldGendqeC1Zc2R2RVNDbTRPTVJnNGFaa283dmY0XzZHaEF4OWQxWGtidnV5N0ctSlZpT0tKSXYzNUZYUUJpZUkzeFdNbmpDaFkwZTVuRHZEbUJiaGJBbE52dzlVd2ZhcTVxMGlHeE1GUEI5VmV5WGVPWWNUdU9Jd2dqX1NzTnk2OHJGZUhpS3EtQlFGWDZlRXk5UlQ2Mk1KNTJPNk92dms5RVh0R1BkS241bm91TnhvVXJsNGdOdXNn?oc=5,2026-09-21 10:30:00,News18,"<a href=""https://news.google.com/rss/articles/CBMi5AFBVV95cUxOd0FtSWtpRDkzTVp6NG9rbEVjQ1JjTmh0Q3V5Zms2Zl9JMFlfbmtrdFlfemVTdWpyQl9SZUExRVpqOWtPdkg1QmxWMy03S05NNnF4Q2VxbV8tTVdHb2E3VXZTcDNCRWNudHRPR1RTTGo3N2p2aGctb2JpQkt3U0E5OFgtdkVYTGxTdVMwLXNDUHpXX2k1ZXpnelg2ME1PWjFEWm0yNGtsTVpkWm5fVHRMZGFvczdkTTk1aU16UU52SERMR29yMHhqN09HVDBhZlNIOXlpaWZmd2pkNmRVWHFyT2JnRkzSAeoBQVVfeXFMTnJ4TFJsaU5WVGxHRGdzaDAyR0xUVWhuVUdiZ0tYME1XUTU0RG1nQ1pseldGendqeC1Zc2R2RVNDbTRPTVJnNGFaa283dmY0XzZHaEF4OWQxWGtidnV5N0ctSlZpT0tKSXYzNUZYUUJpZUkzeFdNbmpDaFkwZTVuRHZEbUJiaGJBbE52dzlVd2ZhcTVxMGlHeE1GUEI5VmV5WGVPWWNUdU9Jd2dqX1NzTnk2OHJGZUhpS3EtQlFGWDZlRXk5UlQ2Mk1KNTJPNk92dms5RVh0R1BkS241bm91TnhvVXJsNGdOdXNn?oc=5"" target=""_blank"">Kerala Rains: 7 Dead, Landslides & Flash Floods Hit State; Rescue Ops Underway Amid Missing Fears</a>&nbsp;&nbsp;<font color=""#6f6f6f"">News18</font>",Monsoon,en
Malappuram Flash Flood Death Toll Rises to Five - Deshabhimani,https://news.google.com/rss/articles/CBMisgFBVV95cUxOLUNuaGhvVjV4UDc1MVFveURfVm4tM3lhSk9sNXItVWFUaTR4V01vVmo1d21JcjYzdmFoOEp1SURsMTh4QWFoS1JuWjhUQVhtNE5xRDdVcFRacWR3NHh4b3JSVlFJV2w3U2c1RXpESHBYb191UDliNHZmTkpPaHFkU0N1NnU4REJ0VDVJeTB3MHlob3d5TUVKWU1QM3dvemZseFFveFR5Mzlyb21oRS1STldn?oc=5,2026-09-21 09:25:08,Deshabhimani,"<a href=""https://news.google.com/rss/articles/CBMisgFBVV95cUxOLUNuaGhvVjV4UDc1MVFveURfVm4tM3lhSk9sNXItVWFUaTR4V01vVmo1d21JcjYzdmFoOEp1SURsMTh4QWFoS1JuWjhUQVhtNE5xRDdVcFRacWR3NHh4b3JSVlFJV2w3U2c1RXpESHBYb191UDliNHZmTkpPaHFkU0N1NnU4REJ0VDVJeTB3MHlob3d5TUVKWU1QM3dvemZseFFveFR5Mzlyb21oRS1STldn?oc=5"" target=""_blank"">Malappuram Flash Flood Death Toll Rises to Five</a>&nbsp;&nbsp;<font color=""#6f6f6f"">Deshabhimani</font>",Monsoon,en
Nilambur flash flood toll rises to five; one still missing - Onmanorama,https://news.google.com/rss/articles/CBMipAFBVV95cUxQX0hNR1k3UmpiUG1WZXVBUUo4ZE54clFXNExJMnJZamZxNDh6c0R1cUxuRnpOSjNMSVpHaUJlLTF6cGFJektTeG1TX0hzd2lWRWd4UjNTZjZsMFZmRDhsQkQ0amIxSXRSb21fN0V0THVzV3M0TkR6bkVxODhFMUVBXzBTemR1R2FCV1FTVzYtMzRjc29BZXJ6WTZzTjJaRWFwWkJ2ONIBqgFBVV95cUxOSmd4RGpJTVMyWWJFLVpmRG5DLTRkeV9lS2UtVHB1NzVtV250ei1VMktFekRJTEFpOEpHQmkwVGZPaEZGZk9OSFpOeFQxWjRXN1ZMcDhoNU9XTFNiWFhmUXk1Q3pWa3NJTUVwbW9TNHFyWmt0ZW1oWHo3LU1nWWtjMEU3QkItamhRMWhmbnpqd2JPMzEzb0NsN2ZWXzhfaVBVdFh6UHc2dzdyZw?oc=5,2026-09-21 11:00:54,Onmanorama,"<a href=""https://news.google.com/rss/articles/CBMipAFBVV95cUxQX0hNR1k3UmpiUG1WZXVBUUo4ZE54clFXNExJMnJZamZxNDh6c0R1cUxuRnpOSjNMSVpHaUJlLTF6cGFJektTeG1TX0hzd2lWRWd4UjNTZjZsMFZmRDhsQkQ0amIxSXRSb21fN0V0THVzV3M0TkR6bkVxODhFMUVBXzBTemR1R2FCV1FTVzYtMzRjc29BZXJ6WTZzTjJaRWFwWkJ2ONIBqgFBVV95cUxOSmd4RGpJTVMyWWJFLVpmRG5DLTRkeV9lS2UtVHB1NzVtV250ei1VMktFekRJTEFpOEpHQmkwVGZPaEZGZk9OSFpOeFQxWjRXN1ZMcDhoNU9XTFNiWFhmUXk1Q3pWa3NJTUVwbW9TNHFyWmt0ZW1oWHo3LU1nWWtjMEU3QkItamhRMWhmbnpqd2JPMzEzb0NsN2ZWXzhfaVBVdFh6UHc2dzdyZw?oc=5"" target=""_blank"">Nilambur flash flood toll rises to five; one still missing</a>&nbsp;&nbsp;<font color=""#6f6f6f"">Onmanorama</font>",Monsoon,en
Kerala Rain: Death Toll Rises to 9 Amid Floods and Landslides - The Hindustan Gazette,https://news.google.com/rss/articles/CBMiqwFBVV95cUxNUDdPRzZxMndJZXh3TWZDeXZiVk5WSTZNSzJQVTJmeXlYdEd0aGpCNS1Ub1B6ZGRyNi05d2JuRnQ2ZlJSN21MVHlmSHpfN3EyOFpzcmJnOVRuMUhGcUlUUmZubXlFZkRpVWcybnd3MW0xNmM2VDdyZF9ycXpuc1JjQTdHQTVQTzNyWlZVZ1dHbm5adlhxZzZldTQwYW1uRXNCS01ZeUctcU9CeTg?oc=5,2026-09-21 12:00:25,The Hindustan Gazette,"<a href=""https://news.google.com/rss/articles/CBMiqwFBVV95cUxNUDdPRzZxMndJZXh3TWZDeXZiVk5WSTZNSzJQVTJmeXlYdEd0aGpCNS1Ub1B6ZGRyNi05d2JuRnQ2ZlJSN21MVHlmSHpfN3EyOFpzcmJnOVRuMUhGcUlUUmZubXlFZkRpVWcybnd3MW0xNmM2VDdyZF9ycXpuc1JjQTdHQTVQTzNyWlZVZ1dHbm5adlhxZzZldTQwYW1uRXNCS01ZeUctcU9CeTg?oc=5"" target=""_blank"">Kerala Rain: Death Toll Rises to 9 Amid Floods and Landslides</a>&nbsp;&nbsp;<font color=""#6f6f6f"">The Hindustan Gazette</font>",Monsoon,en
"Flash flood horror in Malappuram: Death toll rises to five, search continues for missing woman - Mathrubhumi English",https://news.google.com/rss/articles/CBMiwwFBVV95cUxPTnpVaXhSSjlVM3pUNE1hajFVeXR0SHdJdmlXTmNaSVNtcGN4Qmxhci1OSWE2MWFXUEFfeWZOLXlHWnRiZVRKeWxDMjBadU5kZ0FGNzNya2poTEtnSlhTbXJEREpvaXJ3NWhCajV4R1Z1Y2RMYkVMOUc1SEFVOWVPZEhiVzRZUl90ZFlKSGV3RzF4UmxmQm1OUm9uVlo2ZFR5aE9McExhZ2c4YU5QT1RsMWJBOUZ3d0M4LTNMQk9GMUwtUVnSAcMBQVVfeXFMT056VWl4Uko5VTN6VDRNYWoxVXl0dEh3SXZpV05jWklTbXBjeEJsYXItTklhNjFhV1BBX3lmTi15R1p0YmVUSnlsQzIwWnVOZGdBRjczcmtqaExLZ0pYU21yRERKb2lydzVoQmo1eEdWdWNkTGJFTDlHNUhBVTllT2RIYlc0WVJfdGRZSkhld0cxeFJsZkJtTlJvblZaNmRUeWhPTHBMYWdnOGFOUE9UbDFiQTlGd3dDOC0zTEJPRjFMLVFZ?oc=5,2026-09-21 09:42:08,Mathrubhumi English,"<a href=""https://news.google.com/rss/articles/CBMiwwFBVV95cUxPTnpVaXhSSjlVM3pUNE1hajFVeXR0SHdJdmlXTmNaSVNtcGN4Qmxhci1OSWE2MWFXUEFfeWZOLXlHWnRiZVRKeWxDMjBadU5kZ0FGNzNya2poTEtnSlhTbXJEREpvaXJ3NWhCajV4R1Z1Y2RMYkVMOUc1SEFVOWVPZEhiVzRZUl90ZFlKSGV3RzF4UmxmQm1OUm9uVlo2ZFR5aE9McExhZ2c4YU5QT1RsMWJBOUZ3d0M4LTNMQk9GMUwtUVnSAcMBQVVfeXFMT056VWl4Uko5VTN6VDRNYWoxVXl0dEh3SXZpV05jWklTbXBjeEJsYXItTklhNjFhV1BBX3lmTi15R1p0YmVUSnlsQzIwWnVOZGdBRjczcmtqaExLZ0pYU21yRERKb2lydzVoQmo1eEdWdWNkTGJFTDlHNUhBVTllT2RIYlc0WVJfdGRZSkhld0cxeFJsZkJtTlJvblZaNmRUeWhPTHBMYWdnOGFOUE9UbDFiQTlGd3dDOC0zTEJPRjFMLVFZ?oc=5"" target=""_blank"">Flash flood horror in Malappuram: Death toll rises to five, search continues for missing woman</a>&nbsp;&nbsp;<font color=""#6f6f6f"">Mathrubhumi English</font>",Monsoon,en
"Keralam Weather Update: IMD Issues Yellow Alert in 6 Districts; 5 Dead, 2 Missing After Landslides, Flash... - lokmattimes.com",https://news.google.com/rss/articles/CBMi8wFBVV95cUxNa3lmR2paY3FfQWF4dHN3QXJFU0RxRU00RnA4M2lwbFRyY19xVkhJQk05QmFXNnNuQUlkVmpQVjU3cTdIcHFVZlpRQXRzWGxvUFhTZDRPckZTOFNQRkx6NlRTdC1oSnZKVk80dUphWHU2aVZHdm8zOUFRNmNOV2NwcjRxdzgxVWQ2S0hMeFYyT05PZE9RNXUzWDBvcjcySkliYWxaNFJNcDBxR0V6NnVVcE5QeS1ubHJnZTBpc1FkQTBLRV84QjRHdzAta2E4WVlBMXNBR3dYNHhkZE9NVWZlQWYtTGItT1U3RXFNMUNfaTdiYmfSAfgBQVVfeXFMTlZWWHBFT2hTY3ZvWGtoMlZxVzA2R0dPSElCaXZSMmN5UWF5VWg5ZGItZXM2d0ZFUnlGczk4UUtpUGlRbjZmamUtNU9GN2tidG1XZklOejdDRTN6MWphSGVMdUcxdnZFS0p2Y3lBMWFrNzFmZ19Da3Bob2d4Z3ZhYUNpYlljY1pham93dmdrcWtQTXJCSWt3RnhWSkE0TjRKQmVZSkxCSTk3bThXWDA2dmdBU3BaWHRXOGNEd29MRmpJaVRhYjdiZnZDY00yNTVMWkVXeFNGMjQ3TW5FOU1sUHV4OTM0d3JzOW94cEVsdHVmQXpReDI5NUw?oc=5,2026-09-21 08:40:10,lokmattimes.com,"<a href=""https://news.google.com/rss/articles/CBMi8wFBVV95cUxNa3lmR2paY3FfQWF4dHN3QXJFU0RxRU00RnA4M2lwbFRyY19xVkhJQk05QmFXNnNuQUlkVmpQVjU3cTdIcHFVZlpRQXRzWGxvUFhTZDRPckZTOFNQRkx6NlRTdC1oSnZKVk80dUphWHU2aVZHdm8zOUFRNmNOV2NwcjRxdzgxVWQ2S0hMeFYyT05PZE9RNXUzWDBvcjcySkliYWxaNFJNcDBxR0V6NnVVcE5QeS1ubHJnZTBpc1FkQTBLRV84QjRHdzAta2E4WVlBMXNBR3dYNHhkZE9NVWZlQWYtTGItT1U3RXFNMUNfaTdiYmfSAfgBQVVfeXFMTlZWWHBFT2hTY3ZvWGtoMlZxVzA2R0dPSElCaXZSMmN5UWF5VWg5ZGItZXM2d0ZFUnlGczk4UUtpUGlRbjZmamUtNU9GN2tidG1XZklOejdDRTN6MWphSGVMdUcxdnZFS0p2Y3lBMWFrNzFmZ19Da3Bob2d4Z3ZhYUNpYlljY1pham93dmdrcWtQTXJCSWt3RnhWSkE0TjRKQmVZSkxCSTk3bThXWDA2dmdBU3BaWHRXOGNEd29MRmpJaVRhYjdiZnZDY00yNTVMWkVXeFNGMjQ3TW5FOU1sUHV4OTM0d3JzOW94cEVsdHVmQXpReDI5NUw?oc=5"" target=""_blank"">Keralam Weather Update: IMD Issues Yellow Alert in 6 Districts; 5 Dead, 2 Missing After Landslides, Flash...</a>&nbsp;&nbsp;<font color=""#6f6f6f"">lokmattimes.com</font>",Monsoon,en
Kerala Rain: Orange Alert Issued as Flash Floods and Landslides Kill 9 - Newstrack English,https://news.google.com/rss/articles/CBMivAFBVV95cUxOSXVKOXpGWWJFOVJhdWptcVhHYWQ2SDJWd051elRJYVZKSU9QOXR3WVIxSFZqOXZfTzNIbldRUjF2dWdxbGcwMTZQMVgxc3lUdTh5Vm9CUkhTLXV5Y3QySy10QWUwVVRneGNFRXRoc0g1SE1sUlppRnhSY2RMWk93U0pzT3dvMUhKWjMzejZrUVIxY3dwSmtVblNFYlZISXJmUG5WSzNGMmV3cXd5TFJ2ZmVxT3Q3aklDN2tTYtIBwgFBVV95cUxPdWNhT21uSjRnclpYQnRjeVNCcUdTSnozY0Z5bkFqcDhXdFRQaU1wRk5JRjBPRkd3NmNQWFR2UEpocjg3WWVCc1hjRXQ1N2RZVTZYUVlURHVJWFU4YUgzdThpbE94bHRfeFMteUdGZTBiV3FKTHNyREI3ejJoUkM5UUlDa1lrVDJNZTZnRzFIdTFUVWw4QXh1NWlWMmNKbGw0emxndzd4MHdwN3FiekVGbXY3bVlDVmpnVGw3Nm1wbmZsZw?oc=5,2026-09-21 12:57:21,Newstrack English,"<a href=""https://news.google.com/rss/articles/CBMivAFBVV95cUxOSXVKOXpGWWJFOVJhdWptcVhHYWQ2SDJWd051elRJYVZKSU9QOXR3WVIxSFZqOXZfTzNIbldRUjF2dWdxbGcwMTZQMVgxc3lUdTh5Vm9CUkhTLXV5Y3QySy10QWUwVVRneGNFRXRoc0g1SE1sUlppRnhSY2RMWk93U0pzT3dvMUhKWjMzejZrUVIxY3dwSmtVblNFYlZISXJmUG5WSzNGMmV3cXd5TFJ2ZmVxT3Q3aklDN2tTYtIBwgFBVV95cUxPdWNhT21uSjRnclpYQnRjeVNCcUdTSnozY0Z5bkFqcDhXdFRQaU1wRk5JRjBPRkd3NmNQWFR2UEpocjg3WWVCc1hjRXQ1N2RZVTZYUVlURHVJWFU4YUgzdThpbE94bHRfeFMteUdGZTBiV3FKTHNyREI3ejJoUkM5UUlDa1lrVDJNZTZnRzFIdTFUVWw4QXh1NWlWMmNKbGw0emxndzd4MHdwN3FiekVGbXY3bVlDVmpnVGw3Nm1wbmZsZw?oc=5"" target=""_blank"">Kerala Rain: Orange Alert Issued as Flash Floods and Landslides Kill 9</a>&nbsp;&nbsp;<font color=""#6f6f6f"">Newstrack English</font>",Monsoon,en
"Kerala's Kottappuzha flash flood kills 1, 7 feared swept away - NewsBytes",https://news.google.com/rss/articles/CBMipwFBVV95cUxPN3N6eDh3c2hIOTIzTldtOVN3QXJPa1BteWJUalEwemtieUt4Ykl6Qmdrd1dxRVJYNHdLZUE0TXFyak9ocHdrOEpqTVFTREdBOVFMamxVcjZ1bm0zUXpmMUljVFdCX3dhNTA3N3RTaGNGb3RZMGpsMWcyVmNhdU1RVlhyWndtTWxVZ21OYUtiWC1YdldFV2ZNTDBKVXZDdlRmbGt3WFJRYw?oc=5,2026-09-21 10:27:00,NewsBytes,"<a href=""https://news.google.com/rss/articles/CBMipwFBVV95cUxPN3N6eDh3c2hIOTIzTldtOVN3QXJPa1BteWJUalEwemtieUt4Ykl6Qmdrd1dxRVJYNHdLZUE0TXFyak9ocHdrOEpqTVFTREdBOVFMamxVcjZ1bm0zUXpmMUljVFdCX3dhNTA3N3RTaGNGb3RZMGpsMWcyVmNhdU1RVlhyWndtTWxVZ21OYUtiWC1YdldFV2ZNTDBKVXZDdlRmbGt3WFJRYw?oc=5"" target=""_blank"">Kerala's Kottappuzha flash flood kills 1, 7 feared swept away</a>&nbsp;&nbsp;<font color=""#6f6f6f"">NewsBytes</font>",Monsoon,en
"Rain Hammers Keralam: Several Dead In Flash Floods, Landslides; 6 Districts On Alert For Heavy Showers - The Daily Jagran",https://news.google.com/rss/articles/CBMigwJBVV95cUxQQXhoaDhvWlJvcF9xaExiY3R4LUtBRUVudERNOEx5ejJOZTJVbFEzZG40OTNnbkkxT0E2dmttcmVhN3F3aVU3TC1rQTF3R1FRU3NHMXRjamF3VFVLblhMeXBQZTR3X0pUTHlNdVBIUWlTbTZxNENILU9YbkhPUmEyc0xFVzE4Vk1qUUNBNHZKek4zTEJvbTFXeFhiY1RIU3FxS0ZQZEo1ZUIydkVpa3RROVBHaFo0MjdORlNWSjJVOXhXNzBPMWhvLU1rMGRyT0xrRUdLRndzY3d6cnF0NUl2OTBKeHAxcHFGVkVLbGF5SDFpaFV4Ymc1cmFYTTgxRGpGNU9N0gGKAkFVX3lxTFB2YUwwdGhwUjRwQUtxTmV0cTlxTGI4OG15YmxKazBMbHVFcW5WVmt3RDVZX0tHZlYyQ1Y0LW5NeDA3T0RnQ1h6eUtYOTlLLXNtSzd5OTgyTTJOMm4zWUxSdGZzNFlXeHA1UUJQRV95Zng2Wklzd1JjNl85alY4UmNJVFlCbk9lQUwyT2RCcTNYdllDSzgtX2pDcUhCRk5xczRwWHB5YlNSVXdVcUFuRml2NXNDc0FhZ2VkNFFtNmNvRlJjcTVqa1Z2UDA2a0pPM3pjY2lUejRFQzlDLThTVGxITGZ2NHpBbnJpQ2NlbHhfaEY0R1Z3czFSSGdLVEQ1dUFaYnJoRmVaMkRB?oc=5,2026-09-21 09:19:00,The Daily Jagran,"<a href=""https://news.google.com/rss/articles/CBMigwJBVV95cUxQQXhoaDhvWlJvcF9xaExiY3R4LUtBRUVudERNOEx5ejJOZTJVbFEzZG40OTNnbkkxT0E2dmttcmVhN3F3aVU3TC1rQTF3R1FRU3NHMXRjamF3VFVLblhMeXBQZTR3X0pUTHlNdVBIUWlTbTZxNENILU9YbkhPUmEyc0xFVzE4Vk1qUUNBNHZKek4zTEJvbTFXeFhiY1RIU3FxS0ZQZEo1ZUIydkVpa3RROVBHaFo0MjdORlNWSjJVOXhXNzBPMWhvLU1rMGRyT0xrRUdLRndzY3d6cnF0NUl2OTBKeHAxcHFGVkVLbGF5SDFpaFV4Ymc1cmFYTTgxRGpGNU9N0gGKAkFVX3lxTFB2YUwwdGhwUjRwQUtxTmV0cTlxTGI4OG15YmxKazBMbHVFcW5WVmt3RDVZX0tHZlYyQ1Y0LW5NeDA3T0RnQ1h6eUtYOTlLLXNtSzd5OTgyTTJOMm4zWUxSdGZzNFlXeHA1UUJQRV95Zng2Wklzd1JjNl85alY4UmNJVFlCbk9lQUwyT2RCcTNYdllDSzgtX2pDcUhCRk5xczRwWHB5YlNSVXdVcUFuRml2NXNDc0FhZ2VkNFFtNmNvRlJjcTVqa1Z2UDA2a0pPM3pjY2lUejRFQzlDLThTVGxITGZ2NHpBbnJpQ2NlbHhfaEY0R1Z3czFSSGdLVEQ1dUFaYnJoRmVaMkRB?oc=5"" target=""_blank"">Rain Hammers Keralam: Several Dead In Flash Floods, Landslides; 6 Districts On Alert For Heavy Showers</a>&nbsp;&nbsp;<font color=""#6f6f6f"">The Daily Jagran</font>",Monsoon,en
"Two dead, two missing after flash flood in Nilambur river - Daily Pioneer",https://news.google.com/rss/articles/CBMikgFBVV95cUxPaEtMT3Z0MEJjQWxxSm9ONUMzeEJBZ002em81XzM3U1ZfaUZZMWViemU2aS1rOG1xTDVDUG5MMTBjOGNCODNEdmxMOW9vb2RxSW5GRU02V0tLM1l2dFdfdFY4TDdWaks0QXdDQXJSMmlPSFFRdWZrUDBNY1V5aDEwc1gtdGZyUFk5bWVhVW5Hek5LZw?oc=5,2026-09-21 08:21:00,Daily Pioneer,"<a href=""https://news.google.com/rss/articles/CBMikgFBVV95cUxPaEtMT3Z0MEJjQWxxSm9ONUMzeEJBZ002em81XzM3U1ZfaUZZMWViemU2aS1rOG1xTDVDUG5MMTBjOGNCODNEdmxMOW9vb2RxSW5GRU02V0tLM1l2dFdfdFY4TDdWaks0QXdDQXJSMmlPSFFRdWZrUDBNY1V5aDEwc1gtdGZyUFk5bWVhVW5Hek5LZw?oc=5"" target=""_blank"">Two dead, two missing after flash flood in Nilambur river</a>&nbsp;&nbsp;<font color=""#6f6f6f"">Daily Pioneer</font>",Monsoon,en
"கேரளாவில் கனமழையால் நிலச்சரிவு, திடீர் வெள்ளம்; 5 பேர் பலி; 2 பேர் மாயம் - Dinamalar",https://news.google.com/rss/articles/CBMiwwFBVV95cUxQU2tKaktROHlHVER5cl9DTHdBTi1ncUVzRmcyeGJUNmpsMHM3eG9QTHNDM0M1NkJRbW9JWGI3ajA3Y0VTamJNcWgzanlnOHdGdmo2NVNSbnZiZ3d2VkdtZk14YUE1c1ExN1YzWHc1cnM0cGtiRTlwOURJckpydWhQODFMOEdzaWpTSGtJSjFYMU9aWmVvUFBsQXdvelh5aElqQUNCNTA0NGJuRGxVVUZwN0ttaUd4SlQ1TE1OdGttYVoxRVU?oc=5,2026-09-21 09:31:00,Dinamalar,"<a href=""https://news.google.com/rss/articles/CBMiwwFBVV95cUxQU2tKaktROHlHVER5cl9DTHdBTi1ncUVzRmcyeGJUNmpsMHM3eG9QTHNDM0M1NkJRbW9JWGI3ajA3Y0VTamJNcWgzanlnOHdGdmo2NVNSbnZiZ3d2VkdtZk14YUE1c1ExN1YzWHc1cnM0cGtiRTlwOURJckpydWhQODFMOEdzaWpTSGtJSjFYMU9aWmVvUFBsQXdvelh5aElqQUNCNTA0NGJuRGxVVUZwN0ttaUd4SlQ1TE1OdGttYVoxRVU?oc=5"" target=""_blank"">கேரளாவில் கனமழையால் நிலச்சரிவு, திடீர் வெள்ளம்; 5 பேர் பலி; 2 பேர் மாயம்</a>&nbsp;&nbsp;<font color=""#6f6f6f"">Dinamalar</font>",Monsoon,ta
கேரளாவில் தொடரும் கனமழை – இதுவரை 6 பேர் உயிரிழப்பு! - News7 Tamil,https://news.google.com/rss/articles/CBMifkFVX3lxTE40U0VONlRGampLbXRXLUpndFlMY3JKSHFTQlRaV2s1RllXRm5iY1N2ZWtJb2tIY3c0X296YXFETC1LYzJOY25uN1BRTXNSV19fSXlqcUcxNmZYSURqOUY0ckhTYUhmOXlVWUxxSHprNmZOaGtaeEllRTBJRWpWdw?oc=5,2026-09-21 08:43:01,News7 Tamil,"<a href=""https://news.google.com/rss/articles/CBMifkFVX3lxTE40U0VONlRGampLbXRXLUpndFlMY3JKSHFTQlRaV2s1RllXRm5iY1N2ZWtJb2tIY3c0X296YXFETC1LYzJOY25uN1BRTXNSV19fSXlqcUcxNmZYSURqOUY0ckhTYUhmOXlVWUxxSHprNmZOaGtaeEllRTBJRWpWdw?oc=5"" target=""_blank"">கேரளாவில் தொடரும் கனமழை – இதுவரை 6 பேர் உயிரிழப்பு!</a>&nbsp;&nbsp;<font color=""#6f6f6f"">News7 Tamil</font>",Monsoon,ta
BREAKING: கேரளா நிலச்சரிவில் சிக்கி சென்னை பெண் உட்பட 3 பேர் உயிரிழப்பு.. செப்.24 வரை கனமழை எச்சரிக்கை! - Dailyhunt,https://news.google.com/rss/articles/CBMi-gJBVV95cUxNZDB3ZUtzYmR0TDFtSl91R3J6UzFVbzBtVXBLVVA0Z29iVmlpSWgxRk16Y3lwaW9qWENfN2ZBLUg3NlhqVGNtWVFUakh1ejZwdDIzUEJ2dlluQldyQXVNUkVjcGxUeVBIQ3ZRNXZoTUNXRFdIYTY0YzNvODk2Tzl1Q1NsUXFLdlhHQ3l2Vl8tRzJZRmo2VFFCUGxsdUswTzhvU1lESW9mQlVybWFEa201YVQ3bGFOd0FuRUNXRnUwdnBFZGJJbGJ1QlBtbzhzMUltQmY2NXg5bURtc240S2VzSkhTb01LeHFORzBTb2JjX3p5aDJVbzRENi05RWUyTFVHN0tkc2RtMkpscEw2SkJZei1hb0Rxa013bXNMZXZtdkd3Wm5zcGk0SlBwWmUwSnFVWktreU5Hb0FmWFVPNWxaMkNtUnU0MDhTdGtEZUlscXZIbjc0amZHWTBzQ0prSFRhczFfa2FkRFN5RlpOTlJ1SE16RWgtWUJKeHc?oc=5,2026-09-21 06:19:17,Dailyhunt,"<a href=""https://news.google.com/rss/articles/CBMi-gJBVV95cUxNZDB3ZUtzYmR0TDFtSl91R3J6UzFVbzBtVXBLVVA0Z29iVmlpSWgxRk16Y3lwaW9qWENfN2ZBLUg3NlhqVGNtWVFUakh1ejZwdDIzUEJ2dlluQldyQXVNUkVjcGxUeVBIQ3ZRNXZoTUNXRFdIYTY0YzNvODk2Tzl1Q1NsUXFLdlhHQ3l2Vl8tRzJZRmo2VFFCUGxsdUswTzhvU1lESW9mQlVybWFEa201YVQ3bGFOd0FuRUNXRnUwdnBFZGJJbGJ1QlBtbzhzMUltQmY2NXg5bURtc240S2VzSkhTb01LeHFORzBTb2JjX3p5aDJVbzRENi05RWUyTFVHN0tkc2RtMkpscEw2SkJZei1hb0Rxa013bXNMZXZtdkd3Wm5zcGk0SlBwWmUwSnFVWktreU5Hb0FmWFVPNWxaMkNtUnU0MDhTdGtEZUlscXZIbjc0amZHWTBzQ0prSFRhczFfa2FkRFN5RlpOTlJ1SE16RWgtWUJKeHc?oc=5"" target=""_blank"">BREAKING: கேரளா நிலச்சரிவில் சிக்கி சென்னை பெண் உட்பட 3 பேர் உயிரிழப்பு.. செப்.24 வரை கனமழை எச்சரிக்கை!</a>&nbsp;&nbsp;<font color=""#6f6f6f"">Dailyhunt</font>",Monsoon,ta
﻿ கனமழையால் தோட்டத்தில் வெள்ளம் மலை காய்கறிகள் சேதம் - Dinamalar,https://news.google.com/rss/articles/CBMi4gFBVV95cUxOb0VXaXYxREZhSVJCNi13VWF4QTk4YWRRYVhFZkRXZjctMUxwU1lqVWpsUnBmUEZqdVBRWGZxSU93clBLdDllbUdVR2ROVXlNVjNfdUpHbHptRGtjdEJ4UlU1aHRLaUIwV1Y5NTdCVTBQVk9IMmRPeDN3V3ZzZ0tYZkFNQkZqQVNKRVZxR0pPOUVrWWdxMEpqQXV2UTlDLXRDemhBeFFjc21GaGFHNG1tcFg5TEs4TDJJQ2x6SXU2elY2cmZEUEZhZUlxbWNJVmJZMWZTU01Ka1J0MWJXZE1VMFdR?oc=5,2026-09-21 03:19:00,Dinamalar,"<a href=""https://news.google.com/rss/articles/CBMi4gFBVV95cUxOb0VXaXYxREZhSVJCNi13VWF4QTk4YWRRYVhFZkRXZjctMUxwU1lqVWpsUnBmUEZqdVBRWGZxSU93clBLdDllbUdVR2ROVXlNVjNfdUpHbHptRGtjdEJ4UlU1aHRLaUIwV1Y5NTdCVTBQVk9IMmRPeDN3V3ZzZ0tYZkFNQkZqQVNKRVZxR0pPOUVrWWdxMEpqQXV2UTlDLXRDemhBeFFjc21GaGFHNG1tcFg5TEs4TDJJQ2x6SXU2elY2cmZEUEZhZUlxbWNJVmJZMWZTU01Ka1J0MWJXZE1VMFdR?oc=5"" target=""_blank"">﻿ கனமழையால் தோட்டத்தில் வெள்ளம் மலை காய்கறிகள் சேதம்</a>&nbsp;&nbsp;<font color=""#6f6f6f"">Dinamalar</font>",Monsoon,ta
ராசிபுரத்தில் காற்றுடன் கனமழை சாலைகளில் மழைநீர் வெள்ளம் - Dinamalar,https://news.google.com/rss/articles/CBMi1gFBVV95cUxNVmdva1licTgyVmVQQ3FSeWR0aS1kYnF2c3hZS293dUc5dWFUbzZJN0FZcEdETXA2WTBBWkRSNkZ2VmdVZkNyYUhaZ1VuRVBlb3NjNDZOTjRKbW1mR3hnbWF6TlBaNlJKN3EyMmd5SWFCeEJYOXlBSVBQZDFaYXJhVHFPY1BhZThQMXp3YWU3aFI4TTJEYVYxUlIwd3VKanNCU1VJUHRvS2lhaXNuei00b1VtRUtucDZnd194bVNnNGhjZDFQUm4tNzVhR1RxMWNjeC02YzlR?oc=5,2026-09-21 06:12:03,Dinamalar,"<a href=""https://news.google.com/rss/articles/CBMi1gFBVV95cUxNVmdva1licTgyVmVQQ3FSeWR0aS1kYnF2c3hZS293dUc5dWFUbzZJN0FZcEdETXA2WTBBWkRSNkZ2VmdVZkNyYUhaZ1VuRVBlb3NjNDZOTjRKbW1mR3hnbWF6TlBaNlJKN3EyMmd5SWFCeEJYOXlBSVBQZDFaYXJhVHFPY1BhZThQMXp3YWU3aFI4TTJEYVYxUlIwd3VKanNCU1VJUHRvS2lhaXNuei00b1VtRUtucDZnd194bVNnNGhjZDFQUm4tNzVhR1RxMWNjeC02YzlR?oc=5"" target=""_blank"">ராசிபுரத்தில் காற்றுடன் கனமழை சாலைகளில் மழைநீர் வெள்ளம்</a>&nbsp;&nbsp;<font color=""#6f6f6f"">Dinamalar</font>",Monsoon,ta
